date,symbol,open,high,low,close,volume,amount
2025-07-21,STK0001,8.9822,9.2703,8.8495,9.1354,4549144,41558100.56
2025-07-22,STK0001,9.164,9.3514,8.5777,8.7568,3335639,29209445.93
2025-07-23,STK0001,8.7428,9.0042,8.5394,8.7994,3034954,26705890.29
2025-07-24,STK0001,8.7932,8.9772,8.5445,8.7271,4972316,43393832.68
2025-07-25,STK0001,8.7706,8.7956,8.4194,8.4435,5081114,42902184.47
2025-07-28,STK0001,8.3431,8.4313,8.1654,8.2526,6982405,57623028.68
2025-07-29,STK0001,8.1887,8.244,8.1631,8.2184,6572692,54016767.21
2025-07-30,STK0001,8.1456,8.385,8.1088,8.3474,4313294,36004633.53
2025-07-31,STK0001,8.2313,8.3756,8.0152,8.1582,2906318,23710370.33
2025-08-01,STK0001,8.1251,8.2776,7.9755,8.128,4063382,33027326.11
2025-08-04,STK0001,8.1647,8.3263,7.9498,8.1104,4930382,39987291.67
2025-08-05,STK0001,8.0965,8.2881,7.9192,8.1105,4179260,33895716.41
2025-08-06,STK0001,8.1201,8.4275,7.9658,8.2703,3744301,30966629.39
2025-08-07,STK0001,8.3246,8.5905,8.1546,8.4186,4970381,41843779.42
2025-08-08,STK0001,8.486,8.6851,8.4594,8.6581,3720191,32209719.43
2025-08-11,STK0001,8.6545,8.7185,8.5335,8.597,3506651,30146758.28
2025-08-12,STK0001,8.6671,8.8084,8.3797,8.5186,4797896,40871146.85
2025-08-13,STK0001,8.5233,8.7085,8.2592,8.4427,3740630,31580964.34
2025-08-14,STK0001,8.4004,8.5532,8.3827,8.5352,4670566,39864269.51
2025-08-15,STK0001,8.5048,8.6874,8.3871,8.5688,4694599,40227046.25
2025-08-18,STK0001,8.493,8.6423,8.2547,8.4024,2890087,24283614.98
2025-08-19,STK0001,8.3577,8.4118,8.3353,8.3893,3657393,30683042.78
2025-08-20,STK0001,8.3713,8.5927,8.2773,8.4973,7193283,61123394.71
2025-08-21,STK0001,8.5384,9.093,8.3454,8.8921,2913471,25906738.64
2025-08-22,STK0001,8.9843,9.343,8.8276,9.1828,2105359,19333069.26
2025-08-25,STK0001,9.107,9.1749,8.9651,9.0326,2230108,20143617.7
2025-08-26,STK0001,9.0539,9.2496,8.8303,9.0254,4299152,38801530.26
2025-08-27,STK0001,8.9692,9.059,8.7319,8.8201,4163463,36722307.17
2025-08-28,STK0001,8.8453,9.0366,8.5692,8.7586,3954694,34637597.82
2025-08-29,STK0001,8.7517,8.92,8.674,8.8415,6302611,55724847.7
2025-09-01,STK0001,8.745,9.3095,8.6087,9.1667,1642449,15055808.24
2025-09-02,STK0001,9.2179,9.3205,8.9333,9.0338,4894303,44214388.61
2025-09-03,STK0001,9.0011,9.076,8.8349,8.9091,7381967,65766512.05
2025-09-04,STK0001,8.8806,9.0794,8.3458,8.537,2858531,24403213.23
2025-09-05,STK0001,8.4824,8.6078,8.4288,8.5538,3741088,32000587.18
2025-09-08,STK0001,8.5203,8.554,8.4266,8.46,3257232,27556218.5
2025-09-09,STK0001,8.4818,8.5654,8.3,8.3827,3099832,25984958.02
2025-09-10,STK0001,8.3732,8.5281,8.065,8.217,3838069,31537549.23
2025-09-11,STK0001,8.2333,8.4026,8.0017,8.1697,7031601,57446148.94
2025-09-12,STK0001,8.1875,8.3919,7.7572,7.9559,8215027,65357618.77
2025-09-15,STK0001,8.0192,8.0899,7.724,7.7928,3878552,30224598.94
2025-09-16,STK0001,7.7767,8.2259,7.6882,8.1333,8377001,68132583.51
2025-09-17,STK0001,8.0615,8.103,7.8817,7.9225,4418406,35004708.72
2025-09-18,STK0001,7.9734,8.0947,7.6686,7.7871,8146575,63438162.02
2025-09-19,STK0001,7.7716,8.2644,7.5778,8.0633,4274555,34466894.76
2025-09-22,STK0001,8.1174,8.6711,7.9703,8.5167,4571174,38931478.98
2025-09-23,STK0001,8.5363,8.6703,8.2616,8.3933,4898494,41114614.94
2025-09-24,STK0001,8.3867,8.4792,8.2662,8.3583,13007753,108723297.45
2025-09-25,STK0001,8.3759,8.6494,8.1828,8.4545,5806835,49093923.16
2025-09-26,STK0001,8.5541,8.8519,8.4392,8.7346,3317491,28977094.85
2025-09-29,STK0001,8.8442,8.8892,8.5616,8.6054,6004224,51669014.68
2025-09-30,STK0001,8.609,8.7,8.5195,8.6104,3698940,31849464.26
2025-10-01,STK0001,8.6187,8.6927,8.5882,8.662,3526176,30543680.9
2025-10-02,STK0001,8.7181,8.7799,8.6602,8.7219,5761984,50255430.01
2025-10-03,STK0001,8.6778,8.6986,8.626,8.6468,4396585,38016561.02
2025-10-06,STK0001,8.6641,8.7718,8.494,8.6009,4696371,40392844.11
2025-10-07,STK0001,8.5995,8.7422,8.246,8.3851,4376562,36698012.13
2025-10-08,STK0001,8.4009,8.5198,8.3178,8.4363,4910720,41428526.8
2025-10-09,STK0001,8.3943,8.4922,8.2621,8.3597,5096337,42603621.07
2025-10-10,STK0001,8.2803,8.6579,8.0811,8.4544,2233613,18883930.27
2025-10-13,STK0001,8.3499,8.511,8.1318,8.2918,5593082,46376650.1
2025-10-14,STK0001,8.2364,8.4745,8.1175,8.3539,3133711,26178633.16
2025-10-15,STK0001,8.3309,8.5981,8.2597,8.5252,2726260,23241957.87
2025-10-16,STK0001,8.5102,8.7839,8.3176,8.5895,4394899,37749947.33
2025-10-17,STK0001,8.6899,8.756,8.6255,8.6917,4698604,40838654.35
2025-10-20,STK0001,8.7495,8.8354,8.6666,8.7524,3544791,31025327.6
2025-10-21,STK0001,8.702,8.9429,8.5026,8.7426,6038550,52792871.33
2025-10-22,STK0001,8.7609,8.8851,8.492,8.6141,2777252,23923565.92
2025-10-23,STK0001,8.5931,8.8853,8.4292,8.719,3879159,33822437.9
2025-10-24,STK0001,8.7041,8.8398,8.567,8.7026,3724824,32415661.96
2025-10-27,STK0001,8.7123,9.1275,8.5639,8.9747,4491828,40312734.14
2025-10-28,STK0001,9.0081,9.2588,8.928,9.1772,5018918,46059704.8
2025-10-29,STK0001,9.1586,9.2676,9.0894,9.1981,3145995,28937212.96
2025-10-30,STK0001,9.257,9.3442,9.0246,9.1104,5748576,52372077.43
2025-10-31,STK0001,9.0482,9.0987,8.8974,8.9472,4453152,39843425.9
2025-11-03,STK0001,8.9476,9.3935,8.7498,9.1903,2215963,20365373.59
2025-11-04,STK0001,9.3347,9.4141,9.1406,9.2191,2172249,20026134.35
2025-11-05,STK0001,9.2314,9.4571,9.0937,9.3182,4378663,40801090.41
2025-11-06,STK0001,9.3986,9.5886,8.8915,9.075,4245479,38527650.97
2025-11-07,STK0001,9.08,9.4044,8.8981,9.2197,4385035,40428885.61
2025-11-10,STK0001,9.2519,9.4446,9.1401,9.3318,4600340,42929670.89
2025-11-11,STK0001,9.3287,9.4495,9.001,9.1192,5045649,46012149.47
2025-11-12,STK0001,9.1099,9.3365,8.8065,9.0312,6481740,58538079.61
2025-11-13,STK0001,8.9891,9.221,8.8316,9.0622,3173750,28761265.41
2025-11-14,STK0001,9.0857,9.2741,8.8261,9.013,3109740,28028038.8
2025-11-17,STK0001,8.9671,9.2074,8.763,9.0025,3201828,28824445.36
2025-11-18,STK0001,9.0385,9.2203,8.7886,8.969,5162294,46300561.43
2025-11-19,STK0001,9.0276,9.0841,8.8826,8.9386,7064062,63142565.37
2025-11-20,STK0001,8.9582,9.1339,8.8245,8.9996,3838821,34547742.82
2025-11-21,STK0001,8.9841,9.317,8.9451,9.2767,1878245,17423925.49
2025-11-24,STK0001,9.302,9.4603,8.7526,8.9041,2472883,22018830.54
2025-11-25,STK0001,8.8876,9.1007,8.6575,8.8702,3324363,29487718.09
2025-11-26,STK0001,8.9201,9.0432,8.7618,8.8844,3661099,32526580.34
2025-11-27,STK0001,8.7873,9.0437,8.6822,8.9369,3903824,34887946.94
2025-11-28,STK0001,8.9189,8.9441,8.7688,8.7937,4577264,40250991.33
2025-12-01,STK0001,8.6893,8.8985,8.2489,8.4524,4009418,33889267.42
2025-12-02,STK0001,8.3769,8.4785,8.3403,8.4416,6575960,55511614.94
2025-12-03,STK0001,8.511,8.6889,8.4859,8.6634,3681180,31891557.88
2025-12-04,STK0001,8.7101,8.7768,8.3927,8.4575,3474486,29385350.82
2025-12-05,STK0001,8.421,8.5807,8.3915,8.5507,5637661,48206016.16
2025-12-08,STK0001,8.474,8.5951,8.3683,8.4893,2837767,24090586.35
2025-12-09,STK0001,8.3396,8.6766,8.2239,8.5579,5662332,48457783.94
2025-12-10,STK0001,8.5301,8.6084,8.3104,8.3875,5168325,43349392.87
2025-12-11,STK0001,8.5102,8.5372,8.3579,8.3845,4778016,40061090.05
2025-12-12,STK0001,8.4064,8.5812,8.368,8.5422,8840310,75515916.33
2025-12-15,STK0001,8.5136,8.724,8.4213,8.6304,4011610,34621714.54
2025-12-16,STK0001,8.6545,8.8906,8.6251,8.8605,10366510,91852934.11
2025-12-17,STK0001,8.7779,9.2041,8.6194,9.0408,4564175,41263815.55
2025-12-18,STK0001,9.0247,9.2321,8.9637,9.1701,3121345,28623061.82
2025-12-19,STK0001,9.1756,9.455,9.0935,9.3711,5100023,47792954.43
2025-12-22,STK0001,9.3663,9.586,9.2626,9.4811,3458001,32785716.49
2025-12-23,STK0001,9.5262,9.7597,9.4159,9.648,3961303,38218526.13
2025-12-24,STK0001,9.6679,9.6876,9.5518,9.5713,5897769,56449114.49
2025-12-25,STK0001,9.6097,9.6537,9.4633,9.5068,6127473,58252811.78
2025-12-26,STK0001,9.4676,9.6744,9.197,9.4024,4042905,38013027.15
2025-12-29,STK0001,9.4532,9.5693,9.434,9.55,7112434,67923483.18
2025-12-30,STK0001,9.6438,9.7758,9.2447,9.373,7557687,70838511.57
2025-12-31,STK0001,9.3186,9.6435,9.1951,9.5173,8475234,80661705.92
2026-01-01,STK0001,9.4668,9.6827,9.3753,9.5901,6136891,58853144.22
2026-01-02,STK0001,9.6672,9.9069,9.552,9.7902,8260658,80873111.97
2026-01-05,STK0001,9.7789,10.0677,9.5838,9.8707,2614820,25810165.46
2026-01-06,STK0001,9.9542,10.44,9.7417,10.2218,4549249,46501468.71
2026-01-07,STK0001,10.1947,10.4653,10.1132,10.3823,3754009,38975403.05
2026-01-08,STK0001,10.4734,10.572,10.0934,10.1893,5242288,53415382.79
2026-01-09,STK0001,10.1974,10.3186,10.1201,10.241,4102039,42009019.02
2026-01-12,STK0001,10.2569,10.3906,9.9291,10.0602,4714173,47425562.98
2026-01-13,STK0001,10.1551,10.335,9.8904,10.0688,9616090,96822222.53
2026-01-14,STK0001,10.0469,10.3555,9.9741,10.2809,4815523,49508079.23
2026-01-15,STK0001,10.223,10.4688,10.1248,10.3692,5897905,61156501.49
2026-01-16,STK0001,10.3413,10.5833,9.9529,10.1914,4687115,47768189.54
2026-01-19,STK0001,10.2191,10.2509,9.9623,9.9934,5058902,50555674.66
2026-01-20,STK0001,9.9,10.0494,9.7752,9.9244,4871210,48343762.26
2026-01-21,STK0001,9.9624,10.1454,9.5791,9.7583,5664417,55274905.85
2026-01-22,STK0001,9.7268,9.7799,9.5853,9.638,7205614,69447388.66
2026-01-23,STK0001,9.7046,9.7345,9.5843,9.614,8708646,83724690.01
2026-01-26,STK0001,9.4769,9.815,9.4278,9.7644,5439142,53109947.6
2026-01-27,STK0001,9.7184,10.1308,9.4936,9.9018,6116086,60560119.84
2026-01-28,STK0001,9.8021,9.8238,9.5404,9.5616,3329106,31831558.93
2026-01-29,STK0001,9.5143,9.8065,9.4541,9.7448,4832230,47089297.92
2026-01-30,STK0001,9.7593,9.9739,9.7328,9.9468,6915978,68792148.18
2026-02-02,STK0001,9.9362,10.1035,9.891,10.0578,6738780,67777251.82
2026-02-03,STK0001,10.0425,10.4695,9.8792,10.3019,5499379,56654232.08
2026-02-04,STK0001,10.2921,10.3699,9.7316,9.8057,6726235,65955470.94
2026-02-05,STK0001,9.8177,9.9658,9.5816,9.7284,5683248,55289081.95
2026-02-06,STK0001,9.6697,9.9457,9.5191,9.7931,7226206,70767206.87
2026-02-09,STK0001,9.8348,10.0466,9.299,9.5037,5254583,49938101.33
2026-02-10,STK0001,9.5416,9.7533,9.5215,9.7327,4236265,41230455.73
2026-02-11,STK0001,9.7552,10.0112,9.5443,9.7993,5434770,53256767.26
2026-02-12,STK0001,9.832,10.1895,9.6724,10.0267,1722541,17271370.77
2026-02-13,STK0001,10.0445,10.1022,9.8873,9.9444,5577857,55468528.5
2026-02-16,STK0001,10.0666,10.2915,9.8675,10.0919,1381684,13943769.45
2026-02-17,STK0001,10.0866,10.4543,9.868,10.2325,2717728,27809092.79
2026-02-18,STK0001,10.2136,10.2938,10.0997,10.1795,5903630,60096266.27
2026-02-19,STK0001,10.1336,10.4385,9.8992,10.2025,5981512,61026086.41
2026-02-20,STK0001,10.1395,10.3874,10.0132,10.2596,3340985,34277331.23
2026-02-23,STK0001,10.1833,10.3865,10.0216,10.2242,3952496,40411089.79
2026-02-24,STK0001,10.1698,10.468,9.9192,10.2162,8206542,83839530.58
2026-02-25,STK0001,10.2119,10.3675,10.1065,10.2616,4288134,44003271.09
2026-02-26,STK0001,10.2822,10.525,10.0694,10.3115,11385935,117406208.44
2026-02-27,STK0001,10.3147,10.5298,10.2185,10.4326,5002419,52188048.06
2026-03-02,STK0001,10.3848,10.5964,9.9775,10.1851,5652743,57573558.28
2026-03-03,STK0001,10.2402,10.4022,9.9669,10.1271,8477608,85853303.97
2026-03-04,STK0001,10.1721,10.6244,10.1011,10.5508,5012490,52885886.48
2026-03-05,STK0001,10.5407,10.6622,10.2489,10.3684,3358296,34820033.22
2026-03-06,STK0001,10.3278,10.4239,10.1848,10.2805,4487248,46130942.66
2026-03-09,STK0001,10.3143,10.3535,10.2319,10.2709,4537622,46605603.32
2026-03-10,STK0001,10.2825,10.5283,10.2549,10.5001,2813121,29537982.73
2026-03-11,STK0001,10.4092,10.6437,10.3055,10.5386,4302836,45345970.21
2026-03-12,STK0001,10.5343,10.821,10.5086,10.7947,3728756,40250652.08
2026-03-13,STK0001,10.8116,11.035,10.7489,10.9713,6640524,72854929.98
2026-03-16,STK0001,10.9122,11.3126,10.7084,11.1052,4837151,53717371.1
2026-03-17,STK0001,11.1178,11.4655,10.9145,11.2596,4254577,47904994.99
2026-03-18,STK0001,11.1618,11.9431,10.9498,11.7206,4398168,51549063.48
2026-03-19,STK0001,11.8149,11.9247,11.493,11.6008,4926808,57154894.26
2026-03-20,STK0001,11.688,11.9506,10.8632,11.1129,5570673,61906221.36
2026-03-23,STK0001,11.0961,11.6424,10.9223,11.4629,3159642,36218693.25
2026-03-24,STK0001,11.4879,11.5498,11.4317,11.4935,3039823,34938136.86
2026-03-25,STK0001,11.3285,11.6008,11.2684,11.5395,6369768,73504110.67
2026-03-26,STK0001,11.4597,12.0306,11.2541,11.8185,3754056,44367497.75
2026-03-27,STK0001,11.7977,11.8683,11.4464,11.5152,2655819,30582372.01
2026-03-30,STK0001,11.4414,11.5978,11.2074,11.3628,5125584,58240735.96
2026-03-31,STK0001,11.4116,11.6947,10.7922,11.0667,5059573,55992993.98
2026-04-01,STK0001,11.2002,11.2236,10.8705,10.8933,2550202,27780128.3
2026-04-02,STK0001,10.8167,11.0939,10.7909,11.0675,4665702,51637849.71
2026-04-03,STK0001,11.0121,11.4928,10.7385,11.2142,5623008,63057729.18
2026-04-06,STK0001,11.2301,11.5665,11.0566,11.3906,4954461,56434278.38
2026-04-07,STK0001,11.5012,11.5578,11.0743,11.1291,5311110,59107690.58
2026-04-08,STK0001,11.0477,11.2978,10.3658,10.6059,2591845,27488728.86
2026-04-09,STK0001,10.6217,10.858,10.3028,10.5373,4783674,50406769.86
2026-04-10,STK0001,10.653,10.8057,10.4159,10.5674,3867554,40869999.71
2026-04-13,STK0001,10.4632,10.9574,10.2926,10.7817,3623527,39067603.2
2026-04-14,STK0001,10.6991,11.0085,10.6105,10.9181,5954192,65008435.37
2026-04-15,STK0001,10.8904,10.9653,10.8559,10.9308,7480202,81764316.51
2026-04-16,STK0001,10.8967,11.3701,10.7259,11.1946,8320260,93142017.14
2026-04-17,STK0001,11.2493,11.3481,11.0773,11.1754,7114241,79504678.5
2026-04-20,STK0001,11.1916,11.4256,10.9984,11.2317,4448272,49961721.53
2026-04-21,STK0001,11.1127,11.3832,10.8768,11.1465,5385887,60033850.87
2026-04-22,STK0001,11.181,11.2081,11.0682,11.095,6112268,67815552.05
2026-04-23,STK0001,11.0566,11.3208,10.883,11.1458,4808688,53596702.13
2026-04-24,STK0001,11.2314,11.3949,11.1492,11.3121,4933522,55808532.25
2025-07-21,STK0002,15.1208,15.4808,14.9277,15.2856,972739,14868916.95
2025-07-22,STK0002,15.2406,15.3414,15.0327,15.1328,1048891,15872657.33
2025-07-23,STK0002,15.0802,15.1746,14.9442,15.0384,1199748,18042330.3
2025-07-24,STK0002,15.1012,15.2925,14.7705,14.96,1406184,21036480.88
2025-07-25,STK0002,14.983,15.1127,14.4213,14.5472,1089786,15853376.59
2025-07-28,STK0002,14.6042,14.9008,13.8855,14.1734,1054357,14943793.51
2025-07-29,STK0002,14.1726,15.116,13.8484,14.778,1230672,18186862.31
2025-07-30,STK0002,14.8236,15.1269,14.5143,14.8175,618632,9166599.91
2025-07-31,STK0002,14.7803,15.1721,14.6603,15.0499,1429931,21520377.08
2025-08-01,STK0002,15.2526,15.3793,14.6942,14.8173,1189821,17629877.14
2025-08-04,STK0002,14.6785,14.9799,14.5632,14.8631,1228415,18258087.74
2025-08-05,STK0002,14.976,15.0525,14.6814,14.7568,1711678,25258859.3
2025-08-06,STK0002,14.8784,15.2311,13.7386,14.0723,605781,8524705.7
2025-08-07,STK0002,14.0005,14.158,13.6866,13.8423,617587,8548835.44
2025-08-08,STK0002,14.0287,14.1293,13.3463,13.4427,1369739,18412975.69
2025-08-11,STK0002,13.5232,13.8136,12.546,12.8214,1241282,15914932.57
2025-08-12,STK0002,12.8963,13.0405,12.4397,12.5804,1352630,17016614.56
2025-08-13,STK0002,12.5825,12.8226,12.5472,12.7867,1086687,13895099.06
2025-08-14,STK0002,12.77,12.9325,12.6969,12.8589,1611203,20718252.84
2025-08-15,STK0002,12.8427,13.3722,12.6282,13.1525,1752382,23048223.76
2025-08-18,STK0002,13.1834,13.4926,12.9196,13.2279,1510853,19985437.81
2025-08-19,STK0002,13.3396,13.4339,13.2482,13.3424,1172501,15644027.3
2025-08-20,STK0002,13.357,13.6655,12.9412,13.2473,614441,8139656.59
2025-08-21,STK0002,13.175,13.6415,12.8908,13.3534,1662018,22193612.78
2025-08-22,STK0002,13.4196,13.772,13.1309,13.4819,1951023,26303563.04
2025-08-25,STK0002,13.5567,13.6548,13.2071,13.3033,1592488,21185383.06
2025-08-26,STK0002,13.3557,13.5317,13.3134,13.489,915600,12350548.04
2025-08-27,STK0002,13.5495,13.9614,13.2521,13.6615,1542571,21073903.81
2025-08-28,STK0002,13.6394,13.7626,13.4435,13.5661,1660776,22530191.3
2025-08-29,STK0002,13.4907,13.7097,13.1183,13.3348,2039403,27195045.68
2025-09-01,STK0002,13.2655,13.5239,13.0066,13.265,872418,11572656.58
2025-09-02,STK0002,13.1355,13.3065,13.0705,13.241,1087327,14397291.43
2025-09-03,STK0002,13.2598,13.5284,12.9952,13.2636,1559165,20680180.89
2025-09-04,STK0002,13.257,13.5697,12.6849,12.9913,1215671,15793163.92
2025-09-05,STK0002,12.9571,13.3,12.7141,13.0552,813858,10625098.62
2025-09-08,STK0002,12.8257,13.4621,12.6699,13.3005,1383003,18394611.84
2025-09-09,STK0002,13.2013,13.7317,12.9087,13.434,1467235,19710821.77
2025-09-10,STK0002,13.5246,13.9165,13.3335,13.7226,1249430,17145388.16
2025-09-11,STK0002,13.668,14.2167,13.4065,13.9498,1299288,18124837.66
2025-09-12,STK0002,13.98,14.2718,13.4778,13.7651,1115567,15355892.58
2025-09-15,STK0002,13.6507,14.5399,13.3881,14.2655,2018597,28796204.46
2025-09-16,STK0002,14.3891,14.5132,14.0623,14.1846,881775,12507621.61
2025-09-17,STK0002,14.1723,14.4445,14.1056,14.3768,997704,14343800.35
2025-09-18,STK0002,14.4019,14.5239,14.2941,14.416,1242355,17909828.37
2025-09-19,STK0002,14.6186,14.8169,14.1241,14.3183,1732464,24806023.66
2025-09-22,STK0002,14.4492,14.646,13.6903,13.8793,745558,10347850.42
2025-09-23,STK0002,13.8538,14.1395,13.6405,13.9251,779711,10857528.93
2025-09-24,STK0002,13.8756,14.0294,13.4088,13.5591,595503,8074478.1
2025-09-25,STK0002,13.5326,14.1438,13.2606,13.8651,1241359,17211610.66
2025-09-26,STK0002,13.9076,14.5802,13.5877,14.2524,835960,11914429.49
2025-09-29,STK0002,14.2434,14.3527,13.9686,14.0766,1082392,15236424.89
2025-09-30,STK0002,14.0433,14.4871,13.7773,14.2178,1534806,21821606.96
2025-10-01,STK0002,14.3435,14.5959,13.6304,13.8745,984014,13652696.8
2025-10-02,STK0002,13.865,14.0595,13.4893,13.6813,1311279,17940005.12
2025-10-03,STK0002,13.8714,13.9593,13.7324,13.8199,1108126,15314227.17
2025-10-06,STK0002,13.8275,14.108,13.4607,13.7395,1625052,22327374.52
2025-10-07,STK0002,13.8875,14.4837,13.5528,14.143,1525148,21570122.72
2025-10-08,STK0002,14.1733,14.4415,13.9097,14.1777,1022618,14498396.62
2025-10-09,STK0002,14.2599,14.6675,13.9303,14.3361,1219112,17477367.6
2025-10-10,STK0002,14.274,14.8202,13.9223,14.4639,1813589,26231521.75
2025-10-13,STK0002,14.39,14.6277,14.2447,14.4815,1431379,20728447.02
2025-10-14,STK0002,14.5215,14.7637,14.0859,14.3248,752485,10779220.12
2025-10-15,STK0002,14.41,14.5959,14.1412,14.326,1510324,21636845.97
2025-10-16,STK0002,14.3294,14.7109,13.9756,14.3564,842889,12100857.69
2025-10-17,STK0002,14.246,14.3053,14.156,14.2151,2028235,28831506.29
2025-10-20,STK0002,14.0995,14.6351,13.9376,14.4689,1780539,25762460.1
2025-10-21,STK0002,14.3455,14.9195,14.028,14.5964,1370679,20006995.36
2025-10-22,STK0002,14.4424,14.8227,14.3192,14.6973,1305107,19181511.56
2025-10-23,STK0002,14.7069,15.5106,14.411,15.2047,1164813,17710591.46
2025-10-24,STK0002,15.3076,15.7479,15.1423,15.5796,1588388,24746402.73
2025-10-27,STK0002,15.5783,15.9606,14.9448,15.3208,1108962,16990136.95
2025-10-28,STK0002,15.1144,15.6283,14.777,15.2871,1367120,20899250.61
2025-10-29,STK0002,15.2696,15.4059,14.8727,15.0067,1699445,25503067.07
2025-10-30,STK0002,14.9921,15.363,14.6965,15.066,1007416,15177717.31
2025-10-31,STK0002,15.2567,15.4054,14.771,14.9164,959529,14312704.36
2025-11-03,STK0002,14.7865,15.6808,14.5508,15.4347,780674,12049476.21
2025-11-04,STK0002,15.3986,15.7468,15.1346,15.4813,817678,12658749.28
2025-11-05,STK0002,15.6406,15.9703,15.1098,15.4352,613882,9475383.09
2025-11-06,STK0002,15.4769,15.8822,15.4373,15.8416,1502168,23796688.45
2025-11-07,STK0002,15.8952,16.0075,15.0872,15.1945,2193275,33325778.61
2025-11-10,STK0002,15.205,15.4844,14.4306,14.7007,1856700,27294807.79
2025-11-11,STK0002,14.7298,15.0556,14.5095,14.8337,629442,9336942.54
2025-11-12,STK0002,14.9031,15.1027,14.6064,14.8048,1441980,21348162.91
2025-11-13,STK0002,14.733,14.8729,14.6849,14.8244,1851250,27443648.93
2025-11-14,STK0002,14.9027,15.0519,14.1958,14.3393,942645,13516880.07
2025-11-17,STK0002,14.2217,14.6977,13.9103,14.3828,1148781,16522657.31
2025-11-18,STK0002,14.4111,14.8939,14.3721,14.8536,557534,8281390.9
2025-11-19,STK0002,14.8695,15.2406,14.7042,15.073,1250502,18848779.58
2025-11-20,STK0002,15.0173,15.5307,14.6608,15.1705,783889,11892014.19
2025-11-21,STK0002,15.1685,15.2166,15.0505,15.0984,1211199,18287154.16
2025-11-24,STK0002,15.0421,15.3536,14.7526,15.0638,647833,9758797.6
2025-11-25,STK0002,14.9672,15.0858,14.3678,14.4825,1362493,19732364.9
2025-11-26,STK0002,14.4518,14.817,14.1349,14.499,1617403,23450772.4
2025-11-27,STK0002,14.4033,14.9902,14.1273,14.7084,867248,12755867.1
2025-11-28,STK0002,14.737,15.0666,13.7948,14.1105,767772,10833623.57
2025-12-01,STK0002,14.0134,14.1111,13.6906,13.7867,544076,7500985.97
2025-12-02,STK0002,13.8457,14.0426,13.1732,13.3632,1055608,14106303.73
2025-12-03,STK0002,13.2688,13.5332,12.7703,13.0299,956546,12463738.19
2025-12-04,STK0002,12.9857,13.1789,12.8864,13.0788,690277,9027988.85
2025-12-05,STK0002,13.0299,13.1251,12.4157,12.5071,1375315,17201162.0
2025-12-08,STK0002,12.6069,12.64,12.5732,12.6063,975812,12301363.21
2025-12-09,STK0002,12.6313,13.2126,12.3276,12.9023,802237,10350709.2
2025-12-10,STK0002,12.8859,13.1221,12.5711,12.8058,966481,12376558.41
2025-12-11,STK0002,12.8442,13.0576,12.1077,12.3123,1664036,20488159.83
2025-12-12,STK0002,12.1576,12.39,11.775,12.0044,1397395,16774874.47
2025-12-15,STK0002,12.0013,12.4255,11.8305,12.2512,1093792,13400303.46
2025-12-16,STK0002,12.399,12.5595,11.4166,11.5664,1415739,16375006.46
2025-12-17,STK0002,11.5756,11.7184,11.3201,11.4615,753493,8636146.53
2025-12-18,STK0002,11.4662,11.658,11.1008,11.2897,1168390,13190792.14
2025-12-19,STK0002,11.3269,11.4021,11.2264,11.3014,1197398,13532266.44
2025-12-22,STK0002,11.3623,11.6171,10.9478,11.1989,953298,10675912.35
2025-12-23,STK0002,11.0655,11.5316,10.8368,11.2981,1312845,14832617.35
2025-12-24,STK0002,11.1846,11.473,11.0723,11.359,862855,9801136.75
2025-12-25,STK0002,11.3733,11.7864,11.1992,11.6087,1365507,15851785.63
2025-12-26,STK0002,11.559,11.6303,11.4984,11.5696,1404818,16253217.81
2025-12-29,STK0002,11.6611,11.9452,11.3155,11.5981,418419,4852868.08
2025-12-30,STK0002,11.5762,11.8397,11.0517,11.3092,1774793,20071466.17
2025-12-31,STK0002,11.1787,11.821,10.9193,11.5529,401124,4634157.24
2026-01-01,STK0002,11.4654,11.644,11.3548,11.5329,940364,10845077.1
2026-01-02,STK0002,11.3441,11.4602,11.2773,11.3931,1672992,19060591.8
2026-01-05,STK0002,11.3771,11.4553,11.2193,11.2969,1049084,11851415.57
2026-01-06,STK0002,11.2842,11.3301,10.9508,10.9956,709916,7805952.2
2026-01-07,STK0002,10.9676,11.1092,10.9154,11.0565,815524,9016862.57
2026-01-08,STK0002,11.1283,11.4063,11.0878,11.365,1714230,19482139.66
2026-01-09,STK0002,11.447,11.7796,11.1635,11.4949,603435,6936453.45
2026-01-12,STK0002,11.4832,11.5257,11.1568,11.1983,1756937,19674658.37
2026-01-13,STK0002,11.0558,11.3527,10.9999,11.2957,1160347,13106957.36
2026-01-14,STK0002,11.3376,11.5797,11.0992,11.3412,781581,8864055.2
2026-01-15,STK0002,11.379,11.5537,10.7405,10.9079,999910,10906901.53
2026-01-16,STK0002,10.9282,11.1447,10.4102,10.6207,852242,9051366.25
2026-01-19,STK0002,10.6834,10.9322,10.507,10.7546,1658074,17831926.8
2026-01-20,STK0002,10.6797,10.9295,10.4417,10.6912,1607781,17189127.09
2026-01-21,STK0002,10.8208,11.0014,10.6396,10.8202,682678,7386697.01
2026-01-22,STK0002,10.7581,11.3229,10.6074,11.1665,1120512,12512190.19
2026-01-23,STK0002,11.2168,11.4231,10.9276,11.1324,948624,10560465.31
2026-01-26,STK0002,11.0203,11.3124,10.8848,11.175,2027821,22661000.04
2026-01-27,STK0002,11.1128,11.8759,11.0022,11.7588,794308,9340075.15
2026-01-28,STK0002,11.8662,12.0176,11.6352,11.7855,2222114,26188815.33
2026-01-29,STK0002,11.7671,11.8622,11.6976,11.7926,1257417,14828246.65
2026-01-30,STK0002,11.8522,12.3945,11.6114,12.1476,857898,10421429.8
2026-02-02,STK0002,12.1649,12.3776,12.0676,12.2795,1021373,12541899.37
2026-02-03,STK0002,12.2717,12.3396,12.0021,12.0688,996520,12026834.86
2026-02-04,STK0002,12.168,12.2613,11.563,11.6523,843276,9826139.74
2026-02-05,STK0002,11.6358,12.4286,11.3872,12.1686,1355083,16489418.88
2026-02-06,STK0002,12.0392,12.2781,11.9237,12.1614,888218,10801972.21
2026-02-09,STK0002,12.1029,12.3181,11.7483,11.9609,640195,7657333.74
2026-02-10,STK0002,12.0006,12.3624,11.7402,12.0998,1189422,14391823.39
2026-02-11,STK0002,12.1286,12.1745,12.0142,12.0599,715295,8626365.33
2026-02-12,STK0002,11.947,12.337,11.7129,12.0999,1018717,12326329.23
2026-02-13,STK0002,12.0474,12.3453,11.938,12.2343,977910,11964027.56
2026-02-16,STK0002,12.1917,12.2768,11.852,11.9354,985563,11763072.63
2026-02-17,STK0002,11.9092,12.1262,11.6967,11.9136,2698324,32146830.81
2026-02-18,STK0002,11.8157,12.4502,11.5448,12.1712,1364905,16612478.7
2026-02-19,STK0002,12.1254,12.3324,12.0188,12.225,1474314,18023431.51
2026-02-20,STK0002,12.1716,12.3552,11.9512,12.1342,717396,8705020.27
2026-02-23,STK0002,12.1905,12.2961,12.0783,12.1839,1045600,12739499.86
2026-02-24,STK0002,12.2432,12.4238,11.9245,12.103,1422191,17212784.06
2026-02-25,STK0002,12.0924,12.333,11.8953,12.1352,929854,11283952.72
2026-02-26,STK0002,12.1067,12.3008,11.8114,12.0039,1837980,22062871.92
2026-02-27,STK0002,12.014,12.288,11.8176,12.0904,867413,10487373.09
2026-03-02,STK0002,12.0313,12.0928,11.5705,11.6299,1207603,14044321.25
2026-03-03,STK0002,11.5502,11.9542,11.3428,11.7434,1075289,12627573.7
2026-03-04,STK0002,11.6774,12.0588,11.4728,11.8512,1387352,16441747.86
2026-03-05,STK0002,11.8061,12.0639,11.5972,11.8541,1032057,12234119.92
2026-03-06,STK0002,11.7716,11.8152,11.6442,11.6874,1197732,13998430.91
2026-03-09,STK0002,11.6988,12.0309,11.5552,11.8849,1223969,14546793.74
2026-03-10,STK0002,11.9371,12.3774,11.8009,12.2378,1037468,12696328.44
2026-03-11,STK0002,12.1218,12.5341,12.0734,12.4843,1619812,20222154.12
2026-03-12,STK0002,12.4861,12.575,12.0444,12.1307,1549842,18800632.27
2026-03-13,STK0002,12.1147,12.4553,11.9676,12.3059,1347248,16579121.43
2026-03-16,STK0002,12.3312,12.5665,12.0955,12.3308,1182159,14576986.03
2026-03-17,STK0002,12.3299,12.4217,11.9276,12.0172,1799576,21625871.54
2026-03-18,STK0002,11.9129,12.2194,11.6617,11.9671,1237949,14814645.17
2026-03-19,STK0002,11.8768,12.1042,11.7039,11.9305,1188260,14176576.85
2026-03-20,STK0002,11.9326,12.1652,11.6979,11.9304,1366129,16298474.19
2026-03-23,STK0002,12.0043,12.1588,11.8269,11.9811,2341744,28056577.87
2026-03-24,STK0002,11.8229,12.351,11.6636,12.1867,813012,9907939.99
2026-03-25,STK0002,12.212,12.7298,12.0135,12.5262,1702915,21331021.27
2026-03-26,STK0002,12.6159,13.0892,12.3214,12.7906,675364,8638339.78
2026-03-27,STK0002,12.7789,12.949,12.0085,12.1705,1424425,17335998.51
2026-03-30,STK0002,12.2108,12.3921,12.0379,12.219,2311848,28248585.1
2026-03-31,STK0002,12.1676,12.3933,11.9748,12.2,1571768,19175562.89
2026-04-01,STK0002,12.1913,12.4224,11.5576,11.781,1451653,17101995.93
2026-04-02,STK0002,11.667,11.9413,11.6244,11.8978,1127884,13419385.59
2026-04-03,STK0002,11.7317,12.374,11.569,12.2049,1349089,16465457.79
2026-04-06,STK0002,12.2741,12.4346,11.948,12.1063,1203586,14570928.01
2026-04-07,STK0002,12.0349,12.4764,11.7557,12.1935,972707,11860731.83
2026-04-08,STK0002,12.1602,12.3226,11.7208,11.8794,1157455,13749907.67
2026-04-09,STK0002,11.781,11.9315,11.4633,11.6116,1370652,15915479.74
2026-04-10,STK0002,11.5138,12.3637,11.236,12.0724,970737,11719142.77
2026-04-13,STK0002,12.0598,12.2598,11.9107,12.1101,986879,11951167.54
2026-04-14,STK0002,12.0572,12.2663,11.9829,12.1912,819664,9992709.19
2026-04-15,STK0002,12.2189,12.3043,11.6677,11.7499,1529392,17970130.15
2026-04-16,STK0002,11.7818,12.3348,11.7324,12.2833,1592036,19555470.83
2026-04-17,STK0002,12.307,12.3343,12.2822,12.3095,1405291,17298455.1
2026-04-20,STK0002,12.3272,12.4743,12.037,12.1824,1817615,22142890.58
2026-04-21,STK0002,12.2983,12.61,12.0561,12.3665,1340529,16577608.55
2026-04-22,STK0002,12.2875,12.5194,11.7903,12.0171,1450154,17426648.62
2026-04-23,STK0002,12.0131,12.3055,11.9802,12.2718,1402287,17208633.71
2026-04-24,STK0002,12.3555,12.5422,11.9979,12.182,1221321,14878104.09
2025-07-21,STK0003,36.1591,36.9306,35.1555,35.922,2237990,80393001.49
2025-07-22,STK0003,35.9826,36.3828,35.2797,35.6765,3030353,108112326.38
2025-07-23,STK0003,35.5275,36.69,35.1344,36.2885,1969430,71467668.41
2025-07-24,STK0003,36.1005,37.572,35.824,37.2865,2295294,85583483.39
2025-07-25,STK0003,36.9197,37.411,36.0176,36.5034,3566101,130174716.78
2025-07-28,STK0003,36.5671,37.318,35.0864,35.822,3552069,127242171.38
2025-07-29,STK0003,35.7459,36.9593,34.9384,36.1429,1812391,65505070.63
2025-07-30,STK0003,35.6321,36.5799,35.5034,36.4482,1886835,68771717.78
2025-07-31,STK0003,36.3312,36.8842,35.609,36.1594,2625951,94952759.33
2025-08-01,STK0003,35.9644,36.8872,35.506,36.4229,4490385,163552836.96
2025-08-04,STK0003,36.7689,37.94,36.1758,37.3378,1275386,47620090.74
2025-08-05,STK0003,36.9583,38.9319,36.5041,38.4594,2737534,105283849.62
2025-08-06,STK0003,38.1282,40.1754,37.7024,39.7317,1551342,61637411.87
2025-08-07,STK0003,39.9972,40.5113,38.9709,39.4783,2083640,82258628.59
2025-08-08,STK0003,39.801,40.4134,39.0292,39.6391,2277967,90296527.72
2025-08-11,STK0003,39.4623,39.9959,38.8375,39.3699,2219625,87386436.01
2025-08-12,STK0003,39.2209,39.9257,38.7165,39.4188,2137138,84243501.51
2025-08-13,STK0003,39.5649,40.3882,37.8525,38.657,2621187,101327178.82
2025-08-14,STK0003,38.121,38.851,37.1818,37.9077,2149563,81485068.72
2025-08-15,STK0003,37.4868,38.3294,37.1175,37.9555,1539226,58422027.12
2025-08-18,STK0003,37.8916,38.6651,36.6146,37.3776,3427914,128127159.27
2025-08-19,STK0003,37.7268,38.543,36.4225,37.2279,3415017,127133887.23
2025-08-20,STK0003,37.1307,37.336,36.8626,37.0676,3418211,126704739.06
2025-08-21,STK0003,37.09,37.6613,35.7361,36.2952,1456983,52881426.59
2025-08-22,STK0003,36.5429,36.8558,36.0103,36.3212,2837051,103045213.56
2025-08-25,STK0003,36.7833,37.4822,35.6254,36.3154,3256866,118274440.77
2025-08-26,STK0003,36.1899,37.1319,35.9188,36.8558,1771487,65289496.34
2025-08-27,STK0003,36.852,39.1198,36.2093,38.4492,2543127,97781191.15
2025-08-28,STK0003,38.8718,39.1777,38.4668,38.7719,2434372,94385196.82
2025-08-29,STK0003,38.4194,39.7895,37.8909,39.2496,4885009,191734592.65
2025-09-01,STK0003,39.4923,40.433,38.2413,39.1744,4926447,192990698.54
2025-09-02,STK0003,38.9358,39.3551,37.7396,38.1505,1385284,52849312.54
2025-09-03,STK0003,38.174,39.9547,37.3287,39.0892,5961958,233048241.68
2025-09-04,STK0003,39.0324,39.9964,37.2469,38.1902,1805248,68942761.88
2025-09-05,STK0003,37.9713,38.8113,36.8348,37.6681,3535450,133173621.0
2025-09-08,STK0003,37.4465,38.2109,37.2288,37.99,3458505,131388506.3
2025-09-09,STK0003,38.053,38.8465,37.1028,37.893,1747223,66207494.9
2025-09-10,STK0003,38.12,38.2244,36.926,37.0275,2990787,110741298.52
2025-09-11,STK0003,36.9987,37.4074,36.1736,36.5777,2441367,89299530.11
2025-09-12,STK0003,36.5931,38.4232,35.787,37.5951,3084216,115951540.62
2025-09-15,STK0003,37.7242,38.3973,36.6139,37.279,2749939,102515096.66
2025-09-16,STK0003,37.0624,37.5906,35.9965,36.5169,3807755,139047558.06
2025-09-17,STK0003,36.6794,37.3439,36.2788,36.9405,2569293,94910911.44
2025-09-18,STK0003,37.1225,38.1122,36.3547,37.3399,2404593,89787194.42
2025-09-19,STK0003,37.9278,38.6226,36.2831,36.9602,3735843,138077582.13
2025-09-22,STK0003,36.8769,37.348,35.5269,35.9866,3077577,110751426.21
2025-09-23,STK0003,35.8878,36.6962,34.9552,35.7608,3221203,115192885.15
2025-09-24,STK0003,35.9262,36.1881,35.5299,35.7908,1981844,70931786.75
2025-09-25,STK0003,35.9671,36.9703,35.7542,36.7527,1724933,63395977.98
2025-09-26,STK0003,36.6349,37.2498,35.4873,36.0931,2053626,74121804.85
2025-09-29,STK0003,36.0059,37.0031,35.129,36.1233,2031684,73391180.39
2025-09-30,STK0003,36.2408,37.0363,35.9622,36.7538,3369138,123828644.8
2025-10-01,STK0003,36.5718,36.8549,34.5259,34.7953,3678243,127985521.9
2025-10-02,STK0003,34.7097,35.5405,34.5289,35.3564,2513014,88851009.26
2025-10-03,STK0003,35.3754,36.1463,33.7276,34.479,4317112,148849908.75
2025-10-06,STK0003,34.6857,34.9357,34.2565,34.5052,4166916,143780280.17
2025-10-07,STK0003,34.3803,35.0503,33.9136,34.5809,2807417,97083041.04
2025-10-08,STK0003,34.2007,36.5804,33.3529,35.6955,1920615,68557311.89
2025-10-09,STK0003,35.2874,35.8788,35.2069,35.7972,4369352,156410785.15
2025-10-10,STK0003,35.5278,36.0535,34.0582,34.5698,2447951,84625223.65
2025-10-13,STK0003,34.2985,34.7712,33.1564,33.6198,2595158,87248723.78
2025-10-14,STK0003,33.5886,34.3029,32.8977,33.6115,2182673,73362821.58
2025-10-15,STK0003,33.3726,33.8793,33.0331,33.5381,1791850,60095314.1
2025-10-16,STK0003,33.397,34.3787,33.015,33.9899,1489332,50622215.07
2025-10-17,STK0003,33.8324,34.8802,33.634,34.6769,3116917,108085082.94
2025-10-20,STK0003,34.5854,35.9583,33.9269,35.2865,1970382,69527835.27
2025-10-21,STK0003,35.5676,36.2807,34.3479,35.0506,7582260,265762997.69
2025-10-22,STK0003,35.1901,35.3711,33.6034,33.7771,1769149,59756711.08
2025-10-23,STK0003,33.7804,34.1536,33.3639,33.7367,1666294,56215190.48
2025-10-24,STK0003,33.6435,34.7022,32.8852,33.9373,3105213,105382623.3
2025-10-27,STK0003,33.8492,33.919,32.865,32.9329,4465237,147053130.99
2025-10-28,STK0003,32.9977,33.2952,32.705,33.0024,2758865,91049253.68
2025-10-29,STK0003,33.1183,33.7872,32.6293,33.2956,3253783,108336569.11
2025-10-30,STK0003,33.1147,33.8318,32.7941,33.5073,1415067,47415088.4
2025-10-31,STK0003,33.5146,33.7914,31.4841,31.7463,2134871,67774211.64
2025-11-03,STK0003,31.3617,31.7562,30.807,31.1995,1815214,56633854.78
2025-11-04,STK0003,31.2392,32.3632,31.0463,32.1645,1377490,44306341.06
2025-11-05,STK0003,32.312,32.7702,31.4386,31.8908,2839099,90541233.36
2025-11-06,STK0003,31.8373,32.4184,30.3648,30.9294,1227152,37955103.9
2025-11-07,STK0003,31.2684,32.0255,30.7921,31.545,1693476,53420676.84
2025-11-10,STK0003,31.3786,31.8015,31.2487,31.6704,2172012,68788384.32
2025-11-11,STK0003,31.7117,32.8207,31.0324,32.1324,1922910,61787668.34
2025-11-12,STK0003,32.1255,32.3913,31.9319,32.1973,3001923,96653878.65
2025-11-13,STK0003,32.178,32.9971,31.5476,32.3631,2887719,93455517.8
2025-11-14,STK0003,32.3409,32.6738,31.9267,32.2587,3489335,112561533.61
2025-11-17,STK0003,32.2795,33.4524,31.6338,32.7963,3332284,109286624.65
2025-11-18,STK0003,32.9636,34.2675,32.7413,34.0379,3787749,128927145.39
2025-11-19,STK0003,34.3205,34.8595,34.1045,34.6415,2521247,87339835.39
2025-11-20,STK0003,34.6411,35.1063,33.3483,33.8023,2836947,95895302.37
2025-11-21,STK0003,33.9681,34.2938,33.8744,34.1995,2998520,102547853.95
2025-11-24,STK0003,34.0558,35.3516,33.8112,35.0995,2598900,91220020.87
2025-11-25,STK0003,35.2612,36.5072,34.6035,35.8387,2157180,77310517.76
2025-11-26,STK0003,35.6752,36.4337,34.6883,35.4418,2238948,79352306.72
2025-11-27,STK0003,35.6745,36.3087,35.5368,36.1692,1924734,69616028.43
2025-11-28,STK0003,36.6521,37.469,35.4666,36.2751,2940334,106660798.43
2025-12-01,STK0003,36.2485,38.3119,35.5111,37.548,2489577,93478699.86
2025-12-02,STK0003,37.0573,37.8727,35.8403,36.6466,2016060,73881789.47
2025-12-03,STK0003,36.5263,37.1861,35.3683,36.0189,2072723,74657303.51
2025-12-04,STK0003,36.2862,36.9214,35.3089,35.938,1682032,60448890.75
2025-12-05,STK0003,36.0575,36.5651,34.8621,35.3599,3691985,130548143.28
2025-12-08,STK0003,35.4127,36.0152,34.1003,34.6906,2667758,92546053.19
2025-12-09,STK0003,34.9012,35.7088,32.5876,33.3595,1977713,65975508.29
2025-12-10,STK0003,33.4566,33.6009,32.861,33.0033,3581503,118201369.94
2025-12-11,STK0003,33.2453,33.7336,32.9374,33.424,2184514,73015116.86
2025-12-12,STK0003,33.6089,33.7321,32.7564,32.8769,1611945,52995825.25
2025-12-15,STK0003,33.1785,34.7918,32.3911,33.9853,3814702,129643900.64
2025-12-16,STK0003,34.0586,34.4755,33.3179,33.7308,2246201,75766224.8
2025-12-17,STK0003,33.9145,35.032,33.3199,34.4284,2346791,80796171.64
2025-12-18,STK0003,34.365,35.5722,33.6314,34.8287,2749026,95745109.54
2025-12-19,STK0003,34.7033,35.7198,33.8429,34.8557,4088242,142498426.64
2025-12-22,STK0003,35.2145,35.4159,34.9545,35.1557,2765438,97220807.02
2025-12-23,STK0003,35.2013,36.8386,34.4836,36.1025,1770199,63908588.87
2025-12-24,STK0003,36.2773,37.0903,35.1579,35.9639,3218597,115753361.11
2025-12-25,STK0003,35.9906,36.1031,35.7486,35.8606,2253240,80802596.67
2025-12-26,STK0003,35.7347,36.8177,35.0434,36.119,5265211,190174350.11
2025-12-29,STK0003,36.1214,36.4884,35.4136,35.777,2784854,99633816.62
2025-12-30,STK0003,36.0866,36.7181,35.4761,36.1072,1289195,46549232.12
2025-12-31,STK0003,36.2277,38.1153,35.7269,37.5956,3208063,120609076.53
2026-01-01,STK0003,37.2115,38.2076,36.9148,37.9054,5654384,214331425.14
2026-01-02,STK0003,37.8564,38.3128,37.663,38.118,4920415,187556320.77
2026-01-05,STK0003,38.5278,38.8477,38.3471,38.6663,5367468,207540278.4
2026-01-06,STK0003,38.6168,39.6988,38.4478,39.5258,1954714,77261699.18
2026-01-07,STK0003,39.1011,40.2653,38.4494,39.6051,3772291,149402053.01
2026-01-08,STK0003,40.0575,40.4614,37.9783,38.3652,2139847,82095558.59
2026-01-09,STK0003,38.5226,39.2606,38.2536,38.9884,2988335,116510429.02
2026-01-12,STK0003,38.972,39.6702,36.8977,37.5707,1787819,67169598.28
2026-01-13,STK0003,37.4871,39.7363,36.8199,39.0415,2246025,87688178.84
2026-01-14,STK0003,39.2959,39.8618,38.224,38.7825,2229271,86456731.04
2026-01-15,STK0003,38.6566,40.2042,37.748,39.2809,3900890,153230534.91
2026-01-16,STK0003,39.5525,39.9822,37.9402,38.3569,3767162,144496707.24
2026-01-19,STK0003,38.4819,39.2987,36.3921,37.1813,3155511,117325902.67
2026-01-20,STK0003,37.2359,37.3747,36.8009,36.9387,1766012,65234105.08
2026-01-21,STK0003,36.9709,37.8138,36.2679,37.1081,2554466,94791411.28
2026-01-22,STK0003,37.0692,37.9861,35.8064,36.7145,2216219,81367333.87
2026-01-23,STK0003,36.9455,37.7388,35.5515,36.3316,3862384,140326431.79
2026-01-26,STK0003,36.1434,38.4525,35.5893,37.8718,4306133,163081217.69
2026-01-27,STK0003,37.5051,39.1762,36.8894,38.5434,4088002,157565677.11
2026-01-28,STK0003,38.6858,39.9485,38.2941,39.548,2151353,85081765.13
2026-01-29,STK0003,39.6981,41.5325,38.9983,40.8131,1056237,43108294.61
2026-01-30,STK0003,40.9309,43.7697,40.1237,42.9233,1513008,64943351.43
2026-02-02,STK0003,43.0285,44.1024,41.8503,42.9216,4693090,201434782.32
2026-02-03,STK0003,42.8391,43.41,40.4834,41.0302,2499633,102560482.28
2026-02-04,STK0003,41.2245,41.3651,40.0485,40.1856,2278261,91553241.35
2026-02-05,STK0003,40.1746,41.5079,39.5437,40.8662,5250161,214553873.02
2026-02-06,STK0003,40.7469,40.9399,39.7043,39.8933,4814393,192061806.12
2026-02-09,STK0003,39.8187,40.1225,39.3297,39.6321,3107903,123172745.68
2026-02-10,STK0003,40.1155,40.4991,38.5741,38.9465,2791357,108713563.83
2026-02-11,STK0003,38.5432,40.7197,37.818,39.9678,2935908,117341694.67
2026-02-12,STK0003,40.0878,41.119,39.8382,40.8645,3347936,136811810.28
2026-02-13,STK0003,40.4549,41.6401,40.2198,41.3995,5481551,226933594.59
2026-02-16,STK0003,41.3726,41.9379,41.2471,41.811,3623811,151515341.72
2026-02-17,STK0003,41.7024,42.6234,40.5162,41.4312,4138874,171478437.23
2026-02-18,STK0003,40.9161,41.7504,40.1816,41.0142,4850808,198951767.39
2026-02-19,STK0003,41.11,41.23,39.8726,39.9893,2148073,85899906.04
2026-02-20,STK0003,39.8982,40.004,38.3272,38.4291,4155882,159706644.21
2026-02-23,STK0003,37.9481,39.6735,37.3846,39.093,2896495,113232741.78
2026-02-24,STK0003,39.2904,39.6979,38.9565,39.3634,1328375,52289362.88
2026-02-25,STK0003,39.7038,41.1912,39.0795,40.5535,1507733,61143879.12
2026-02-26,STK0003,40.9177,42.0455,40.4269,41.5471,2197847,91314226.97
2026-02-27,STK0003,41.6367,43.31,40.6692,42.3265,3934658,166540291.81
2026-03-02,STK0003,42.3382,42.7031,40.8911,41.2466,3386421,139678291.92
2026-03-03,STK0003,41.5766,42.3092,40.0259,40.7439,3396064,138368737.42
2026-03-04,STK0003,41.1572,41.9534,41.0237,41.8178,6236667,260803819.13
2026-03-05,STK0003,42.1032,44.5179,41.0934,43.4751,2019118,87781453.02
2026-03-06,STK0003,43.2302,46.0595,42.1686,44.9555,3143826,141332252.44
2026-03-09,STK0003,45.0098,46.3986,44.1547,45.5335,3560555,162124665.11
2026-03-10,STK0003,45.6538,46.2336,44.9832,45.5618,2498817,113850701.08
2026-03-11,STK0003,45.0698,45.388,44.6667,44.9843,3234113,145484168.01
2026-03-12,STK0003,45.1111,46.5119,44.1779,45.5692,1838527,83780174.25
2026-03-13,STK0003,46.1949,47.0697,43.8146,44.6603,5203197,232376213.62
2026-03-16,STK0003,44.8321,45.1506,43.9176,44.2318,2479226,109660748.09
2026-03-17,STK0003,44.6246,45.177,43.7531,44.3015,6320105,279989875.63
2026-03-18,STK0003,44.3501,45.9953,43.7893,45.421,3014862,136937902.43
2026-03-19,STK0003,45.401,46.3548,43.7438,44.6825,4440211,198399744.72
2026-03-20,STK0003,44.7848,45.5788,41.569,42.3192,3072699,130034231.84
2026-03-23,STK0003,42.1126,43.4835,41.4054,42.7653,3142762,134401233.91
2026-03-24,STK0003,42.5187,43.5033,41.7982,42.7784,2590994,110838464.46
2026-03-25,STK0003,43.1046,43.459,42.5146,42.867,3352805,143724790.27
2026-03-26,STK0003,43.2215,43.6774,42.3076,42.7586,3500775,149688374.55
2026-03-27,STK0003,42.5051,42.7779,42.3755,42.6478,2411238,102833933.83
2026-03-30,STK0003,42.8962,44.6011,42.034,43.7223,3045065,133137362.87
2026-03-31,STK0003,43.6995,44.2221,42.099,42.6086,2593893,110522106.18
2026-04-01,STK0003,42.6955,43.2113,41.5642,42.0724,7223050,303891231.01
2026-04-02,STK0003,42.1888,43.3084,41.8663,42.9799,3083864,132544217.96
2026-04-03,STK0003,43.2371,43.5318,42.3656,42.6564,5343868,227950013.81
2026-04-06,STK0003,42.6775,43.3399,41.3102,41.9615,2874762,120629197.93
2026-04-07,STK0003,42.318,42.8455,42.007,42.5329,3399614,144595535.45
2026-04-08,STK0003,42.612,43.1192,42.4638,42.9698,1975428,84883664.65
2026-04-09,STK0003,43.131,43.9786,41.6236,42.458,2628118,111584718.23
2026-04-10,STK0003,42.2463,42.6966,41.0988,41.5416,3259958,135423740.09
2026-04-13,STK0003,42.0831,43.1273,41.6309,42.6688,5218865,222682944.83
2026-04-14,STK0003,42.7893,43.2994,40.8592,41.3521,3220424,133171276.37
2026-04-15,STK0003,41.5294,42.3909,40.5926,41.4526,4738357,196417287.61
2026-04-16,STK0003,41.0546,41.6724,40.6695,41.2852,3576242,147645763.73
2026-04-17,STK0003,41.0819,41.8803,39.2896,40.0684,4989424,199918062.03
2026-04-20,STK0003,40.3671,41.3201,38.5299,39.4615,2768647,109255091.45
2026-04-21,STK0003,39.5295,40.2186,38.8496,39.5385,6410215,253450573.18
2026-04-22,STK0003,39.0871,39.5534,38.4922,38.9569,2338919,91117094.74
2026-04-23,STK0003,39.2004,40.1261,38.4478,39.3702,2153715,84792157.81
2026-04-24,STK0003,39.2419,39.7337,38.5144,39.0032,1808343,70531099.47
2025-07-21,STK0004,54.3295,54.5563,53.6154,53.8402,384481,20700519.41
2025-07-22,STK0004,54.1073,55.0651,53.566,54.5196,473269,25802447.07
2025-07-23,STK0004,54.2869,55.9437,52.9893,54.6377,909635,49700397.6
2025-07-24,STK0004,54.9837,57.1688,54.0958,56.2603,653967,36792361.03
2025-07-25,STK0004,55.751,56.3646,55.1504,55.7639,597428,33314926.07
2025-07-28,STK0004,55.348,55.5083,54.6692,54.8279,520967,28563533.39
2025-07-29,STK0004,55.0619,56.2948,54.1915,55.4188,629307,34875432.51
2025-07-30,STK0004,55.9773,56.208,55.4041,55.6334,781193,43460428.92
2025-07-31,STK0004,55.7984,57.5308,54.9905,56.7097,1013231,57460055.09
2025-08-01,STK0004,56.696,57.7899,54.7003,55.7765,285278,15911802.92
2025-08-04,STK0004,55.0467,56.9744,54.4003,56.3131,531859,29950643.29
2025-08-05,STK0004,55.6339,57.202,55.1395,56.6982,757652,42957469.62
2025-08-06,STK0004,56.7422,57.687,56.5669,57.5093,683597,39313163.53
2025-08-07,STK0004,57.3858,57.5333,56.9389,57.0856,829354,47344182.44
2025-08-08,STK0004,56.7081,59.1344,56.0338,58.4395,795148,46468084.01
2025-08-11,STK0004,58.4625,59.8403,57.1578,58.534,653297,38240067.06
2025-08-12,STK0004,58.5744,59.0204,56.9691,57.4061,610722,35059175.93
2025-08-13,STK0004,57.7323,59.105,56.8546,58.2198,691565,40262789.85
2025-08-14,STK0004,58.2676,62.2307,57.2339,61.146,1129474,69062833.14
2025-08-15,STK0004,61.5983,62.5008,61.389,62.2891,583794,36363995.14
2025-08-18,STK0004,62.2921,64.2162,61.9481,63.8636,754760,48201654.9
2025-08-19,STK0004,63.8194,64.4333,63.0194,63.6314,834694,53112786.17
2025-08-20,STK0004,64.0391,65.1541,61.4086,62.4968,1345073,84062787.8
2025-08-21,STK0004,62.131,62.8826,59.698,60.4291,701380,42383761.95
2025-08-22,STK0004,61.4582,62.6189,59.3876,60.5308,1092989,66159532.26
2025-08-25,STK0004,60.6673,61.9992,58.4442,59.7561,1209194,72256770.6
2025-08-26,STK0004,59.8928,61.0573,57.9681,59.1175,752840,44505998.07
2025-08-27,STK0004,59.304,60.776,57.8284,59.3004,698740,41435541.2
2025-08-28,STK0004,59.972,61.4058,58.8116,60.2402,661527,39850491.29
2025-08-29,STK0004,60.5273,61.8347,57.6943,58.968,668950,39446651.5
2025-09-01,STK0004,58.4029,60.9472,57.168,59.6852,977086,58317551.2
2025-09-02,STK0004,60.1899,62.313,59.0586,61.1634,793112,48509415.05
2025-09-03,STK0004,61.0384,62.2861,58.5498,59.7716,792291,47356498.99
2025-09-04,STK0004,59.81,61.7468,58.4046,60.3292,493585,29777571.64
2025-09-05,STK0004,59.8679,60.9714,59.0938,60.1932,512109,30825459.73
2025-09-08,STK0004,60.3835,62.4896,59.3763,61.4644,1510870,92864687.98
2025-09-09,STK0004,61.2246,63.5529,60.3771,62.6851,676413,42400999.07
2025-09-10,STK0004,62.7228,64.4702,61.3696,63.1087,553796,34949354.82
2025-09-11,STK0004,63.0012,64.4963,62.2502,63.7365,1185576,75564434.18
2025-09-12,STK0004,64.4769,65.8215,61.5428,62.8535,794853,49959329.72
2025-09-15,STK0004,63.6056,65.9334,62.309,64.6161,911290,58884049.9
2025-09-16,STK0004,64.6342,66.1934,62.459,64.003,709050,45381336.01
2025-09-17,STK0004,64.0276,64.5222,63.4852,63.9795,658727,42145021.27
2025-09-18,STK0004,63.8363,65.6533,62.6667,64.4721,692206,44627980.69
2025-09-19,STK0004,64.9014,66.4316,63.6417,65.1668,453349,29543287.82
2025-09-22,STK0004,65.0383,67.3011,63.5076,65.7537,711645,46793269.63
2025-09-23,STK0004,65.5877,67.0869,63.839,65.3325,813621,53155860.86
2025-09-24,STK0004,65.7172,66.7155,62.9807,63.9522,1371820,87730920.94
2025-09-25,STK0004,63.746,66.4252,62.7694,65.4229,729159,47703666.53
2025-09-26,STK0004,65.408,66.1279,65.0256,65.7435,311871,20503484.07
2025-09-29,STK0004,65.1227,69.0004,63.5321,67.3554,681419,45897215.74
2025-09-30,STK0004,67.6405,68.28,67.1085,67.7472,1821484,123400406.19
2025-10-01,STK0004,68.5407,69.8203,64.0393,65.2576,943082,61543226.33
2025-10-02,STK0004,65.5406,67.6196,64.2099,66.2741,524806,34781020.95
2025-10-03,STK0004,66.8579,67.6701,64.8205,65.6177,868761,57006062.06
2025-10-06,STK0004,65.2854,66.1573,64.8377,65.7067,544021,35745820.85
2025-10-07,STK0004,65.7999,66.2175,64.4343,64.8458,441795,28648565.61
2025-10-08,STK0004,64.4799,69.2303,63.0807,67.7599,623050,42217832.73
2025-10-09,STK0004,67.6674,68.5977,65.334,66.2447,733019,48558599.19
2025-10-10,STK0004,66.5523,66.8234,66.21,66.4808,370746,24647486.4
2025-10-13,STK0004,66.5214,67.7515,64.4576,65.672,483743,31768355.05
2025-10-14,STK0004,65.1177,65.6226,63.7621,64.2603,733685,47146844.28
2025-10-15,STK0004,63.7553,66.2348,62.3427,64.799,639337,41428402.96
2025-10-16,STK0004,64.2642,67.7337,63.6781,67.1216,845562,56755462.31
2025-10-17,STK0004,67.3198,67.7645,66.5779,67.0207,483164,32381968.97
2025-10-20,STK0004,67.8558,68.3142,67.5876,68.0454,964282,65614907.38
2025-10-21,STK0004,68.6039,69.5482,63.7283,64.6178,491443,31755967.48
2025-10-22,STK0004,63.8869,65.1613,63.0968,64.3653,1309229,84268887.29
2025-10-23,STK0004,64.9164,66.168,63.3144,64.5591,405225,26160955.18
2025-10-24,STK0004,64.9228,65.7464,62.7589,63.5652,507143,32236670.25
2025-10-27,STK0004,62.9786,64.772,62.3546,64.1366,849719,54498050.71
2025-10-28,STK0004,64.02,64.5333,62.6681,63.1746,1313152,82957853.34
2025-10-29,STK0004,63.5912,64.1252,61.9889,62.5139,817752,51120826.31
2025-10-30,STK0004,62.7207,64.1846,60.97,62.4271,862698,53855758.84
2025-10-31,STK0004,61.9387,62.2978,60.0934,60.4437,710457,42942680.49
2025-11-03,STK0004,60.6656,62.1658,58.1738,59.6488,491849,29338218.9
2025-11-04,STK0004,58.8887,61.09,58.3282,60.514,591971,35822524.74
2025-11-05,STK0004,60.4331,60.6769,58.161,58.3965,469692,27428367.91
2025-11-06,STK0004,58.7966,59.2505,57.5277,57.9753,450546,26120532.15
2025-11-07,STK0004,57.9817,58.1755,57.2617,57.4538,801313,46038462.1
2025-11-10,STK0004,57.282,60.7869,56.1266,59.585,451847,26923324.09
2025-11-11,STK0004,59.9038,60.9423,59.0778,60.1134,743290,44681673.38
2025-11-12,STK0004,60.466,61.0556,58.7965,59.3754,418916,24873307.32
2025-11-13,STK0004,59.8439,61.6794,58.813,60.6349,727339,44102112.33
2025-11-14,STK0004,60.9538,61.9598,58.2706,59.2484,561850,33288738.07
2025-11-17,STK0004,59.6341,62.0882,58.2257,60.6557,1104887,67017658.86
2025-11-18,STK0004,60.923,62.3918,57.574,58.9963,757219,44673133.11
2025-11-19,STK0004,59.0904,61.2733,58.0471,60.2103,1036200,62389870.01
2025-11-20,STK0004,60.2426,61.4962,58.8362,60.0866,524113,31492147.84
2025-11-21,STK0004,60.0011,61.2147,58.078,59.2769,696131,41264490.46
2025-11-24,STK0004,58.8473,60.246,58.0646,59.4552,478297,28437242.61
2025-11-25,STK0004,59.1154,60.8436,58.0393,59.7559,568561,33974867.68
2025-11-26,STK0004,59.6549,59.8815,58.8323,59.0567,595567,35172222.24
2025-11-27,STK0004,59.1423,60.8212,57.9929,59.6617,512100,30552754.34
2025-11-28,STK0004,60.1797,61.6314,56.8015,58.2056,446434,25984952.0
2025-12-01,STK0004,58.191,58.4211,57.9238,58.1537,416927,24245863.18
2025-12-02,STK0004,58.5049,59.747,56.7497,57.9807,298046,17280903.25
2025-12-03,STK0004,58.3574,59.7263,56.1068,57.4546,458824,26361539.22
2025-12-04,STK0004,57.3748,57.7881,56.8461,57.2585,834047,47756301.83
2025-12-05,STK0004,57.4632,58.2717,56.2013,57.0034,372681,21244068.28
2025-12-08,STK0004,56.9201,58.7698,55.5916,57.4294,407324,23392359.58
2025-12-09,STK0004,57.8868,61.8104,56.4925,60.3567,1245800,75192366.76
2025-12-10,STK0004,60.5874,61.5499,60.288,61.2473,536190,32840167.81
2025-12-11,STK0004,60.8113,63.4355,60.2016,62.8057,747201,46928513.59
2025-12-12,STK0004,62.8666,67.0936,61.7314,65.9036,843241,55572609.86
2025-12-15,STK0004,66.5585,67.0308,65.9866,66.4581,851407,56582925.42
2025-12-16,STK0004,66.3859,67.1633,65.7573,66.5332,391711,26061803.95
2025-12-17,STK0004,66.7122,67.4104,66.5431,67.2399,632841,42552149.88
2025-12-18,STK0004,67.4605,67.8336,66.2239,66.5922,387391,25797225.63
2025-12-19,STK0004,66.1793,67.1676,64.1342,65.1064,1625650,105840278.38
2025-12-22,STK0004,65.3062,66.4178,63.7254,64.8288,381063,24703864.81
2025-12-23,STK0004,64.2889,66.9042,63.2008,65.7907,470396,30947697.88
2025-12-24,STK0004,65.5442,66.8487,63.9974,65.297,482094,31479270.1
2025-12-25,STK0004,65.7198,66.4789,63.9286,64.6757,411153,26591594.13
2025-12-26,STK0004,64.8143,66.6063,64.2769,66.0587,1123931,74245424.33
2025-12-29,STK0004,65.9381,66.995,65.7826,66.8374,1648159,110158645.56
2025-12-30,STK0004,67.0167,67.4692,66.3937,66.8451,591939,39568218.6
2025-12-31,STK0004,66.821,67.4347,65.5114,66.1187,444066,29361052.01
2026-01-01,STK0004,66.1237,68.9435,65.7204,68.5255,318323,21813255.82
2026-01-02,STK0004,68.7961,69.5735,68.6267,69.4026,633603,43973685.14
2026-01-05,STK0004,69.1004,69.4888,66.4946,66.8705,628312,42015523.21
2026-01-06,STK0004,66.8867,68.0452,65.5095,66.6642,567041,37801313.82
2026-01-07,STK0004,66.5394,68.1632,65.4428,67.0581,761486,51063793.59
2026-01-08,STK0004,66.4231,70.5251,64.8608,68.9044,800388,55150263.78
2026-01-09,STK0004,68.5249,72.0739,67.1299,70.6359,772925,54596225.21
2026-01-12,STK0004,71.3036,72.3773,70.2189,71.2924,624810,44544207.82
2026-01-13,STK0004,71.4572,73.4461,71.0882,73.0688,467558,34163894.99
2026-01-14,STK0004,72.4908,73.5763,71.3595,72.4443,872606,63215317.12
2026-01-15,STK0004,71.7778,72.0231,70.9842,71.2276,702065,50006410.5
2026-01-16,STK0004,71.1797,72.0275,69.5338,70.3719,952650,67039799.4
2026-01-19,STK0004,71.0342,71.8139,69.4451,70.2157,934489,65615835.14
2026-01-20,STK0004,70.1371,70.9675,68.5534,69.3747,428929,29756837.12
2026-01-21,STK0004,69.9209,70.5108,66.9369,67.5064,425695,28737150.21
2026-01-22,STK0004,67.6491,68.8515,65.7642,66.9542,531978,35618187.41
2026-01-23,STK0004,67.1438,68.5768,64.7917,66.2046,486193,32188234.26
2026-01-26,STK0004,65.6762,66.9684,64.0479,65.3334,906091,59197991.48
2026-01-27,STK0004,65.7019,66.782,64.215,65.2883,790769,51627944.59
2026-01-28,STK0004,65.1572,67.3794,64.2201,66.4241,1026277,68169487.64
2026-01-29,STK0004,66.7689,66.9502,66.207,66.3873,789940,52441954.09
2026-01-30,STK0004,66.0638,67.4751,64.8331,66.2412,732950,48551512.35
2026-02-02,STK0004,66.3116,67.2755,65.1735,66.1347,1058596,70009976.75
2026-02-03,STK0004,66.2746,67.067,65.7293,66.5198,822396,54705601.78
2026-02-04,STK0004,66.4583,67.9765,65.8243,67.3341,703815,47390754.68
2026-02-05,STK0004,67.4977,70.1287,65.9103,68.5173,1159124,79420031.16
2026-02-06,STK0004,68.4079,69.527,65.2221,66.3069,717220,47556644.65
2026-02-09,STK0004,66.0492,66.9043,64.9936,65.846,652206,42945153.62
2026-02-10,STK0004,66.4833,67.5658,64.7778,65.8499,543439,35785422.18
2026-02-11,STK0004,66.2657,67.0288,65.2786,66.0391,926585,61190880.78
2026-02-12,STK0004,65.7384,68.2513,64.896,67.3878,1141063,76893747.21
2026-02-13,STK0004,67.618,68.2048,65.8638,66.4403,707280,46991929.69
2026-02-16,STK0004,66.1449,67.2912,65.3435,66.4856,1139469,75758317.35
2026-02-17,STK0004,66.0147,67.6131,64.8417,66.4326,372768,24763965.38
2026-02-18,STK0004,66.846,67.0411,66.2892,66.4832,727280,48351902.72
2026-02-19,STK0004,65.8069,67.1418,63.9769,65.3016,712434,46523069.82
2026-02-20,STK0004,65.6657,66.2245,64.3742,64.9266,556871,36155741.05
2026-02-23,STK0004,64.8282,65.9756,61.7778,62.8909,1690790,106335272.05
2026-02-24,STK0004,62.8111,63.8652,61.2765,62.3224,721313,44953986.62
2026-02-25,STK0004,62.4758,63.5386,61.282,62.3425,632040,39402968.18
2026-02-26,STK0004,62.5603,63.5605,60.017,60.9921,728120,44409576.18
2026-02-27,STK0004,60.6905,62.1506,59.1259,60.5835,354958,21504583.46
2026-03-02,STK0004,60.8449,61.678,59.2342,60.0565,551393,33114715.33
2026-03-03,STK0004,60.0973,61.2298,56.2621,57.3426,1035468,59376432.5
2026-03-04,STK0004,56.9121,59.8017,55.8748,58.7313,598323,35140297.15
2026-03-05,STK0004,58.6715,59.1077,56.9607,57.3874,561715,32235346.74
2026-03-06,STK0004,57.865,58.8807,57.3722,58.3835,1163817,67947685.99
2026-03-09,STK0004,58.9738,59.6668,55.9784,56.6441,1153201,65322072.12
2026-03-10,STK0004,56.8885,57.6842,56.4113,57.2044,871445,49850484.37
2026-03-11,STK0004,56.7973,57.7607,56.2046,57.1642,607731,34740443.03
2026-03-12,STK0004,57.3327,58.0814,56.7025,57.4499,653162,37524103.34
2026-03-13,STK0004,57.744,58.6614,56.6965,57.6119,538480,31022850.29
2026-03-16,STK0004,57.8633,58.2717,56.6624,57.0651,495203,28258817.62
2026-03-17,STK0004,57.3345,58.5098,54.6403,55.7838,479253,26734530.21
2026-03-18,STK0004,55.9055,56.5799,53.496,54.1492,555597,30085160.63
2026-03-19,STK0004,54.1257,55.1132,52.0786,53.0463,483845,25666193.37
2026-03-20,STK0004,52.853,53.0577,52.2791,52.4824,408521,21440156.9
2026-03-23,STK0004,51.8881,52.7068,51.2235,52.0402,769497,40044750.77
2026-03-24,STK0004,52.1463,53.5723,52.0082,53.4307,774455,41379710.01
2026-03-25,STK0004,53.4904,54.429,52.3542,53.2892,1279387,68177529.3
2026-03-26,STK0004,53.4678,53.9974,51.8461,52.3648,549427,28770653.96
2026-03-27,STK0004,51.9463,53.5324,50.7082,52.2862,764152,39954627.82
2026-03-30,STK0004,52.489,53.671,51.9927,53.1683,773349,41117678.53
2026-03-31,STK0004,53.8278,54.6335,52.8331,53.6359,637457,34190552.22
2026-04-01,STK0004,53.6611,55.766,53.2361,55.3278,875985,48466321.93
2026-04-02,STK0004,55.3073,56.2068,54.3644,55.2631,875134,48362655.58
2026-04-03,STK0004,55.3657,56.1615,54.6602,55.4549,761818,42246562.64
2026-04-06,STK0004,56.1353,57.3079,55.5445,56.711,621931,35270337.21
2026-04-07,STK0004,56.3638,57.2136,55.987,56.8337,587521,33390980.0
2026-04-08,STK0004,56.903,57.1628,55.5056,55.7601,427379,23830715.5
2026-04-09,STK0004,55.4933,55.7572,53.3597,53.6147,520026,27881054.46
2026-04-10,STK0004,53.4391,55.316,52.1043,53.968,557807,30103710.16
2026-04-13,STK0004,53.9519,54.5715,53.1931,53.8111,470746,25331341.5
2026-04-14,STK0004,54.2478,54.3587,52.0226,52.1292,809299,42188096.38
2026-04-15,STK0004,52.6955,53.9559,50.0334,51.2594,1043255,53476606.44
2026-04-16,STK0004,51.3974,51.5238,50.8891,51.0146,515576,26301889.0
2026-04-17,STK0004,50.8994,51.6854,50.3076,51.0914,794218,40577674.91
2026-04-20,STK0004,51.8612,52.8208,50.3331,51.2819,507017,26000783.43
2026-04-21,STK0004,51.1505,52.3288,49.6241,50.7942,660109,33529682.16
2026-04-22,STK0004,50.6204,51.5516,49.4975,50.4252,568194,28651285.52
2026-04-23,STK0004,49.891,50.5228,48.1918,48.8099,910418,44437412.94
2026-04-24,STK0004,49.2205,50.4221,47.1715,48.3518,574223,27764738.33
2025-07-21,STK0005,36.7331,37.6769,36.3684,37.3065,4585065,171052521.72
2025-07-22,STK0005,37.2956,37.8766,35.8637,36.4313,3350221,122052872.0
2025-07-23,STK0005,36.3297,36.8256,34.8758,35.3585,3330484,117760970.33
2025-07-24,STK0005,35.2134,36.1686,35.0226,35.9737,3885379,139771564.29
2025-07-25,STK0005,36.3092,37.1996,35.8635,36.7485,4635866,170361033.02
2025-07-28,STK0005,36.7303,37.7925,36.1981,37.2527,3775072,140631630.51
2025-07-29,STK0005,37.5377,37.8435,36.803,37.1054,5369648,199242691.04
2025-07-30,STK0005,36.9868,37.5925,36.3918,36.9973,3259931,120608777.78
2025-07-31,STK0005,37.0517,37.7083,36.9178,37.5726,2350399,88310521.75
2025-08-01,STK0005,37.5601,38.4196,37.1942,38.049,7291374,277429137.0
2025-08-04,STK0005,37.6634,38.8607,36.8913,38.0801,2972784,113204042.24
2025-08-05,STK0005,38.4079,38.7138,38.0332,38.3385,2974086,114022027.35
2025-08-06,STK0005,38.3074,39.1659,37.6976,38.5522,3562245,137332429.93
2025-08-07,STK0005,38.7253,39.7433,38.2826,39.2941,3775941,148372347.93
2025-08-08,STK0005,39.1172,39.7038,38.7543,39.3388,3160507,124330568.97
2025-08-11,STK0005,39.2999,40.2066,38.0559,38.9547,3521183,137166473.23
2025-08-12,STK0005,38.7526,40.4384,38.3691,40.0422,3582635,143456652.89
2025-08-13,STK0005,40.3403,40.8796,40.04,40.5775,3882486,157541733.63
2025-08-14,STK0005,40.6534,42.1594,39.7219,41.215,1590231,65541433.59
2025-08-15,STK0005,41.3059,43.2888,40.5146,42.4751,6912269,293599136.21
2025-08-18,STK0005,42.8226,43.5798,41.3534,42.0977,3372936,141993013.58
2025-08-19,STK0005,42.3908,43.2153,42.2578,43.08,4274614,184150498.94
2025-08-20,STK0005,43.2783,44.1558,43.0612,43.9354,2182327,95881386.6
2025-08-21,STK0005,43.5622,47.2963,42.8355,46.5202,2963069,137842635.73
2025-08-22,STK0005,46.3265,46.6423,45.0405,45.3497,2807146,127303196.62
2025-08-25,STK0005,45.0774,45.4014,44.3185,44.6395,5905433,263615315.13
2025-08-26,STK0005,44.8347,46.0606,43.9416,45.161,2831437,127870556.43
2025-08-27,STK0005,45.2073,45.9979,44.8196,45.6067,4503040,205368977.06
2025-08-28,STK0005,45.2278,47.5541,45.0629,47.3813,2644323,125291481.48
2025-08-29,STK0005,47.3277,47.462,46.8325,46.9658,2828747,132854313.29
2025-09-01,STK0005,46.5466,49.1791,45.9791,48.5867,3033619,147393544.21
2025-09-02,STK0005,48.5712,50.2246,47.7846,49.4242,5245737,259266238.95
2025-09-03,STK0005,48.9357,50.9143,47.8599,49.819,1679216,83656903.77
2025-09-04,STK0005,49.9773,50.2047,48.389,48.6101,2089074,101550070.22
2025-09-05,STK0005,48.7204,50.4234,48.4026,50.0966,1695462,84936919.25
2025-09-08,STK0005,50.6734,52.4192,49.9546,51.6861,2334195,120645339.74
2025-09-09,STK0005,51.9497,52.7167,51.4107,52.1754,2568808,134028597.42
2025-09-10,STK0005,52.0432,52.7249,51.2961,51.9769,1969229,102354395.74
2025-09-11,STK0005,52.2326,53.4473,50.6015,51.8063,2621352,135802433.67
2025-09-12,STK0005,51.3736,52.7517,50.627,51.9961,1692467,88001644.16
2025-09-15,STK0005,51.6967,53.5192,51.0997,52.9082,2371385,125465669.67
2025-09-16,STK0005,53.014,54.4751,51.7016,53.159,5028624,267316635.02
2025-09-17,STK0005,52.4751,52.6587,51.857,52.0391,3741150,194686152.0
2025-09-18,STK0005,52.0275,53.247,49.9464,51.1452,3468887,177416963.46
2025-09-19,STK0005,50.8331,51.5213,49.803,50.4865,2258911,114044599.58
2025-09-22,STK0005,50.5172,51.4512,49.8309,50.7616,1884885,95679704.63
2025-09-23,STK0005,50.4344,52.2756,49.264,51.0901,2107850,107690199.86
2025-09-24,STK0005,51.2203,52.0663,50.5202,51.3642,2996195,153897233.68
2025-09-25,STK0005,51.3702,52.7351,50.7495,52.1055,4207692,219243750.83
2025-09-26,STK0005,52.5451,52.9795,51.1027,51.5287,4316471,222422084.52
2025-09-29,STK0005,51.5308,53.9229,50.6469,53.0136,3863542,204820264.54
2025-09-30,STK0005,52.7697,53.8192,51.9728,53.0185,2393317,126890158.11
2025-10-01,STK0005,52.9401,53.3069,51.5831,51.9431,3173103,164820845.15
2025-10-02,STK0005,51.5259,53.1905,50.5821,52.2337,2829035,147771089.64
2025-10-03,STK0005,52.3612,53.2416,49.4687,50.3147,2957110,148786206.92
2025-10-06,STK0005,50.4931,51.0555,48.768,49.3173,6580108,324513035.7
2025-10-07,STK0005,50.0534,50.1644,49.9482,50.0592,1721843,86194041.26
2025-10-08,STK0005,49.8728,50.4848,48.5103,49.113,2940049,144394585.07
2025-10-09,STK0005,49.0341,49.8326,48.9292,49.7263,4876402,242485219.66
2025-10-10,STK0005,49.5548,51.6869,49.3702,51.4951,1902449,97966717.11
2025-10-13,STK0005,51.5606,52.1744,49.8126,50.4127,2521983,127139881.86
2025-10-14,STK0005,50.5282,50.7245,50.3184,50.5147,2628167,132760944.91
2025-10-15,STK0005,50.4985,52.0225,50.0773,51.5922,2926522,150985606.48
2025-10-16,STK0005,51.9295,52.8163,50.5153,51.3929,1781854,91574610.52
2025-10-17,STK0005,51.203,52.9719,50.7371,52.4943,3883034,203837289.86
2025-10-20,STK0005,52.8059,54.1232,50.8887,52.1906,3922862,204736521.64
2025-10-21,STK0005,52.3595,53.5677,50.3809,51.5709,3699800,190801970.71
2025-10-22,STK0005,51.5672,52.3645,49.8331,50.6158,2273425,115071171.8
2025-10-23,STK0005,50.5202,52.5205,49.2956,51.2776,3194941,163828824.04
2025-10-24,STK0005,52.0296,53.3995,50.8868,52.2519,2191747,114522863.79
2025-10-27,STK0005,51.9963,52.4817,51.0202,51.501,2708671,139499136.89
2025-10-28,STK0005,51.5931,52.5858,48.8781,49.837,6400818,318997297.74
2025-10-29,STK0005,49.6131,49.8685,48.2284,48.478,3172452,153794031.01
2025-10-30,STK0005,49.0001,49.8781,48.1306,49.0085,2010140,98513933.58
2025-10-31,STK0005,49.27,51.3768,48.6149,50.7027,3242108,164383633.03
2025-11-03,STK0005,50.4968,51.4629,50.3762,51.3404,1951668,100199325.71
2025-11-04,STK0005,51.4985,51.9263,50.3582,50.78,2050327,104115630.0
2025-11-05,STK0005,50.8586,52.7684,49.6393,51.533,2207460,113756926.09
2025-11-06,STK0005,51.3735,52.0391,50.8975,51.5614,2721854,140342738.16
2025-11-07,STK0005,51.7965,52.1163,50.7421,51.0573,4441499,226771014.16
2025-11-10,STK0005,51.1767,51.4998,50.0391,50.357,3921764,197488252.87
2025-11-11,STK0005,50.4222,52.0102,49.7656,51.3416,3895680,200010486.99
2025-11-12,STK0005,51.3287,52.4262,47.8329,48.878,2185650,106830137.03
2025-11-13,STK0005,49.0045,50.3656,48.0522,49.4055,2617753,129331398.94
2025-11-14,STK0005,49.4735,50.0696,47.8995,48.4836,3446634,167105317.94
2025-11-17,STK0005,48.5008,48.8307,47.9765,48.305,2518796,121670496.24
2025-11-18,STK0005,48.1196,49.7339,47.9724,49.5822,2837583,140693597.85
2025-11-19,STK0005,50.0886,50.7218,48.3155,48.9341,3689573,180545807.78
2025-11-20,STK0005,48.6266,49.6351,47.5089,48.5151,2853469,138436402.04
2025-11-21,STK0005,48.6398,49.5534,47.6519,48.564,3438686,166996449.41
2025-11-24,STK0005,48.4708,49.7428,47.9183,49.1822,5487179,269871503.94
2025-11-25,STK0005,49.7042,50.4834,47.9681,48.7322,2895811,141119124.3
2025-11-26,STK0005,48.4687,49.052,46.6152,47.183,4790523,226031082.47
2025-11-27,STK0005,46.9753,47.6948,45.6925,46.4032,3873741,179754167.14
2025-11-28,STK0005,46.134,47.4468,45.4926,46.7962,1919574,89828828.43
2025-12-01,STK0005,46.8871,47.7153,45.455,46.2723,2137821,98921801.06
2025-12-02,STK0005,45.8926,46.7442,45.2649,46.1135,2348458,108295501.55
2025-12-03,STK0005,45.9812,47.068,44.419,45.4942,2348940,106863134.45
2025-12-04,STK0005,44.9105,45.6247,44.3785,45.0906,3058008,137887488.22
2025-12-05,STK0005,45.1557,46.2098,45.0489,46.1008,3977391,183360794.98
2025-12-08,STK0005,45.9626,46.3044,45.4395,45.7799,5152508,235881479.01
2025-12-09,STK0005,45.373,46.5176,44.7598,45.8973,3646739,167375575.29
2025-12-10,STK0005,46.1973,47.3258,45.5305,46.6525,2758406,128686428.27
2025-12-11,STK0005,46.2879,46.9991,45.6072,46.318,1535245,71109461.43
2025-12-12,STK0005,46.54,47.3979,44.6092,45.447,3341012,151839043.13
2025-12-15,STK0005,45.2563,45.7354,44.8799,45.3582,3340840,151534521.41
2025-12-16,STK0005,45.7962,46.5881,44.2005,44.9783,3522584,158439773.87
2025-12-17,STK0005,45.181,46.003,44.2222,45.0416,6909536,311216458.12
2025-12-18,STK0005,44.77,47.6224,44.2569,47.0829,5041375,237362550.48
2025-12-19,STK0005,46.8245,47.3513,46.14,46.665,4356164,203280406.83
2025-12-22,STK0005,46.8349,47.1213,44.581,44.8553,2349952,105407839.54
2025-12-23,STK0005,44.7848,45.7122,44.2688,45.1916,2739218,123789527.23
2025-12-24,STK0005,45.1457,46.0529,44.0742,44.9781,3200020,143930761.7
2025-12-25,STK0005,45.3227,46.3609,43.4316,44.4498,2514667,111776416.65
2025-12-26,STK0005,44.2506,45.3549,43.5579,44.6559,3916392,174889972.79
2025-12-29,STK0005,44.6804,45.0774,44.0213,44.4159,3725068,165452355.69
2025-12-30,STK0005,44.6711,45.4614,43.6565,44.4428,2273202,101027495.06
2025-12-31,STK0005,44.6591,45.7805,43.8095,44.9258,5184537,232919718.28
2026-01-01,STK0005,44.8828,45.5105,44.4501,45.0759,3565790,160731169.11
2026-01-02,STK0005,44.9978,45.9433,43.2773,44.2061,1901136,84041810.88
2026-01-05,STK0005,43.7473,46.4299,43.5857,46.259,3409818,157734650.34
2026-01-06,STK0005,45.9667,46.07,45.6143,45.7171,3790258,173279516.16
2026-01-07,STK0005,45.8045,46.0873,45.5833,45.8658,4875872,223635772.42
2026-01-08,STK0005,45.8279,46.084,44.8912,45.1434,3090316,139507485.72
2026-01-09,STK0005,45.1637,46.5508,44.1604,45.5391,4548644,207141126.23
2026-01-12,STK0005,45.8239,46.3635,44.3684,44.897,3616944,162390107.31
2026-01-13,STK0005,44.5783,45.4504,44.2073,45.0752,2135321,96250012.22
2026-01-14,STK0005,45.0114,45.9941,44.4771,45.4546,2046070,93003357.19
2026-01-15,STK0005,45.5061,46.0824,45.0019,45.5773,5085287,231773632.63
2026-01-16,STK0005,45.3851,46.0771,44.9797,45.6691,5255355,240007442.41
2026-01-19,STK0005,46.0631,46.3013,43.845,44.0729,3952186,174184487.19
2026-01-20,STK0005,44.3139,45.7796,43.5567,45.0106,5981668,269238403.63
2026-01-21,STK0005,45.089,45.3209,44.0459,44.2736,5135804,227380486.87
2026-01-22,STK0005,44.7528,46.3055,43.8651,45.4049,4444396,201797442.26
2026-01-23,STK0005,44.9984,45.9622,44.6997,45.6591,2543634,116139984.08
2026-01-26,STK0005,45.657,46.5847,44.7976,45.7241,6415705,293352355.44
2026-01-27,STK0005,45.8247,46.7654,44.2001,45.1265,4136903,186683894.87
2026-01-28,STK0005,44.8795,45.7743,44.6604,45.5519,2971615,135362826.23
2026-01-29,STK0005,45.6342,46.0987,45.4519,45.9152,2678897,123002217.51
2026-01-30,STK0005,45.6114,48.1842,44.524,47.0622,3726153,175361057.26
2026-02-02,STK0005,47.2576,47.8554,46.4012,46.9957,1910856,89802086.52
2026-02-03,STK0005,47.295,48.0751,44.1671,44.9078,4343099,195039222.22
2026-02-04,STK0005,44.9813,45.1034,44.8673,44.9893,2452200,110322855.81
2026-02-05,STK0005,44.492,45.3853,44.1178,45.0068,3887309,174955245.61
2026-02-06,STK0005,44.7465,45.3561,43.6895,44.293,2724794,120689189.48
2026-02-09,STK0005,44.4433,45.4381,42.6997,43.6774,2959863,129279014.34
2026-02-10,STK0005,43.6829,44.0764,43.3228,43.716,2531864,110682967.03
2026-02-11,STK0005,43.0151,43.868,42.0981,42.9498,3041093,130614194.78
2026-02-12,STK0005,43.2712,44.0168,40.8797,41.5964,6243997,259727756.49
2026-02-13,STK0005,41.6305,42.1358,41.4369,41.9407,5359590,224784912.84
2026-02-16,STK0005,41.7351,42.6302,41.37,42.2606,3694241,156120703.74
2026-02-17,STK0005,42.5136,42.8312,41.4142,41.7259,3234540,134964206.7
2026-02-18,STK0005,41.5567,42.0627,39.7927,40.2833,4300150,173224139.06
2026-02-19,STK0005,40.1172,40.8336,39.4508,40.1663,4869920,195606880.86
2026-02-20,STK0005,40.2528,40.7346,38.6198,39.0876,2449543,95746782.87
2026-02-23,STK0005,39.5075,39.8088,38.6348,38.9317,3189722,124181142.55
2026-02-24,STK0005,39.3128,40.0206,37.7436,38.4356,1767677,67941721.59
2026-02-25,STK0005,38.5186,39.9398,37.9238,39.3324,5004611,196843452.78
2026-02-26,STK0005,39.4417,39.9917,38.3541,38.8965,6868172,267147976.75
2026-02-27,STK0005,39.0817,39.6582,37.6219,38.1852,3395528,129658755.29
2026-03-02,STK0005,37.8982,39.4947,37.629,39.2161,1581068,62003340.11
2026-03-03,STK0005,39.368,40.0628,38.5171,39.2092,4077990,159894564.5
2026-03-04,STK0005,39.0368,40.5849,38.6109,40.1468,2326355,93395762.18
2026-03-05,STK0005,40.2236,40.6403,39.1791,39.5892,2528845,100114973.96
2026-03-06,STK0005,39.5352,39.7504,39.2135,39.4282,3884653,153164706.29
2026-03-09,STK0005,39.5469,40.1689,37.0124,37.6038,3494080,131390736.99
2026-03-10,STK0005,37.6305,39.1626,37.0336,38.5511,2701453,104144094.59
2026-03-11,STK0005,37.8468,39.3568,37.4749,38.9738,2518563,98158093.13
2026-03-12,STK0005,39.0157,39.8653,37.9367,38.7812,3269423,126792283.76
2026-03-13,STK0005,38.931,39.7658,37.8275,38.6565,2635089,101863226.42
2026-03-16,STK0005,38.76,39.1161,38.5853,38.9406,2028923,79007424.9
2026-03-17,STK0005,38.9166,39.6166,37.3097,37.993,2703604,102718107.44
2026-03-18,STK0005,38.3692,38.7935,37.0186,37.4326,3537135,132404030.59
2026-03-19,STK0005,37.5026,38.4399,35.3761,36.283,2983268,108241820.48
2026-03-20,STK0005,36.3784,37.3079,36.1173,37.0421,1933336,71614849.9
2026-03-23,STK0005,37.275,37.9883,36.9599,37.67,4453402,167759471.11
2026-03-24,STK0005,37.752,38.2114,36.2294,36.6757,1190727,43670771.37
2026-03-25,STK0005,36.4786,36.7771,35.4312,35.7234,2739613,97868375.44
2026-03-26,STK0005,35.2046,36.2258,34.5739,35.5883,2570612,91483593.13
2026-03-27,STK0005,35.4865,35.95,34.8957,35.3575,3472277,122771195.33
2026-03-30,STK0005,35.5193,35.7708,34.6454,34.8925,4097727,142979913.99
2026-03-31,STK0005,34.8186,36.6815,34.3435,36.1876,4865193,176059840.14
2026-04-01,STK0005,36.362,37.1781,35.4376,36.2511,2530477,91732669.35
2026-04-02,STK0005,36.2835,37.6358,35.5497,36.8897,3947244,145612724.85
2026-04-03,STK0005,37.1759,37.6768,36.0576,36.55,3438559,125679367.48
2026-04-06,STK0005,36.4853,37.8192,36.1703,37.4954,1762217,66074992.45
2026-04-07,STK0005,37.6007,37.8315,37.053,37.2818,6525673,243288844.19
2026-04-08,STK0005,37.3951,38.2254,35.8815,36.6963,1995361,73222342.47
2026-04-09,STK0005,37.0284,37.7073,35.9896,36.6617,3836863,140665978.47
2026-04-10,STK0005,36.2882,36.8383,35.5394,36.0864,3832681,138307798.97
2026-04-13,STK0005,35.9873,38.5042,35.1874,37.6669,3682265,138699635.53
2026-04-14,STK0005,37.8592,38.0409,37.5372,37.7182,2816812,106245168.08
2026-04-15,STK0005,38.0697,39.1384,37.396,38.4578,4404268,169378514.56
2026-04-16,STK0005,38.5132,38.7822,37.9058,38.1724,1912678,73011545.82
2026-04-17,STK0005,38.1054,38.2873,37.002,37.1795,3251979,120906823.3
2026-04-20,STK0005,37.3487,37.8234,35.6626,36.1216,2745222,99161907.34
2026-04-21,STK0005,36.3104,36.865,35.9143,36.4671,2661039,97040396.8
2026-04-22,STK0005,36.3885,37.249,35.5142,36.3743,4002911,145603228.57
2026-04-23,STK0005,36.4465,36.791,35.7145,36.0552,5094350,183677955.55
2026-04-24,STK0005,36.3115,37.0647,34.6068,35.3399,3101682,109613070.91
2025-07-21,STK0006,70.0641,72.3433,68.3893,70.6545,2283811,161361440.67
2025-07-22,STK0006,70.9652,72.1073,68.4755,69.5955,3387853,235779255.86
2025-07-23,STK0006,69.045,70.244,67.5672,68.7612,2497877,171757027.82
2025-07-24,STK0006,68.7632,70.3464,66.151,67.7099,1806161,122294999.61
2025-07-25,STK0006,67.806,68.5354,64.2298,64.9282,3809383,247336498.66
2025-07-28,STK0006,65.38,66.5929,62.9403,64.1299,4447970,285247841.87
2025-07-29,STK0006,63.5228,64.5854,61.4639,62.5095,2579514,161244221.96
2025-07-30,STK0006,62.5211,63.7789,60.0425,61.2752,2541017,155701388.8
2025-07-31,STK0006,60.8775,62.2552,59.4626,60.8394,2040096,124118141.21
2025-08-01,STK0006,61.0242,62.1007,58.0368,59.079,2653134,156744582.76
2025-08-04,STK0006,59.3552,60.0307,59.1441,59.818,2290025,136984746.5
2025-08-05,STK0006,60.2818,61.3,59.9073,60.9215,1969333,119974736.67
2025-08-06,STK0006,60.7263,62.1801,58.9057,60.3505,5307944,320337270.72
2025-08-07,STK0006,60.6872,62.1606,58.8435,60.3077,3256935,196418176.1
2025-08-08,STK0006,60.8021,62.5581,59.3276,61.077,3418844,208812572.49
2025-08-11,STK0006,60.4777,60.6499,59.8044,59.9751,3814687,228786096.59
2025-08-12,STK0006,60.1958,60.8457,58.6369,59.2769,3620156,214591527.69
2025-08-13,STK0006,59.6188,61.3786,58.4578,60.2062,2356966,141903954.72
2025-08-14,STK0006,60.1128,62.7032,58.9516,61.5149,3042702,187171605.51
2025-08-15,STK0006,61.0697,62.4158,60.8269,62.1687,2460891,152990273.41
2025-08-18,STK0006,62.5214,64.1547,61.5199,63.1432,3203083,202253032.35
2025-08-19,STK0006,62.6904,63.0218,60.3574,60.6782,3088746,187419484.79
2025-08-20,STK0006,60.6133,63.4952,59.8045,62.6591,2393615,149981824.99
2025-08-21,STK0006,62.644,63.5188,62.1734,63.0451,1675078,105605505.39
2025-08-22,STK0006,63.3164,64.2398,63.1123,64.0334,2801337,179379156.61
2025-08-25,STK0006,63.7931,64.5892,63.5481,64.3421,2500831,160908661.02
2025-08-26,STK0006,64.0783,66.1017,62.6077,64.6187,1358581,87789751.55
2025-08-27,STK0006,64.6571,65.8938,63.2184,64.4511,3168419,204208166.89
2025-08-28,STK0006,64.8415,66.5753,63.3221,65.051,3723842,242239822.71
2025-08-29,STK0006,65.95,66.7948,64.0356,64.8665,6373538,413429092.69
2025-09-01,STK0006,64.2824,67.5547,63.5428,66.7862,2323630,155186515.56
2025-09-02,STK0006,66.9127,67.5981,64.0807,64.7439,2135000,138228157.94
2025-09-03,STK0006,64.3232,65.3636,62.8792,63.913,1757546,112329983.85
2025-09-04,STK0006,64.3049,66.6395,63.6563,65.9741,2856315,188442761.77
2025-09-05,STK0006,65.6036,66.8609,64.237,65.4921,2912228,190727821.78
2025-09-08,STK0006,65.2275,67.0222,63.8949,65.6803,2054434,134935915.3
2025-09-09,STK0006,65.4485,66.8978,63.1719,64.6025,2555386,165084304.48
2025-09-10,STK0006,64.573,65.1453,64.0832,64.655,1346298,87044851.71
2025-09-11,STK0006,64.7805,65.6953,62.5806,63.477,3704617,235157957.72
2025-09-12,STK0006,63.6615,64.116,63.0751,63.5287,2062187,131007956.2
2025-09-15,STK0006,63.5265,64.9988,63.3445,64.8131,2636011,170848176.13
2025-09-16,STK0006,64.298,65.4734,63.052,64.226,1637900,105195817.85
2025-09-17,STK0006,64.5071,65.8244,63.5636,64.8755,2272615,147437045.33
2025-09-18,STK0006,64.8549,67.1728,63.6453,65.9429,2524316,166460793.38
2025-09-19,STK0006,66.4042,67.5304,66.1376,67.2604,2717491,182779433.76
2025-09-22,STK0006,66.9754,69.2088,65.3079,67.5275,3162605,213562918.66
2025-09-23,STK0006,66.8815,73.7727,65.2181,71.9825,4476380,322221071.67
2025-09-24,STK0006,71.9678,74.4022,71.0542,73.4695,3492755,256610942.01
2025-09-25,STK0006,74.043,75.8482,72.42,74.2213,3834934,284633688.55
2025-09-26,STK0006,74.293,74.8578,72.5398,73.0955,4506526,329406895.39
2025-09-29,STK0006,73.008,74.4915,71.6235,73.1051,3357670,245462823.25
2025-09-30,STK0006,72.7243,76.9829,71.1082,75.3094,2709129,204022878.06
2025-10-01,STK0006,76.1079,78.5537,74.5296,76.9578,3863898,297357276.41
2025-10-02,STK0006,76.4839,80.5093,74.9029,78.8788,3927589,309803394.71
2025-10-03,STK0006,78.5362,80.7785,77.5428,79.7695,3325149,265245398.45
2025-10-06,STK0006,80.0428,81.7124,76.0577,77.6781,1640887,127460973.73
2025-10-07,STK0006,76.8179,79.6303,75.4439,78.2311,2030740,158866976.47
2025-10-08,STK0006,78.8316,79.2295,76.8407,77.2304,2500223,193093241.38
2025-10-09,STK0006,77.5202,77.8788,74.4395,74.7855,3587276,268276172.39
2025-10-10,STK0006,75.1901,77.0647,73.7048,75.5718,2667857,201614844.21
2025-10-13,STK0006,75.8253,77.0678,74.2501,75.487,3987414,300998116.92
2025-10-14,STK0006,75.4141,77.6351,74.3624,76.5673,4314966,330385414.89
2025-10-15,STK0006,76.0805,79.1077,74.3407,77.3392,4110955,317938065.75
2025-10-16,STK0006,77.2743,79.7218,75.9474,78.3761,4066680,318730456.75
2025-10-17,STK0006,77.9188,78.7846,76.4898,77.3493,1859433,143825813.58
2025-10-20,STK0006,77.5752,78.4883,76.6815,77.5944,3188745,247428725.04
2025-10-21,STK0006,77.9709,79.2123,74.1566,75.3564,2231586,168164216.42
2025-10-22,STK0006,76.0271,77.5085,71.0678,72.4802,1558121,112932947.71
2025-10-23,STK0006,72.6421,74.9615,71.5539,73.8551,2533746,187130162.07
2025-10-24,STK0006,74.266,75.2835,71.78,72.7772,4503077,327721125.01
2025-10-27,STK0006,72.6475,74.7147,71.2876,73.3418,3270908,239894372.77
2025-10-28,STK0006,73.1317,75.6456,71.7991,74.2919,5559961,413060145.32
2025-10-29,STK0006,74.5034,76.0752,71.5072,73.0484,2872348,209820326.56
2025-10-30,STK0006,72.8792,74.3191,72.6286,74.0644,6232940,461639229.98
2025-10-31,STK0006,74.1842,75.6207,71.8396,73.2581,2849608,208756920.56
2025-11-03,STK0006,72.7932,73.7989,70.1935,71.1769,2710865,192951074.33
2025-11-04,STK0006,70.8014,71.412,70.5382,71.1475,1720828,122432629.08
2025-11-05,STK0006,71.4193,72.6775,69.3774,70.6216,3820566,269814313.41
2025-11-06,STK0006,70.9983,72.3104,69.0449,70.3449,2240703,157622106.02
2025-11-07,STK0006,69.9301,73.7752,68.9481,72.7535,2101503,152891594.42
2025-11-10,STK0006,73.0468,74.5265,69.5523,70.9904,4255990,302134473.61
2025-11-11,STK0006,70.7639,71.8221,70.1337,71.1881,3988982,283968016.06
2025-11-12,STK0006,71.1951,71.6682,69.3055,69.769,3904736,272429636.24
2025-11-13,STK0006,70.3647,71.4651,69.6564,70.7528,2239298,158436649.87
2025-11-14,STK0006,71.0964,71.9092,69.7972,70.6043,2510595,177258798.47
2025-11-17,STK0006,70.9423,72.5945,69.6648,71.3105,2461801,175552205.51
2025-11-18,STK0006,72.1319,73.6789,68.4057,69.905,3253166,227412464.28
2025-11-19,STK0006,69.6104,70.9038,67.6763,68.9576,4174136,287838521.5
2025-11-20,STK0006,68.5509,70.757,68.1395,70.3349,2788967,196161611.54
2025-11-21,STK0006,70.0308,73.5805,69.3008,72.8215,4946617,360220100.06
2025-11-24,STK0006,72.7104,74.1828,72.3,73.7665,3485775,257133352.55
2025-11-25,STK0006,72.7317,74.0259,71.2527,72.5436,2321485,168408935.49
2025-11-26,STK0006,72.4534,73.3586,71.8949,72.7974,3379468,246016616.09
2025-11-27,STK0006,72.56,77.0856,71.538,76.015,4505993,342523059.81
2025-11-28,STK0006,76.3733,77.917,73.8316,75.3547,4966447,374245038.58
2025-12-01,STK0006,75.5142,78.0028,74.1979,76.6664,3709633,284404259.17
2025-12-02,STK0006,76.3906,77.0676,74.3634,75.0283,2487986,186669435.24
2025-12-03,STK0006,75.2944,76.0214,73.787,74.5064,2320773,172912555.89
2025-12-04,STK0006,74.8305,76.8224,73.5563,75.5363,3108789,234826291.58
2025-12-05,STK0006,75.1887,76.7575,74.0881,75.6502,4508019,341032528.73
2025-12-08,STK0006,75.4267,75.7448,74.1266,74.4406,2964662,220691127.57
2025-12-09,STK0006,73.4532,75.6056,71.8298,73.9707,2984310,220751448.8
2025-12-10,STK0006,73.4882,76.17,72.4748,75.1339,2579003,193770559.03
2025-12-11,STK0006,74.7999,78.1185,73.836,77.1245,2234514,172335876.95
2025-12-12,STK0006,77.1589,79.3097,76.6524,78.7925,2348178,185018909.86
2025-12-15,STK0006,78.3469,82.1599,77.5108,81.2924,2674923,217450969.41
2025-12-16,STK0006,81.0424,81.8248,80.2261,81.0082,4676116,378803898.0
2025-12-17,STK0006,80.4148,81.0764,79.7272,80.3885,2362811,189942930.41
2025-12-18,STK0006,80.4711,84.0555,79.26,82.8092,2607084,215890416.99
2025-12-19,STK0006,83.0209,84.0697,81.928,82.9762,1961335,162744122.59
2025-12-22,STK0006,83.1768,85.0442,79.9143,81.7497,3479553,284452584.06
2025-12-23,STK0006,81.7558,83.6894,78.4669,80.3677,4321510,347309633.93
2025-12-24,STK0006,79.628,81.3536,79.0668,80.7843,4710232,380512722.45
2025-12-25,STK0006,80.4843,80.8306,79.4582,79.8015,2855157,227845893.95
2025-12-26,STK0006,79.6067,81.4055,78.0096,79.8044,3258156,260015167.96
2025-12-29,STK0006,79.6115,83.1116,77.6306,81.0939,2498964,202650632.55
2025-12-30,STK0006,81.1303,84.1348,79.3566,82.3347,3193149,262906942.32
2025-12-31,STK0006,83.0419,84.5605,82.8306,84.3458,3027903,255390978.46
2026-01-01,STK0006,84.7578,85.4171,81.6541,82.2943,2714670,223401900.34
2026-01-02,STK0006,81.8082,82.7981,81.563,82.5508,2744420,226553937.2
2026-01-05,STK0006,82.8875,84.7913,81.1569,83.0572,3041288,252600943.51
2026-01-06,STK0006,83.3769,84.6586,79.6583,80.9019,2327054,188263158.55
2026-01-07,STK0006,80.5116,81.6239,78.9631,80.0693,2441615,195498376.42
2026-01-08,STK0006,80.4781,81.6654,78.376,79.5496,4904415,390144080.71
2026-01-09,STK0006,79.4731,80.6294,78.8527,80.0048,7066854,565382583.31
2026-01-12,STK0006,79.3309,83.8817,78.0745,82.5739,1788237,147661661.42
2026-01-13,STK0006,82.7997,86.6671,82.5757,86.4332,1746561,150960918.69
2026-01-14,STK0006,86.5458,88.0048,83.1199,84.5452,1899678,160608691.72
2026-01-15,STK0006,84.4298,86.6181,82.8348,85.0121,2591569,220314650.53
2026-01-16,STK0006,84.993,86.8691,83.5073,85.3768,3703593,316200832.45
2026-01-19,STK0006,85.0092,86.5954,84.1898,85.7687,3393998,291098776.31
2026-01-20,STK0006,86.0833,87.8913,83.8472,85.6461,2921562,250220397.95
2026-01-21,STK0006,85.6238,88.0617,84.0434,86.4657,3303255,285618384.14
2026-01-22,STK0006,86.5521,89.4537,86.1236,89.013,2159985,192266766.66
2026-01-23,STK0006,89.204,90.5489,88.6252,89.9651,2560665,230370581.88
2026-01-26,STK0006,89.3441,90.8319,86.2464,87.707,2709120,237608735.45
2026-01-27,STK0006,87.2376,89.925,86.4825,89.1532,1584425,141256552.94
2026-01-28,STK0006,87.9789,91.5138,87.5612,91.0815,1836629,167282853.62
2026-01-29,STK0006,91.3906,93.2798,90.8821,92.7637,1833016,170037305.28
2026-01-30,STK0006,92.0914,96.9912,91.5565,96.431,3437277,331460054.78
2026-02-02,STK0006,96.5077,98.2766,95.2542,97.0164,2860707,277535523.98
2026-02-03,STK0006,97.2326,98.7854,95.2225,96.7678,3322713,321531714.12
2026-02-04,STK0006,97.1182,97.7065,95.1117,95.6914,1445060,138279778.94
2026-02-05,STK0006,95.0026,96.7494,90.7388,92.4385,1645613,152117923.18
2026-02-06,STK0006,92.4023,93.1843,91.0615,91.8387,3592745,329953100.33
2026-02-09,STK0006,92.7637,93.614,89.6792,90.5088,1076390,97422786.08
2026-02-10,STK0006,91.4446,92.0975,87.6304,88.2606,4432958,391255642.26
2026-02-11,STK0006,88.785,92.3087,87.004,90.4934,1515154,137111480.49
2026-02-12,STK0006,90.6769,94.1523,88.4937,91.9388,3823361,351515246.89
2026-02-13,STK0006,91.386,93.2116,90.1681,91.9857,2064301,189886083.6
2026-02-16,STK0006,92.3831,92.6572,90.6997,90.9695,3943249,358715524.01
2026-02-17,STK0006,90.8833,91.6098,90.1402,90.8665,8559583,777779282.58
2026-02-18,STK0006,91.1726,92.0533,90.6588,91.5375,1244779,113943943.21
2026-02-19,STK0006,91.1906,93.1406,87.9917,89.9144,3476170,312557772.59
2026-02-20,STK0006,89.8212,90.2365,89.4662,89.8813,1421898,127802057.9
2026-02-23,STK0006,89.9699,94.5611,87.79,92.3242,3099228,286133624.33
2026-02-24,STK0006,92.4607,93.8971,87.8541,89.2406,2549421,227511761.16
2026-02-25,STK0006,89.5053,90.9543,88.2605,89.7067,2959638,265499354.93
2026-02-26,STK0006,89.3955,91.3165,86.8349,88.7418,2004991,177926578.84
2026-02-27,STK0006,88.0295,88.2613,87.6438,87.8752,3606013,316879216.77
2026-03-02,STK0006,88.7361,90.4997,84.8423,86.5627,1627382,140870498.65
2026-03-03,STK0006,87.8652,88.2766,85.9825,86.3869,4234631,365816676.79
2026-03-04,STK0006,86.6191,92.5766,84.7709,90.6424,2386396,216308744.29
2026-03-05,STK0006,89.9252,91.1996,88.3852,89.6557,1669512,149681267.45
2026-03-06,STK0006,89.2407,90.9187,88.9368,90.6101,4772117,432401803.35
2026-03-09,STK0006,90.8873,95.3721,88.9637,93.3954,2648069,247317462.51
2026-03-10,STK0006,94.15,94.3974,92.7803,93.0248,5415618,503786537.98
2026-03-11,STK0006,92.3502,96.8517,91.8716,96.3523,4294321,413767753.47
2026-03-12,STK0006,96.2805,98.2398,94.3129,96.2721,2139378,205962345.25
2026-03-13,STK0006,96.3853,100.6516,95.162,99.3902,2638250,262216085.05
2026-03-16,STK0006,99.9071,102.5672,97.682,100.3326,2832682,284210373.03
2026-03-17,STK0006,100.126,102.8595,98.4624,101.1784,4779399,483571889.24
2026-03-18,STK0006,100.2335,102.4224,98.5956,100.7756,3330531,335636201.6
2026-03-19,STK0006,101.1519,102.0341,98.027,98.8895,2956472,292363947.65
2026-03-20,STK0006,99.5591,100.0643,97.7379,98.2364,2579602,253410826.46
2026-03-23,STK0006,98.1877,102.3599,95.8207,99.9504,2669457,266813183.12
2026-03-24,STK0006,100.1937,101.3763,99.7518,100.9312,4401054,444203659.41
2026-03-25,STK0006,100.6443,102.0701,99.0412,100.4645,2801620,281463464.14
2026-03-26,STK0006,99.956,100.7826,99.1167,99.9431,2408815,240744449.57
2026-03-27,STK0006,100.5605,102.7569,99.7485,101.9337,2271224,231514361.39
2026-03-30,STK0006,102.171,106.7203,100.5694,105.0732,2192337,230355955.23
2026-03-31,STK0006,105.3828,107.5276,101.8525,103.9685,1602841,166644960.71
2026-04-01,STK0006,104.9098,106.9949,100.4287,102.4652,2014612,206427574.12
2026-04-02,STK0006,101.8187,106.1783,99.5805,103.8945,4482542,465711259.18
2026-04-03,STK0006,103.5509,108.0212,102.6462,107.0856,2397229,256708714.59
2026-04-06,STK0006,107.1871,111.7894,105.8245,110.3862,3278711,361924378.23
2026-04-07,STK0006,110.0131,110.2567,107.8181,108.0574,1092519,118054802.64
2026-04-08,STK0006,108.5664,110.6484,104.6783,106.7251,3105543,331439301.44
2026-04-09,STK0006,106.6051,107.5597,103.1261,104.0578,2413900,251185234.75
2026-04-10,STK0006,103.44,106.207,101.8973,104.6462,2160204,226057236.26
2026-04-13,STK0006,104.6875,109.536,104.0705,108.8942,2794795,304336983.43
2026-04-14,STK0006,109.0056,111.2779,103.8171,106.0273,2197745,233021049.87
2026-04-15,STK0006,106.6236,108.8411,100.6033,102.74,1239912,127388589.3
2026-04-16,STK0006,102.9827,105.267,99.8948,102.1608,3647375,372618875.03
2026-04-17,STK0006,102.4439,102.757,101.6713,101.983,2818999,287489936.05
2026-04-20,STK0006,102.1792,105.1014,99.6424,102.5553,2312045,237112581.75
2026-04-21,STK0006,102.4396,104.5907,101.6509,103.7916,1827615,189691147.38
2026-04-22,STK0006,103.3466,106.7186,102.4044,105.7545,1529044,161703254.34
2026-04-23,STK0006,105.9379,106.7573,101.6611,102.4536,2801574,287031287.69
2026-04-24,STK0006,102.249,105.4196,101.4153,104.567,4594390,480421601.85
2025-07-21,STK0007,44.1824,44.8069,43.6105,44.2344,2547041,112666758.35
2025-07-22,STK0007,44.5229,45.897,43.5944,44.9594,1145677,51508966.97
2025-07-23,STK0007,44.7019,45.1942,44.1362,44.6277,1457689,65053281.31
2025-07-24,STK0007,44.6341,45.6232,44.1871,45.1708,737498,33313380.6
2025-07-25,STK0007,44.7979,45.4882,43.4517,44.1318,2187022,96517121.05
2025-07-28,STK0007,44.0838,44.6431,42.9507,43.5026,1063505,46265238.13
2025-07-29,STK0007,43.7216,44.7916,41.2621,42.2973,1791262,75765574.69
2025-07-30,STK0007,42.1871,43.8448,41.6016,43.2447,1175075,50815809.6
2025-07-31,STK0007,43.1802,43.6491,42.1742,42.6372,1514948,64593154.09
2025-08-01,STK0007,42.3492,43.534,41.8798,43.0568,1529234,65843880.4
2025-08-04,STK0007,42.8896,43.5843,42.2633,42.957,1043066,44806964.03
2025-08-05,STK0007,43.4125,43.8537,42.3751,42.8102,1748238,74842360.23
2025-08-06,STK0007,42.8289,44.5983,42.0311,43.7828,893241,39108575.97
2025-08-07,STK0007,43.5203,45.5678,43.0522,45.083,1521983,68615502.46
2025-08-08,STK0007,44.9979,45.9582,44.5103,45.4655,1008567,45855024.67
2025-08-11,STK0007,45.0318,46.4314,44.3028,45.6916,1278424,58413247.5
2025-08-12,STK0007,45.4144,45.7782,45.26,45.6231,953595,43505979.32
2025-08-13,STK0007,45.997,46.7823,44.4025,45.1737,1133894,51222198.24
2025-08-14,STK0007,45.1351,45.7496,44.4228,45.0359,760426,34246498.48
2025-08-15,STK0007,45.5498,46.3181,44.984,45.7499,1210689,55388849.44
2025-08-18,STK0007,45.7237,46.5715,44.2599,45.0961,1116375,50344154.34
2025-08-19,STK0007,45.0864,46.892,44.2099,45.9978,930284,42791041.15
2025-08-20,STK0007,46.175,47.2988,45.1839,46.3049,1110546,51423727.0
2025-08-21,STK0007,45.5683,46.7389,45.0843,46.2477,1172228,54212896.92
2025-08-22,STK0007,46.3046,47.1234,45.8637,46.6789,902756,42139689.48
2025-08-25,STK0007,46.6652,47.5253,45.6734,46.5309,1072741,49915641.12
2025-08-26,STK0007,46.9477,47.6698,45.8147,46.5304,803772,37399800.25
2025-08-27,STK0007,46.8005,47.5741,45.9041,46.6758,2574112,120148639.28
2025-08-28,STK0007,46.3593,48.3334,45.6743,47.6295,1659804,79055688.56
2025-08-29,STK0007,47.9858,48.9346,46.3339,47.2685,1261395,59624246.59
2025-09-01,STK0007,47.1942,48.5002,46.8935,48.1931,1766939,85154346.44
2025-09-02,STK0007,47.9323,48.7118,47.2238,48.0022,597879,28699514.76
2025-09-03,STK0007,48.059,48.7743,47.7881,48.5009,489749,23753288.85
2025-09-04,STK0007,48.442,48.9926,47.4689,48.0147,1038358,49856417.3
2025-09-05,STK0007,48.4599,50.7737,47.6229,49.9116,742668,37067737.97
2025-09-08,STK0007,50.0137,51.0129,49.3465,50.3414,1104589,55606503.53
2025-09-09,STK0007,50.4035,50.9444,49.5294,50.0666,1322428,66209532.91
2025-09-10,STK0007,50.3379,51.4632,48.3817,49.488,1700313,84145058.72
2025-09-11,STK0007,49.8136,50.7986,46.9775,47.9252,822168,39402603.97
2025-09-12,STK0007,48.1511,48.8303,46.6804,47.3482,1398722,66226981.82
2025-09-15,STK0007,47.7532,48.8922,46.1235,47.2505,1200249,56712344.41
2025-09-16,STK0007,47.4234,49.0608,46.8656,48.4905,1359979,65946042.45
2025-09-17,STK0007,48.5393,49.5162,47.1655,48.1342,991656,47732575.69
2025-09-18,STK0007,48.4934,48.7777,47.5461,47.8265,1962287,93849370.27
2025-09-19,STK0007,47.8004,49.3697,47.3906,48.95,1143840,55990989.19
2025-09-22,STK0007,48.9598,50.9388,48.4812,50.4456,2211103,111540407.71
2025-09-23,STK0007,50.9694,52.2845,50.7434,52.0537,916810,47723358.5
2025-09-24,STK0007,52.5627,53.2745,50.6789,51.3746,1518142,77993991.14
2025-09-25,STK0007,51.3721,51.702,50.9386,51.2679,1181621,60579207.53
2025-09-26,STK0007,51.1286,53.8825,50.2805,53.0034,1068956,56658311.86
2025-09-29,STK0007,53.4708,53.8115,53.0477,53.3879,1499031,80030137.12
2025-09-30,STK0007,53.6449,53.9046,53.2111,53.4699,1091300,58351725.18
2025-10-01,STK0007,53.5713,54.8725,52.0741,53.3704,482528,25752696.5
2025-10-02,STK0007,53.2674,55.0975,52.3544,54.1691,421083,22809684.46
2025-10-03,STK0007,54.277,55.5546,52.1019,53.3579,1949141,104002065.71
2025-10-06,STK0007,53.3509,54.0588,52.5154,53.2215,1935601,103015679.34
2025-10-07,STK0007,53.0098,54.1133,52.8631,53.9639,2501298,134979854.7
2025-10-08,STK0007,54.0057,54.8272,52.8364,53.6525,1294262,69440351.58
2025-10-09,STK0007,53.738,54.5355,52.4044,53.1939,853101,45379743.17
2025-10-10,STK0007,53.0742,53.1986,52.5256,52.6491,1173753,61796995.67
2025-10-13,STK0007,52.9354,54.0898,49.7403,50.8492,1328398,67547996.91
2025-10-14,STK0007,51.244,52.0771,49.3484,50.164,967227,48520008.62
2025-10-15,STK0007,50.4568,51.6475,49.4917,50.6781,2429116,123103076.53
2025-10-16,STK0007,50.5942,51.3603,49.9183,50.6832,3055018,154838026.45
2025-10-17,STK0007,50.9135,51.7395,49.6366,50.4551,1649974,83249629.95
2025-10-20,STK0007,50.4787,51.3105,50.0788,50.9072,1412661,71914676.95
2025-10-21,STK0007,50.5312,51.764,48.477,49.6893,892001,44322885.55
2025-10-22,STK0007,49.8902,50.4498,49.2794,49.8384,2434128,121313123.29
2025-10-23,STK0007,49.8821,51.5997,49.5961,51.3055,1449540,74369439.98
2025-10-24,STK0007,52.1102,52.2814,50.9633,51.1313,1306062,66780617.78
2025-10-27,STK0007,51.5803,52.4382,49.4529,50.2893,1721532,86574632.68
2025-10-28,STK0007,50.5043,51.7476,48.8168,50.0489,1201828,60150111.56
2025-10-29,STK0007,50.1237,51.2567,46.7248,47.8054,1503489,71874823.56
2025-10-30,STK0007,47.8523,49.3916,46.9839,48.5112,860910,41763767.27
2025-10-31,STK0007,48.2199,52.6419,47.0249,51.3688,2099580,107852877.5
2025-11-03,STK0007,50.8356,52.5743,49.8888,51.613,1388282,71653438.39
2025-11-04,STK0007,51.3435,51.8468,50.7754,51.2781,2191549,112378501.85
2025-11-05,STK0007,51.2634,52.8744,50.452,52.0505,1354106,70481898.59
2025-11-06,STK0007,51.3971,54.1605,51.2,53.9536,1386249,74793163.41
2025-11-07,STK0007,53.7777,55.1235,53.396,54.7349,968195,52994101.02
2025-11-10,STK0007,54.6537,55.2879,52.2801,52.8938,1865864,98692687.97
2025-11-11,STK0007,52.8255,53.4264,52.4746,53.0739,1061949,56361808.02
2025-11-12,STK0007,52.8636,56.7079,51.5986,55.3826,1210936,67064740.52
2025-11-13,STK0007,55.2692,57.1773,53.8931,55.7883,1416690,79034695.74
2025-11-14,STK0007,56.3683,56.962,53.4125,53.981,1485027,80163309.4
2025-11-17,STK0007,54.1959,55.52,53.2035,54.5216,797943,43505124.65
2025-11-18,STK0007,54.3386,54.9569,52.421,53.0244,1358283,72022119.09
2025-11-19,STK0007,53.0026,54.5013,52.7266,54.2189,1941203,105249840.73
2025-11-20,STK0007,54.2097,54.7382,53.0298,53.5519,1304337,69849712.35
2025-11-21,STK0007,53.3057,54.2612,52.913,53.8644,1394419,75109481.35
2025-11-24,STK0007,53.6164,54.1282,52.8858,53.3955,1594668,85148084.45
2025-11-25,STK0007,53.7202,54.0933,52.4512,52.8181,1426667,75353793.38
2025-11-26,STK0007,52.6852,54.2635,52.4437,54.0159,1029649,55617405.76
2025-11-27,STK0007,53.6623,54.4493,53.2866,54.0708,1476605,79841151.6
2025-11-28,STK0007,54.0568,55.291,51.4189,52.6204,2116492,111370600.69
2025-12-01,STK0007,52.6576,52.8662,50.5938,50.795,1018397,51729432.92
2025-12-02,STK0007,50.1973,50.6726,47.998,48.4569,1258348,60975598.2
2025-12-03,STK0007,48.445,49.1307,46.236,46.8998,895633,42005024.22
2025-12-04,STK0007,47.1447,47.6623,46.666,47.1832,2002964,94506175.23
2025-12-05,STK0007,47.3111,48.2445,46.6532,47.5829,1401825,66702889.02
2025-12-08,STK0007,48.2238,48.3684,46.7828,46.9235,1095407,51400309.23
2025-12-09,STK0007,47.277,49.7335,46.4773,48.9062,1493848,73058361.31
2025-12-10,STK0007,49.3332,50.0712,47.3832,48.1028,948498,45625446.54
2025-12-11,STK0007,48.9178,49.7818,47.402,48.2543,1004109,48452567.76
2025-12-12,STK0007,48.4743,49.2037,46.1731,46.8785,869770,40773525.87
2025-12-15,STK0007,46.9244,48.1958,46.3579,47.621,1016876,48424625.29
2025-12-16,STK0007,47.9,49.4703,47.4185,48.9779,2328524,114046249.56
2025-12-17,STK0007,48.8138,49.1657,46.9438,47.2846,1129892,53426466.1
2025-12-18,STK0007,47.3151,48.0303,46.6763,47.3905,1746066,82746945.44
2025-12-19,STK0007,47.2067,47.7631,47.084,47.6393,1103719,52580425.12
2025-12-22,STK0007,47.7532,48.2092,46.1722,46.6173,1925462,89759899.09
2025-12-23,STK0007,46.4353,48.0373,45.6185,47.2069,1037150,48960635.41
2025-12-24,STK0007,47.0127,48.1808,46.8012,47.965,1513625,72600969.79
2025-12-25,STK0007,48.0841,48.2498,47.1694,47.3325,1534203,72617685.01
2025-12-26,STK0007,47.2934,48.6499,46.4894,47.8367,3430357,164096896.57
2025-12-29,STK0007,47.2866,49.6588,46.7594,49.1112,1866102,91646585.86
2025-12-30,STK0007,48.6842,52.0243,47.689,50.9822,1234345,62929574.38
2025-12-31,STK0007,50.6324,52.1345,49.4396,50.9346,1964673,100069771.81
2026-01-01,STK0007,50.6654,52.5028,49.4489,51.2716,3276288,167980647.89
2026-01-02,STK0007,51.3993,52.0052,49.7125,50.3055,856899,43106747.01
2026-01-05,STK0007,50.3716,51.0775,49.9647,50.6681,1126761,57090874.23
2026-01-06,STK0007,50.993,51.8088,48.728,49.5202,1396848,69172188.75
2026-01-07,STK0007,49.7444,50.5626,48.5909,49.4035,1289149,63688521.03
2026-01-08,STK0007,49.7223,50.9974,48.9111,50.1788,1320613,66266787.91
2026-01-09,STK0007,50.3623,50.8358,49.6754,50.1468,920295,46149849.93
2026-01-12,STK0007,50.2099,50.7558,50.0359,50.5804,2396274,121204615.23
2026-01-13,STK0007,50.9152,54.1257,50.5674,53.7586,893246,48019619.22
2026-01-14,STK0007,54.0559,54.356,52.7029,52.9971,1336773,70845136.85
2026-01-15,STK0007,53.1169,53.3745,51.9885,52.2418,2078498,108584492.82
2026-01-16,STK0007,52.6417,53.9347,51.415,52.7064,1425029,75108190.73
2026-01-19,STK0007,51.9698,52.8458,51.8493,52.7236,1030161,54313800.79
2026-01-20,STK0007,52.6318,54.2016,51.798,53.3563,899959,48018489.18
2026-01-21,STK0007,53.2585,55.1392,51.9914,53.8578,1315357,70842279.27
2026-01-22,STK0007,54.2316,54.7892,52.9449,53.4949,1081214,57839440.26
2026-01-23,STK0007,54.0017,54.7643,50.316,51.0368,1502009,76657758.98
2026-01-26,STK0007,50.5947,51.5055,48.178,49.0612,856199,42006182.68
2026-01-27,STK0007,49.4784,49.9383,47.1731,47.6156,1862719,88694561.57
2026-01-28,STK0007,47.2821,48.9764,46.6681,48.3485,1455073,70350647.25
2026-01-29,STK0007,48.0186,49.14,47.0201,48.139,1483949,71435851.31
2026-01-30,STK0007,48.0714,51.6825,47.1512,50.7117,2287295,115992698.12
2026-02-02,STK0007,50.615,52.0,49.5726,50.9507,1230450,62692258.45
2026-02-03,STK0007,50.4765,51.7237,48.9786,50.2195,1099672,55224985.45
2026-02-04,STK0007,50.4157,50.946,47.8951,48.4042,1160628,56179282.93
2026-02-05,STK0007,48.6019,50.0218,47.6696,49.0803,1380854,67772770.55
2026-02-06,STK0007,49.3917,50.1753,47.2152,47.9763,1439886,69080349.31
2026-02-09,STK0007,47.8517,48.681,46.1197,46.9331,1088671,51094755.87
2026-02-10,STK0007,46.922,48.5559,46.0297,47.6497,726339,34609860.48
2026-02-11,STK0007,47.641,48.8061,46.7242,47.8846,1195263,57234745.96
2026-02-12,STK0007,48.3721,49.4543,47.1198,48.1981,1672411,80607044.39
2026-02-13,STK0007,47.3854,49.3235,46.9099,48.8335,1541650,75284117.9
2026-02-16,STK0007,48.5539,49.5914,47.727,48.761,2222005,108347173.56
2026-02-17,STK0007,48.7626,49.1745,48.1738,48.5842,2965732,144087790.26
2026-02-18,STK0007,48.2688,49.0254,46.3305,47.0683,1967899,92625613.43
2026-02-19,STK0007,46.9954,49.5507,46.0894,48.6136,2483519,120732715.04
2026-02-20,STK0007,48.5768,49.5577,47.11,48.0809,2015141,96889804.71
2026-02-23,STK0007,47.8915,50.9248,47.333,50.3377,2784634,140172087.2
2026-02-24,STK0007,50.3572,51.0471,49.5429,50.2311,2952407,148302607.9
2026-02-25,STK0007,50.4208,51.972,49.9328,51.4738,2194310,112949428.72
2026-02-26,STK0007,51.4009,52.199,51.0982,51.8935,2018216,104732264.86
2026-02-27,STK0007,51.7526,52.7603,51.339,52.342,1507081,78883622.15
2026-03-02,STK0007,52.29,53.4915,49.8794,51.0526,1616551,82529083.44
2026-03-03,STK0007,51.0503,52.1383,50.5854,51.6678,1461845,75530290.75
2026-03-04,STK0007,51.1311,55.908,49.8825,54.5753,2052694,112026448.36
2026-03-05,STK0007,54.7267,55.1401,53.4628,53.8697,1286148,69284457.69
2026-03-06,STK0007,53.7242,55.3736,52.7232,54.3608,1519100,82579529.0
2026-03-09,STK0007,54.7739,55.6064,52.5478,53.3588,711304,37954352.63
2026-03-10,STK0007,53.5484,54.5138,52.5625,53.5275,2974433,159214093.53
2026-03-11,STK0007,53.9047,56.3471,52.9985,55.4155,1497152,82965475.79
2026-03-12,STK0007,55.0804,56.0859,53.3425,54.3344,1906461,103586454.68
2026-03-13,STK0007,54.2135,55.451,52.1777,53.3966,2708353,144616872.25
2026-03-16,STK0007,53.0,55.419,52.2072,54.6022,1827271,99772981.38
2026-03-17,STK0007,54.3716,55.6647,54.178,55.4672,2754367,152777126.63
2026-03-18,STK0007,55.8855,57.83,55.4256,57.358,1078495,61860331.53
2026-03-19,STK0007,57.8722,58.9306,55.1632,56.1909,3776314,212194586.8
2026-03-20,STK0007,55.8052,56.5509,54.8496,55.5925,2452274,136328156.18
2026-03-23,STK0007,55.4399,56.2502,54.2249,55.0292,1799700,99036122.48
2026-03-24,STK0007,55.0041,56.9397,54.1393,56.0583,2750997,154216341.87
2026-03-25,STK0007,56.2557,56.8632,53.795,54.3823,1104094,60043216.19
2026-03-26,STK0007,53.8111,56.0775,52.7457,54.9887,1491387,82009426.94
2026-03-27,STK0007,54.4624,56.5019,53.4471,55.4679,2799302,155271402.24
2026-03-30,STK0007,55.6311,57.1805,54.6059,56.1458,896911,50357808.21
2026-03-31,STK0007,55.4931,56.9055,54.4691,55.8745,2111713,117990813.1
2026-04-01,STK0007,55.7249,56.9775,53.5206,54.7513,2087544,114295758.04
2026-04-02,STK0007,54.8046,56.9762,53.9445,56.0958,3484214,195449925.43
2026-04-03,STK0007,56.2359,57.5992,53.8252,55.1625,1006104,55499224.87
2026-04-06,STK0007,55.1156,56.8115,54.8543,56.5434,3066810,173407763.51
2026-04-07,STK0007,56.4194,59.7736,55.4865,58.8013,1442711,84833247.14
2026-04-08,STK0007,59.1,60.7511,58.0073,59.6483,1490733,88919638.59
2026-04-09,STK0007,59.7504,60.5258,56.5101,57.253,1140884,65319030.05
2026-04-10,STK0007,57.0312,58.1535,56.5391,57.656,1199398,69152541.58
2026-04-13,STK0007,57.6691,59.9816,56.8242,59.1155,2039787,120583125.82
2026-04-14,STK0007,59.2516,59.8672,58.319,58.9312,1188877,70062002.33
2026-04-15,STK0007,59.5419,60.906,55.9292,57.2405,2298087,131543752.72
2026-04-16,STK0007,57.5112,59.0929,56.9243,58.4959,1387279,81150072.07
2026-04-17,STK0007,58.9237,59.2797,57.4817,57.8311,1134546,65612042.98
2026-04-20,STK0007,57.6196,60.2214,56.7405,59.3164,1430647,84860794.96
2026-04-21,STK0007,59.1301,60.0903,58.4733,59.4301,1905277,113230864.96
2026-04-22,STK0007,59.3463,60.7026,59.0967,60.4484,1560398,94323569.51
2026-04-23,STK0007,60.3964,61.3018,58.1942,59.0799,1715067,101326006.11
2026-04-24,STK0007,58.7237,59.5676,57.0665,57.8985,2139704,123885730.1
2025-07-21,STK0008,66.9334,68.1343,64.9718,66.1589,3102462,205255360.29
2025-07-22,STK0008,66.1659,68.1572,64.7452,66.7245,3973499,265129683.92
2025-07-23,STK0008,66.7983,69.0578,65.8341,68.0752,3481253,236987127.61
2025-07-24,STK0008,68.7101,69.9222,68.1949,69.4018,7949595,551716095.1
2025-07-25,STK0008,68.7877,70.4989,67.5222,69.2254,3552559,245927424.15
2025-07-28,STK0008,68.848,69.7784,67.8267,68.7558,5893030,405179950.64
2025-07-29,STK0008,69.9225,70.3468,67.7561,68.1697,6924508,472041480.48
2025-07-30,STK0008,68.0581,68.8398,66.278,67.0481,4771233,319902087.57
2025-07-31,STK0008,66.2917,69.7599,65.1911,68.6207,3080524,211387847.53
2025-08-01,STK0008,68.3813,70.5129,67.088,69.204,3103219,214755270.78
2025-08-04,STK0008,68.0638,69.2524,67.5469,68.7305,6572207,451710749.95
2025-08-05,STK0008,68.8299,70.6535,67.3054,69.1226,3133688,216608684.94
2025-08-06,STK0008,69.4593,70.2045,68.0458,68.7838,5521879,379815725.49
2025-08-07,STK0008,68.4086,68.972,67.3272,67.8863,4996488,339193124.4
2025-08-08,STK0008,67.6948,68.7527,67.2557,68.3096,5341085,364847175.17
2025-08-11,STK0008,68.6892,70.097,66.0572,67.4394,5554233,374574101.05
2025-08-12,STK0008,66.7349,67.412,65.7777,66.4519,3311073,220027251.27
2025-08-13,STK0008,65.9271,66.7919,63.4772,64.321,3270185,210341469.23
2025-08-14,STK0008,64.233,64.6906,62.4392,62.8873,5801452,364837543.85
2025-08-15,STK0008,62.604,63.7172,61.3427,62.4531,3578231,223471632.1
2025-08-18,STK0008,62.3431,63.5877,61.0459,62.2894,1733093,107953375.96
2025-08-19,STK0008,61.8189,62.4252,60.4589,61.0577,5745077,350780902.78
2025-08-20,STK0008,61.1362,63.737,59.685,62.2592,3240817,201770689.42
2025-08-21,STK0008,62.2035,62.3717,61.9618,62.1298,5614825,348847761.06
2025-08-22,STK0008,62.3348,62.9303,62.0196,62.6136,7673769,480482421.44
2025-08-25,STK0008,62.6889,63.6633,61.3061,62.274,4848511,301936183.05
2025-08-26,STK0008,62.3513,63.4819,60.4915,61.6086,6681485,411637085.48
2025-08-27,STK0008,61.0763,62.3626,60.602,61.8821,5032128,311398525.24
2025-08-28,STK0008,62.0652,62.9803,59.7591,60.6534,8250006,500390555.01
2025-08-29,STK0008,60.5331,61.9886,59.9687,61.4161,3218520,197668820.76
2025-09-01,STK0008,61.3547,62.2593,60.311,61.2135,4697362,287542012.92
2025-09-02,STK0008,61.5997,63.1446,60.5424,62.079,6047573,375427287.76
2025-09-03,STK0008,61.8116,63.3182,60.0084,61.5076,4531873,278744567.16
2025-09-04,STK0008,62.0083,63.1577,61.2343,62.3792,7273802,453733697.13
2025-09-05,STK0008,62.9221,63.9861,60.3357,61.3734,4186093,256914929.47
2025-09-08,STK0008,61.6513,62.5942,60.1324,61.0664,10126591,618394821.56
2025-09-09,STK0008,60.7082,62.0186,60.1434,61.4469,10362675,636754345.37
2025-09-10,STK0008,60.6461,62.9167,60.1718,62.4285,5486479,342512505.03
2025-09-11,STK0008,62.8339,65.5831,61.2806,64.001,6049841,387195666.88
2025-09-12,STK0008,64.0438,64.751,63.611,64.3164,7662577,492828997.21
2025-09-15,STK0008,64.0294,68.144,62.7375,66.7963,3252214,217235984.62
2025-09-16,STK0008,67.2683,67.6297,66.3234,66.6816,3107088,207185492.14
2025-09-17,STK0008,66.3378,69.1224,64.9778,67.7338,7477325,506467813.33
2025-09-18,STK0008,67.5617,67.9854,66.2788,66.6971,5323734,355077560.02
2025-09-19,STK0008,66.9075,68.8884,65.2853,67.2578,4579689,308019588.1
2025-09-22,STK0008,66.8099,67.9976,63.4273,64.5753,4941603,319105446.49
2025-09-23,STK0008,64.5329,64.7957,63.3785,63.6377,2139540,136155349.7
2025-09-24,STK0008,64.0549,65.4228,62.9056,64.2696,4666251,299898096.41
2025-09-25,STK0008,64.3511,65.3732,62.0414,63.0427,3715341,234225166.78
2025-09-26,STK0008,63.5163,64.1813,62.8962,63.5607,6616260,420534184.88
2025-09-29,STK0008,63.9945,65.2464,63.4827,64.7288,6834161,442366721.93
2025-09-30,STK0008,64.7318,65.9313,63.214,64.4076,5652264,364048622.17
2025-10-01,STK0008,63.5109,64.7208,61.5252,62.7201,5227726,327883449.93
2025-10-02,STK0008,62.3053,62.8988,61.4752,62.0664,2740135,170070294.87
2025-10-03,STK0008,62.3513,63.7326,59.4732,60.8206,5776794,351348156.33
2025-10-06,STK0008,60.2575,60.9652,59.7644,60.4704,5888656,356089398.49
2025-10-07,STK0008,60.352,60.6992,60.1343,60.4811,7402286,447698168.19
2025-10-08,STK0008,60.604,61.6817,59.6467,60.7224,10080184,612093171.71
2025-10-09,STK0008,61.2602,62.5222,60.9868,62.2444,2678167,166700918.29
2025-10-10,STK0008,62.03,62.5488,61.307,61.824,4207326,260113835.39
2025-10-13,STK0008,61.5858,63.5852,60.7442,62.728,3723775,233584865.45
2025-10-14,STK0008,62.7082,63.2467,60.9104,61.4379,5080569,312139693.35
2025-10-15,STK0008,61.5674,62.0137,61.1399,61.586,4897323,301606712.44
2025-10-16,STK0008,61.5291,64.2966,60.4109,63.149,4594650,290147446.0
2025-10-17,STK0008,63.5478,65.6863,62.6212,64.7423,7294945,472291256.48
2025-10-20,STK0008,64.4326,65.9575,63.0592,64.581,3441486,222254576.47
2025-10-21,STK0008,64.6276,66.0914,63.6343,65.091,3464954,225537371.03
2025-10-22,STK0008,65.2651,66.2583,64.4089,65.4003,3552912,232361547.39
2025-10-23,STK0008,65.2434,65.766,64.602,65.1235,4518999,294293131.95
2025-10-24,STK0008,65.4525,67.1048,64.1292,65.775,3351229,220427092.86
2025-10-27,STK0008,65.8338,67.9184,65.404,67.4779,5016986,338535543.83
2025-10-28,STK0008,67.798,68.3113,67.0623,67.5739,4846674,327508898.23
2025-10-29,STK0008,67.6527,69.3266,66.2079,67.8769,3836862,260434447.99
2025-10-30,STK0008,68.0304,70.2365,66.7346,68.9237,6925874,477356628.25
2025-10-31,STK0008,68.6626,69.7678,66.1182,67.1999,5100325,342741263.79
2025-11-03,STK0008,66.946,68.2563,66.7522,68.0592,7740929,526841523.42
2025-11-04,STK0008,68.561,68.8988,66.3217,66.6501,5037729,335765230.44
2025-11-05,STK0008,66.9047,67.8079,65.1257,66.0168,5238443,345825469.65
2025-11-06,STK0008,65.6129,70.2333,64.3554,68.9126,4351318,299860468.95
2025-11-07,STK0008,68.9874,69.8618,67.6027,68.4705,5457995,373711652.03
2025-11-10,STK0008,67.5022,67.9264,67.3404,67.7639,6929583,469575711.49
2025-11-11,STK0008,67.531,69.3313,67.1097,68.9015,4672358,321932583.33
2025-11-12,STK0008,69.3,70.377,66.5359,67.5863,6607980,446608772.27
2025-11-13,STK0008,67.5355,68.749,65.6862,66.8879,4185513,279960315.24
2025-11-14,STK0008,66.9353,68.0882,66.7499,67.9002,7530495,511322436.7
2025-11-17,STK0008,66.6824,68.3705,66.4826,68.1663,4661480,317755652.48
2025-11-18,STK0008,68.006,68.5508,65.5566,66.0859,7580216,500945593.49
2025-11-19,STK0008,66.2202,67.008,65.9606,66.7463,5854189,390745331.96
2025-11-20,STK0008,66.9329,67.901,65.5159,66.4775,9585114,637194210.16
2025-11-21,STK0008,66.8624,68.8754,66.5385,68.5433,3747175,256843836.91
2025-11-24,STK0008,68.4569,69.6145,66.9379,68.0892,3344373,227715772.46
2025-11-25,STK0008,68.0216,70.7303,66.6696,69.3518,4589656,318301128.42
2025-11-26,STK0008,68.7997,73.1558,67.1264,71.4188,3539839,252810938.05
2025-11-27,STK0008,71.3312,73.0298,68.6288,70.3029,3566532,250737698.87
2025-11-28,STK0008,69.7728,70.351,68.7485,69.323,7149607,495632513.98
2025-12-01,STK0008,68.5587,69.3663,68.3752,69.1811,5849037,404642775.16
2025-12-02,STK0008,68.7321,69.3903,66.9142,67.5612,5260566,355410279.47
2025-12-03,STK0008,68.1756,69.4228,66.236,67.4704,5490720,370461005.59
2025-12-04,STK0008,67.3609,67.5995,67.1336,67.3721,5108767,344188414.28
2025-12-05,STK0008,67.4611,68.1541,66.0136,66.6988,11002831,733875917.35
2025-12-08,STK0008,66.4936,67.1933,65.9049,66.6036,4728151,314911659.09
2025-12-09,STK0008,65.8918,67.7157,65.4276,67.242,3838220,258089686.11
2025-12-10,STK0008,67.6208,68.8542,66.0668,67.2943,7991306,537769555.36
2025-12-11,STK0008,66.423,68.0355,65.2832,66.8877,5606804,375026501.38
2025-12-12,STK0008,66.6655,67.6199,64.8965,65.839,12676329,834597267.97
2025-12-15,STK0008,65.8175,67.3278,64.1126,65.6184,5262999,345349600.44
2025-12-16,STK0008,65.7092,65.9965,64.894,65.179,8487420,553201579.88
2025-12-17,STK0008,64.8955,65.2487,64.1816,64.5328,9053356,584238814.42
2025-12-18,STK0008,63.8251,65.9656,63.1346,65.2595,5269626,343893155.57
2025-12-19,STK0008,64.9466,66.0562,61.4155,62.4831,4872800,304467464.42
2025-12-22,STK0008,62.203,63.163,60.8859,61.8404,7982662,493650742.68
2025-12-23,STK0008,61.5542,61.8544,61.3262,61.6262,7611743,469083050.49
2025-12-24,STK0008,61.986,63.4763,59.0078,60.4615,3858011,233261056.14
2025-12-25,STK0008,60.0228,62.2569,59.4816,61.7006,4106307,253361610.22
2025-12-26,STK0008,61.8121,62.4461,61.1207,61.7541,2477767,153012189.83
2025-12-29,STK0008,61.8127,62.823,60.7398,61.749,7402642,457105819.32
2025-12-30,STK0008,62.1059,63.5802,59.8531,61.3085,5544629,339932699.12
2025-12-31,STK0008,61.2595,62.3609,60.2033,61.3039,5697232,349262663.2
2026-01-01,STK0008,61.5956,63.0714,59.1385,60.5902,3294470,199612590.2
2026-01-02,STK0008,60.5276,60.9098,59.9377,60.3186,4099326,247265634.9
2026-01-05,STK0008,60.476,61.4577,57.9762,58.9328,5057377,298045553.49
2026-01-06,STK0008,58.4038,59.9465,57.1736,58.7098,4763346,279655131.62
2026-01-07,STK0008,57.7878,58.5799,55.3781,56.1477,6177010,346825199.23
2026-01-08,STK0008,56.2751,56.8564,54.9231,55.4964,7124365,395376548.7
2026-01-09,STK0008,55.6402,58.6949,54.2687,57.2829,13000661,744715699.13
2026-01-12,STK0008,57.4466,58.5862,57.1454,58.2806,5855712,341274688.8
2026-01-13,STK0008,58.0974,60.9279,57.4321,60.2381,8834384,532166084.89
2026-01-14,STK0008,60.7789,62.6594,59.4364,61.3053,4436124,271957803.91
2026-01-15,STK0008,61.1364,63.211,59.7479,61.8073,3261260,201569632.83
2026-01-16,STK0008,61.9636,63.4847,59.4567,60.9531,5288053,322323042.49
2026-01-19,STK0008,61.1709,62.5382,58.3492,59.6832,3342465,199488880.66
2026-01-20,STK0008,60.3018,60.5977,60.1105,60.4061,5988367,361733876.68
2026-01-21,STK0008,60.2913,62.1432,58.8814,60.7232,4624332,280804315.68
2026-01-22,STK0008,60.4857,64.1785,59.7691,63.4271,3106191,197016580.38
2026-01-23,STK0008,62.8595,63.9273,61.3743,62.4349,11186233,698411484.52
2026-01-26,STK0008,63.0192,64.9955,62.3216,64.284,4986232,320534860.01
2026-01-27,STK0008,64.4467,65.7817,62.9036,64.2342,3382143,217249235.89
2026-01-28,STK0008,64.409,67.1594,63.4271,66.1508,8057561,533014244.44
2026-01-29,STK0008,67.3995,70.552,65.9539,69.0706,4494302,310424359.03
2026-01-30,STK0008,69.2055,69.6523,68.6259,69.0718,8576745,592411591.03
2026-02-02,STK0008,68.5342,69.0848,68.1056,68.6554,4574734,314080361.49
2026-02-03,STK0008,68.5748,69.4065,66.1643,66.9767,4817132,322635522.22
2026-02-04,STK0008,66.5861,66.7265,64.5044,64.6408,6634783,428877450.18
2026-02-05,STK0008,64.4874,66.7122,63.3308,65.5368,7286885,477558892.62
2026-02-06,STK0008,65.3787,65.9546,64.4039,64.9763,7925354,514960119.98
2026-02-09,STK0008,64.7478,65.8335,63.7884,64.8723,5919342,384001211.21
2026-02-10,STK0008,64.3322,65.5132,64.1,65.2776,7467268,487445139.55
2026-02-11,STK0008,65.9043,66.2948,62.7061,63.0798,8114395,511854508.65
2026-02-12,STK0008,63.193,66.0588,62.1613,64.9976,6804388,442269073.72
2026-02-13,STK0008,64.9098,65.4959,64.0752,64.6591,5918786,382703330.51
2026-02-16,STK0008,64.9537,65.6738,64.503,65.2212,3744853,244243845.46
2026-02-17,STK0008,65.4058,66.0058,64.9307,65.5298,7655021,501631924.21
2026-02-18,STK0008,65.6383,66.928,65.1827,66.4667,6276141,417154113.71
2026-02-19,STK0008,66.7404,67.83,65.0633,66.1432,5386454,356277034.95
2026-02-20,STK0008,66.1963,66.584,63.2728,63.6455,9829488,625603057.32
2026-02-23,STK0008,63.902,65.0956,63.2411,64.4293,3835541,247121150.05
2026-02-24,STK0008,64.7211,65.8745,63.5668,64.7202,11210054,725517337.13
2026-02-25,STK0008,64.7835,65.6784,63.0426,63.9257,6187720,395554136.59
2026-02-26,STK0008,63.8412,64.9045,62.8365,63.8989,7084799,452710940.42
2026-02-27,STK0008,64.4884,64.9895,62.5277,63.0174,5550015,349747458.31
2026-03-02,STK0008,62.837,64.3106,59.7101,61.1441,3501920,214121634.09
2026-03-03,STK0008,61.2878,62.3196,60.5818,61.6099,5959688,367175813.65
2026-03-04,STK0008,61.7631,62.3474,61.2319,61.8157,6854414,423710575.62
2026-03-05,STK0008,61.5901,62.9943,59.6609,61.0529,7728707,471859744.14
2026-03-06,STK0008,60.7577,61.9109,59.7204,60.8717,5674460,345414151.15
2026-03-09,STK0008,60.7426,62.8897,59.7634,61.892,2799052,173238914.21
2026-03-10,STK0008,61.7095,63.6083,60.3275,62.215,3599725,223956809.09
2026-03-11,STK0008,61.673,62.6684,61.4667,62.4594,12444808,777295498.65
2026-03-12,STK0008,62.2157,63.5389,60.5927,61.9093,4184156,259038316.17
2026-03-13,STK0008,62.0083,63.5137,60.9175,62.4158,10443299,651826557.47
2026-03-16,STK0008,62.8917,64.3463,62.2451,63.6916,4644677,295826875.87
2026-03-17,STK0008,63.9038,65.135,63.3992,64.6247,6039490,390300219.52
2026-03-18,STK0008,63.6246,65.5338,63.3439,65.2461,7877345,513965877.94
2026-03-19,STK0008,65.4976,67.0463,63.9115,65.4593,4653730,304629931.1
2026-03-20,STK0008,65.2405,65.5839,63.0121,63.3456,10760039,681600905.58
2026-03-23,STK0008,63.518,64.0241,61.9294,62.4268,6263654,391019830.51
2026-03-24,STK0008,62.4215,63.9475,61.3044,62.8233,7090554,445451868.82
2026-03-25,STK0008,62.7507,63.9011,60.9368,62.0748,5467976,339423609.45
2026-03-26,STK0008,62.0368,62.3902,60.5088,60.8556,7550315,459478780.46
2026-03-27,STK0008,60.8474,62.1085,57.7275,58.9493,10494936,618668860.86
2026-03-30,STK0008,59.4267,60.243,57.2203,58.0172,5662120,328500569.97
2026-03-31,STK0008,58.0104,59.2585,56.5897,57.834,10750092,621720996.79
2026-04-01,STK0008,58.2119,58.4452,57.3857,57.6166,4725915,272291149.33
2026-04-02,STK0008,57.9424,58.1154,57.0306,57.2014,7626439,436242775.76
2026-04-03,STK0008,57.4308,58.3982,56.4745,57.4418,7120115,408992133.75
2026-04-06,STK0008,56.8293,57.867,56.5196,57.5533,4142145,238393991.18
2026-04-07,STK0008,57.9402,59.5933,57.1247,58.7663,6333462,372193893.15
2026-04-08,STK0008,58.605,58.7413,58.0143,58.1494,5929053,344771155.5
2026-04-09,STK0008,58.3997,59.5641,57.2177,58.3817,4423158,258231552.26
2026-04-10,STK0008,58.042,60.5561,56.7251,59.2126,6745633,399426379.99
2026-04-13,STK0008,58.7931,60.045,57.1286,58.3716,6150878,359036300.08
2026-04-14,STK0008,59.0679,60.488,56.8151,58.2147,5849516,340527855.8
2026-04-15,STK0008,57.8814,59.1994,55.5076,56.801,5764474,327428172.06
2026-04-16,STK0008,57.193,57.9179,56.4945,57.2191,5778384,330634130.61
2026-04-17,STK0008,57.2598,57.8989,55.4426,56.0685,5258961,294861865.3
2026-04-20,STK0008,55.9273,57.4115,54.6627,56.142,6338122,355834785.63
2026-04-21,STK0008,56.1269,57.4357,53.745,55.0283,4942510,271977762.81
2026-04-22,STK0008,54.6004,56.2486,53.2695,54.9101,15824373,868918277.32
2026-04-23,STK0008,54.9056,56.5724,53.8255,55.481,3781124,209780653.83
2026-04-24,STK0008,55.1218,56.7153,54.7554,56.3409,5130588,289061836.01
2025-07-21,STK0009,47.0834,48.0243,45.7723,46.7057,887281,41441109.22
2025-07-22,STK0009,46.9222,47.6094,45.5973,46.275,815888,37755236.55
2025-07-23,STK0009,46.1424,47.0895,46.025,46.97,781801,36721218.82
2025-07-24,STK0009,47.2978,48.2502,45.0949,46.0216,624955,28761404.2
2025-07-25,STK0009,45.9132,46.9655,44.4911,45.5346,472072,21495612.83
2025-07-28,STK0009,45.7076,46.7246,43.3076,44.2931,698827,30953198.72
2025-07-29,STK0009,44.3408,46.3599,43.4128,45.4095,699071,31744466.03
2025-07-30,STK0009,45.6126,46.7448,43.8831,45.0,492220,22149914.37
2025-07-31,STK0009,45.0297,45.7271,43.432,44.1152,457384,20177584.76
2025-08-01,STK0009,43.6771,44.8696,42.6228,43.812,782836,34297615.41
2025-08-04,STK0009,44.078,45.1281,42.475,43.5116,982030,42729707.82
2025-08-05,STK0009,43.4887,45.3131,43.0884,44.8998,425026,19083571.77
2025-08-06,STK0009,45.113,46.0991,43.9724,44.9551,499064,22435450.23
2025-08-07,STK0009,45.1416,46.2993,44.2285,45.3814,595700,27033695.48
2025-08-08,STK0009,45.1713,47.0291,44.275,46.114,609082,28087230.87
2025-08-11,STK0009,45.8616,46.8988,43.8963,44.9119,437965,19669844.62
2025-08-12,STK0009,45.0889,45.5775,43.5952,44.0728,1001007,44117155.78
2025-08-13,STK0009,43.9927,44.4854,43.4919,43.9846,596870,26253093.09
2025-08-14,STK0009,44.2324,44.9721,42.8106,43.5386,626269,27266880.54
2025-08-15,STK0009,43.4921,44.3171,41.8763,42.6861,984014,42003685.95
2025-08-18,STK0009,42.949,44.2368,41.9941,43.2746,452988,19602890.35
2025-08-19,STK0009,43.3847,44.3643,42.424,43.4032,510819,22171165.98
2025-08-20,STK0009,43.4782,44.2865,42.197,42.9964,340147,14625089.64
2025-08-21,STK0009,42.9,43.93,41.4553,42.4751,491914,20894073.71
2025-08-22,STK0009,42.5343,42.7941,41.3736,41.6279,307629,12805948.28
2025-08-25,STK0009,41.9269,43.8699,40.9266,42.8477,677185,29015795.38
2025-08-26,STK0009,42.8337,43.968,42.6848,43.8156,605452,26528262.97
2025-08-27,STK0009,43.9555,44.6051,43.0273,43.6728,489790,21390497.84
2025-08-28,STK0009,43.6849,44.521,43.5069,44.3403,524468,23255082.77
2025-08-29,STK0009,44.3735,45.0419,42.8321,43.4872,721487,31375478.88
2025-09-01,STK0009,43.9393,44.4297,43.4571,43.9474,365477,16061778.45
2025-09-02,STK0009,44.2655,44.4371,43.6998,43.8699,588789,25830122.55
2025-09-03,STK0009,43.8908,44.7633,43.1488,44.0191,692697,30491908.04
2025-09-04,STK0009,44.0758,44.9052,42.7777,43.5981,292335,12745255.14
2025-09-05,STK0009,43.4149,44.361,43.1541,44.0962,700470,30888038.36
2025-09-08,STK0009,44.0504,45.5032,43.2587,44.6998,307000,13722848.61
2025-09-09,STK0009,44.7829,45.0569,44.2676,44.5401,548794,24443329.66
2025-09-10,STK0009,44.768,44.999,43.7179,43.9447,388819,17086515.71
2025-09-11,STK0009,44.1426,44.3805,43.0296,43.2627,981318,42454513.46
2025-09-12,STK0009,42.9758,44.4504,42.2977,43.7599,401189,17556001.23
2025-09-15,STK0009,44.0172,45.3331,43.1407,44.448,346647,15407778.49
2025-09-16,STK0009,44.4244,45.5878,43.7256,44.8819,633331,28425096.03
2025-09-17,STK0009,44.6169,45.5367,42.7626,43.6627,533830,23308445.22
2025-09-18,STK0009,44.0142,44.701,42.3395,43.0106,359025,15441898.1
2025-09-19,STK0009,43.3899,44.2788,42.5074,43.3962,724568,31443473.54
2025-09-22,STK0009,43.4649,45.7789,42.4017,44.6859,302759,13529045.55
2025-09-23,STK0009,44.8763,45.7349,44.383,45.2377,430856,19490928.54
2025-09-24,STK0009,45.4465,45.6941,44.7863,45.0317,497616,22408500.06
2025-09-25,STK0009,45.4104,45.7893,45.1782,45.5563,799707,36431691.37
2025-09-26,STK0009,45.7557,46.476,43.9853,44.6888,951791,42534401.84
2025-09-29,STK0009,44.3342,46.5853,43.6877,45.9157,887235,40737988.92
2025-09-30,STK0009,46.4727,46.7626,46.1068,46.3962,578999,26863355.53
2025-10-01,STK0009,46.6938,47.7345,44.1739,45.1809,275043,12426685.83
2025-10-02,STK0009,45.043,46.1242,43.843,44.9214,742166,33339109.24
2025-10-03,STK0009,44.6447,44.994,43.9591,44.3057,1071107,47456169.94
2025-10-06,STK0009,44.4401,45.3953,44.1398,45.0905,966930,43599397.3
2025-10-07,STK0009,45.0153,45.3268,44.5133,44.8235,734693,32931536.8
2025-10-08,STK0009,44.9124,46.1706,44.4223,45.6723,406259,18554791.53
2025-10-09,STK0009,45.8765,46.8685,44.7712,45.7607,516189,23621195.11
2025-10-10,STK0009,45.6055,46.3493,44.8892,45.6326,1228987,56081853.38
2025-10-13,STK0009,45.328,45.4891,44.8681,45.0281,377778,17010627.46
2025-10-14,STK0009,45.1325,45.7137,44.5383,45.1194,427602,19293129.7
2025-10-15,STK0009,44.9752,45.1586,43.7929,43.9722,879012,38652061.17
2025-10-16,STK0009,44.0107,44.9689,43.5115,44.4646,542511,24122524.37
2025-10-17,STK0009,44.1076,45.2845,43.6101,44.7793,421191,18860646.64
2025-10-20,STK0009,44.7116,46.0432,43.9554,45.2775,1101989,49895307.93
2025-10-21,STK0009,45.4721,46.1377,44.5071,45.1682,773260,34926772.17
2025-10-22,STK0009,45.3327,46.3355,44.1883,45.1879,579429,26183154.6
2025-10-23,STK0009,44.9746,46.8365,44.8678,46.7256,450526,21051088.16
2025-10-24,STK0009,46.3992,47.318,44.7739,45.6785,1363831,62297688.9
2025-10-27,STK0009,45.6828,45.7979,44.7156,44.8286,669595,30017019.52
2025-10-28,STK0009,44.9798,45.3845,44.4629,44.8666,1116403,50089215.65
2025-10-29,STK0009,44.9758,45.9757,43.8564,44.8536,957444,42944836.78
2025-10-30,STK0009,44.716,46.2964,43.9165,45.4832,569155,25886977.67
2025-10-31,STK0009,45.5645,48.1757,45.2931,47.8904,563029,26963708.46
2025-11-03,STK0009,48.3241,49.4437,47.682,48.7953,1131635,55218449.37
2025-11-04,STK0009,48.8554,50.5294,47.9465,49.6065,1093697,54254507.55
2025-11-05,STK0009,49.1228,50.6053,47.9655,49.4405,342372,16927050.58
2025-11-06,STK0009,49.5008,50.322,48.0943,48.9056,813331,39776431.46
2025-11-07,STK0009,49.509,49.6362,48.3764,48.5009,637557,30922084.44
2025-11-10,STK0009,48.1277,50.0515,47.4783,49.3851,460334,22733660.19
2025-11-11,STK0009,49.394,49.709,49.1214,49.4362,712739,35235121.15
2025-11-12,STK0009,49.3691,49.7908,49.2161,49.637,402350,19971437.2
2025-11-13,STK0009,49.6655,50.4486,48.5012,49.2781,544046,26809539.67
2025-11-14,STK0009,49.3355,50.3158,47.4124,48.3736,479423,23191397.54
2025-11-17,STK0009,48.7056,48.8434,48.349,48.4862,526398,25523048.58
2025-11-18,STK0009,48.5109,49.8911,47.5396,48.9117,609051,29789736.19
2025-11-19,STK0009,49.288,50.5975,48.3887,49.6908,435818,21656124.82
2025-11-20,STK0009,49.6557,50.6138,48.1211,49.0679,1109205,54426407.91
2025-11-21,STK0009,48.965,50.384,48.5914,50.0026,755607,37782296.34
2025-11-24,STK0009,49.8022,50.3527,49.2373,49.7876,1197669,59629056.38
2025-11-25,STK0009,49.2477,50.4243,49.0136,50.1857,599055,30063992.31
2025-11-26,STK0009,50.2688,50.6455,49.4481,49.8215,518252,25820110.3
2025-11-27,STK0009,50.4393,51.6904,49.9872,51.2312,1132766,58032965.33
2025-11-28,STK0009,51.3723,51.8524,49.5293,49.9966,488374,24417049.86
2025-12-01,STK0009,50.2031,50.5056,49.1431,49.441,551639,27273602.3
2025-12-02,STK0009,49.3187,49.6458,49.006,49.333,757534,37371423.87
2025-12-03,STK0009,49.2607,50.3806,46.9986,48.0919,387994,18659360.91
2025-12-04,STK0009,48.3768,49.3458,47.2869,48.2534,747211,36055459.56
2025-12-05,STK0009,48.8385,49.3231,47.1292,47.6016,708628,33731799.96
2025-12-08,STK0009,48.0284,49.1713,45.8865,47.0051,882642,41488639.95
2025-12-09,STK0009,47.2327,47.6437,46.8787,47.2893,769859,36406079.38
2025-12-10,STK0009,47.2993,48.6405,46.7621,48.0943,903088,43433406.92
2025-12-11,STK0009,48.1549,49.1522,46.9747,47.9682,547563,26265621.53
2025-12-12,STK0009,47.7518,48.6064,47.1699,48.0212,420514,20193572.41
2025-12-15,STK0009,47.6057,48.5743,47.2536,48.2176,1216503,58656898.05
2025-12-16,STK0009,47.8927,48.3945,46.0988,46.5868,343012,15979840.39
2025-12-17,STK0009,46.6007,47.5191,45.9709,46.8853,351225,16467300.22
2025-12-18,STK0009,46.8033,47.565,45.3796,46.1303,706898,32609433.28
2025-12-19,STK0009,45.7254,46.375,45.2074,45.8555,1011736,46393681.94
2025-12-22,STK0009,45.8453,46.3917,45.1232,45.6675,616050,28133485.75
2025-12-23,STK0009,45.5804,46.181,45.2125,45.8113,824248,37759866.65
2025-12-24,STK0009,45.49,46.1411,43.8698,44.5069,283065,12598338.01
2025-12-25,STK0009,44.4081,44.7211,43.6584,43.9682,479141,21066988.85
2025-12-26,STK0009,43.8837,45.7482,42.9203,44.7654,295654,13235083.99
2025-12-29,STK0009,44.6001,45.456,43.0608,43.9032,754749,33135932.84
2025-12-30,STK0009,44.148,44.6529,43.0558,43.5539,338384,14737945.85
2025-12-31,STK0009,43.0595,44.7885,42.2333,43.9454,374517,16458296.31
2026-01-01,STK0009,43.4249,45.1868,43.3311,45.0893,698011,31472849.12
2026-01-02,STK0009,45.0902,45.5377,42.6458,43.0732,857451,36933150.09
2026-01-05,STK0009,43.098,44.7554,42.5754,44.2192,552023,24410005.29
2026-01-06,STK0009,44.3266,45.3217,43.7589,44.7487,698533,31258426.94
2026-01-07,STK0009,44.6042,46.3145,43.7469,45.441,658338,29915565.45
2026-01-08,STK0009,45.1915,47.099,44.1003,45.9886,505244,23235475.42
2026-01-09,STK0009,45.9866,46.4805,44.4051,44.8872,366856,16467143.04
2026-01-12,STK0009,44.7684,46.0871,44.3179,45.6279,659707,30101044.87
2026-01-13,STK0009,46.0545,46.7933,45.1419,45.8778,651383,29884042.53
2026-01-14,STK0009,45.7887,46.177,45.4009,45.7892,711742,32590104.39
2026-01-15,STK0009,45.7746,46.015,45.0956,45.3337,584692,26506224.14
2026-01-16,STK0009,46.012,47.1216,44.0314,45.1195,342900,15471481.55
2026-01-19,STK0009,45.0668,45.9961,43.4256,44.3398,661276,29320856.37
2026-01-20,STK0009,44.488,45.5578,43.3558,44.424,514767,22867987.34
2026-01-21,STK0009,44.5966,44.9092,43.4863,43.7933,434739,19038647.88
2026-01-22,STK0009,43.9859,45.6295,43.8799,45.5198,468488,21325488.3
2026-01-23,STK0009,45.599,47.2655,45.0492,46.7025,413780,19324541.09
2026-01-26,STK0009,46.7568,48.7375,45.6593,47.6197,720112,34291552.48
2026-01-27,STK0009,47.6484,49.1633,47.4015,48.9099,317272,15517749.22
2026-01-28,STK0009,48.7412,49.5176,48.5123,49.2862,365589,18018505.32
2026-01-29,STK0009,49.3826,51.5917,49.2055,51.4074,465781,23944587.78
2026-01-30,STK0009,52.0369,53.95,51.0173,52.9132,905312,47902913.96
2026-02-02,STK0009,53.2989,54.369,50.6644,51.7024,742330,38380223.18
2026-02-03,STK0009,51.7967,53.5559,50.8647,52.6093,287353,15117430.28
2026-02-04,STK0009,52.8801,53.0507,52.38,52.5495,817645,42966816.11
2026-02-05,STK0009,52.2761,53.6755,51.3019,52.6935,804817,42408645.92
2026-02-06,STK0009,52.6112,53.2593,50.5113,51.1413,323641,16551417.1
2026-02-09,STK0009,51.433,51.7226,50.1314,50.4153,203535,10261282.14
2026-02-10,STK0009,50.8672,51.3142,48.0822,48.5085,486645,23606426.43
2026-02-11,STK0009,48.2847,49.9625,47.6316,49.2958,719659,35476135.13
2026-02-12,STK0009,49.1529,49.6239,47.9849,48.4492,852698,41312524.06
2026-02-13,STK0009,49.0875,50.2805,47.6191,48.8053,366105,17867855.41
2026-02-16,STK0009,48.8335,49.4644,47.3967,48.017,925045,44417882.52
2026-02-17,STK0009,48.5452,49.0578,45.838,46.3272,228291,10576085.89
2026-02-18,STK0009,46.3847,47.1957,44.9542,45.7541,431570,19746117.52
2026-02-19,STK0009,45.8218,46.599,44.5089,45.2769,424723,19230134.96
2026-02-20,STK0009,45.194,46.059,45.101,45.9645,738408,33940539.16
2026-02-23,STK0009,46.2252,46.9752,45.0365,45.7792,778229,35626738.88
2026-02-24,STK0009,46.1537,46.5048,44.9004,45.2446,688071,31131485.06
2026-02-25,STK0009,44.9645,45.4425,43.3409,43.8066,302167,13236898.4
2026-02-26,STK0009,43.714,44.5116,41.1589,41.9238,659796,27661166.29
2026-02-27,STK0009,42.1546,43.4342,41.5299,42.7999,587127,25128996.07
2026-03-02,STK0009,42.7667,44.4804,42.3185,44.0191,274556,12085714.65
2026-03-03,STK0009,43.889,44.1458,43.5314,43.7876,239439,10484462.71
2026-03-04,STK0009,44.0537,44.726,43.4534,44.1247,727955,32120823.17
2026-03-05,STK0009,44.4178,44.8329,43.1346,43.5415,470851,20501552.18
2026-03-06,STK0009,43.4242,45.6665,42.4255,44.6399,326028,14553865.67
2026-03-09,STK0009,44.6968,45.3356,43.2156,43.8421,470092,20609811.79
2026-03-10,STK0009,43.5253,45.4541,42.5714,44.4792,583963,25974215.33
2026-03-11,STK0009,44.2409,45.1603,43.7554,44.6701,508734,22725178.59
2026-03-12,STK0009,44.7034,45.6435,43.2386,44.1675,302878,13377355.37
2026-03-13,STK0009,44.1758,44.3216,43.6119,43.7563,1034204,45252970.54
2026-03-16,STK0009,43.5032,44.1026,43.1179,43.7154,765060,33444905.63
2026-03-17,STK0009,43.528,43.6933,43.0109,43.1749,472452,20398045.15
2026-03-18,STK0009,42.8998,43.4651,42.7828,43.3469,476478,20653842.23
2026-03-19,STK0009,43.4654,44.4709,41.481,42.4634,609426,25878290.68
2026-03-20,STK0009,41.965,42.8031,41.1892,42.0261,366931,15420671.65
2026-03-23,STK0009,41.7718,43.8935,41.0877,43.1862,600408,25929364.43
2026-03-24,STK0009,42.7062,44.4103,42.0978,43.7865,335904,14708055.12
2026-03-25,STK0009,43.8967,45.2888,43.2339,44.6151,523716,23365631.85
2026-03-26,STK0009,44.1351,44.8717,42.4489,43.1694,353903,15277767.69
2026-03-27,STK0009,43.1776,44.0848,42.0525,42.955,373180,16029946.6
2026-03-30,STK0009,43.3796,44.2684,42.6973,43.5829,985252,42940134.18
2026-03-31,STK0009,44.0227,46.1143,43.1767,45.2448,564927,25560007.97
2026-04-01,STK0009,44.7572,45.136,43.1469,43.5151,605723,26358119.19
2026-04-02,STK0009,43.5931,45.0378,42.5266,43.9622,277097,12181791.75
2026-04-03,STK0009,43.7021,45.4787,43.5826,45.3547,461514,20931821.62
2026-04-06,STK0009,45.0312,45.9521,44.5407,45.457,651887,29632824.01
2026-04-07,STK0009,45.4261,46.4385,44.3817,45.3934,589686,26767824.7
2026-04-08,STK0009,45.7291,46.0105,44.8388,45.1163,263346,11881204.35
2026-04-09,STK0009,45.2789,45.5167,44.4216,44.6561,616113,27513183.4
2026-04-10,STK0009,44.4649,47.2332,44.0022,46.7468,643954,30102790.57
2026-04-13,STK0009,46.945,48.5658,46.3887,47.9971,875944,42042772.9
2026-04-14,STK0009,47.3553,50.2457,46.2439,49.0936,448167,22002120.5
2026-04-15,STK0009,48.8723,49.9099,47.5782,48.6103,254786,12385212.25
2026-04-16,STK0009,48.3705,49.3391,47.7575,48.7216,392388,19117762.63
2026-04-17,STK0009,48.7445,49.9328,46.8287,47.9989,383867,18425185.43
2026-04-20,STK0009,47.9405,48.7446,45.8194,46.601,723395,33710959.31
2026-04-21,STK0009,46.5615,48.3931,45.5328,47.347,209718,9929511.31
2026-04-22,STK0009,47.2974,47.6596,46.4946,46.8535,454948,21315904.59
2026-04-23,STK0009,46.8598,47.4805,45.6994,46.3129,876807,40607465.0
2026-04-24,STK0009,46.4632,46.8022,46.3385,46.6769,518962,24223543.62
2025-07-21,STK0010,54.2757,57.5977,53.5008,56.7869,996997,56616378.77
2025-07-22,STK0010,56.7809,57.4806,54.5951,55.2762,1020871,56429864.86
2025-07-23,STK0010,54.9959,56.4273,54.3979,55.8203,1840480,102736061.37
2025-07-24,STK0010,56.1171,56.2893,55.0554,55.2248,1807171,99800652.57
2025-07-25,STK0010,55.048,56.3096,52.883,54.1235,2370106,128278417.71
2025-07-28,STK0010,54.3363,56.1048,53.6075,55.3623,1950890,108005678.86
2025-07-29,STK0010,54.9225,55.6181,54.2378,54.9333,2415252,132677667.43
2025-07-30,STK0010,54.3409,55.2627,53.5884,54.5079,1270550,69254981.22
2025-07-31,STK0010,54.433,55.5362,52.482,53.5676,1962642,105133932.18
2025-08-01,STK0010,53.0658,54.7164,52.6857,54.3272,1248783,67842924.74
2025-08-04,STK0010,54.8244,55.8292,50.5976,51.5423,2236373,115267740.52
2025-08-05,STK0010,51.0713,52.3518,50.1343,51.4086,1007806,51809846.88
2025-08-06,STK0010,51.0895,52.4814,49.989,51.3748,2224476,114282035.11
2025-08-07,STK0010,51.5025,51.6158,51.0586,51.1711,1178741,60317529.75
2025-08-08,STK0010,50.9914,52.4429,50.6896,52.1343,1761864,91853634.19
2025-08-11,STK0010,51.6615,53.6037,50.9985,52.9245,2691753,142459559.16
2025-08-12,STK0010,53.5762,54.7315,50.6041,51.7193,2077574,107450693.12
2025-08-13,STK0010,51.4094,54.6036,50.1654,53.3136,1091095,58170170.43
2025-08-14,STK0010,53.2508,54.0859,51.4636,52.2835,1553969,81246930.64
2025-08-15,STK0010,52.2179,53.842,51.8587,53.4741,1159245,61989608.02
2025-08-18,STK0010,53.7025,54.0379,53.195,53.5293,1089907,58342008.95
2025-08-19,STK0010,53.678,54.5749,51.8847,52.7663,2078440,109671539.76
2025-08-20,STK0010,52.5052,53.1935,52.1465,52.8326,2397274,126654113.49
2025-08-21,STK0010,52.7294,53.5056,51.9484,52.7246,2274675,119931242.23
2025-08-22,STK0010,52.6528,53.8589,51.5365,52.7408,2414254,127329568.66
2025-08-25,STK0010,52.9783,53.5592,51.1576,51.7248,1973608,102084557.95
2025-08-26,STK0010,51.3635,52.2455,50.8137,51.6921,1769782,91483777.65
2025-08-27,STK0010,52.3218,52.47,50.9557,51.1004,1333756,68155402.89
2025-08-28,STK0010,50.8681,51.2671,49.737,50.1302,1658448,83138398.99
2025-08-29,STK0010,50.1276,51.0328,48.6439,49.5384,1225939,60731109.87
2025-09-01,STK0010,49.1949,49.7808,48.6887,49.2738,1448084,71352591.97
2025-09-02,STK0010,48.8915,49.1673,48.4673,48.7422,1991693,97079505.19
2025-09-03,STK0010,48.4871,49.141,48.2722,48.9242,1887696,92353986.73
2025-09-04,STK0010,48.6401,48.9285,48.4365,48.7245,5703930,277921244.68
2025-09-05,STK0010,48.6036,51.5692,47.7695,50.6992,1212992,61497735.15
2025-09-08,STK0010,50.4023,51.2133,48.3198,49.11,1815683,89168136.19
2025-09-09,STK0010,49.3153,50.1588,48.6286,49.4699,1140237,56407382.21
2025-09-10,STK0010,49.238,49.9031,48.4933,49.1572,1651292,81172973.45
2025-09-11,STK0010,48.8943,49.8427,48.6243,49.569,1683053,83427273.49
2025-09-12,STK0010,49.4523,51.1176,48.784,50.436,2577431,129995285.25
2025-09-15,STK0010,50.7373,50.9088,50.3738,50.5446,1651967,83497945.2
2025-09-16,STK0010,50.6098,52.0731,49.4308,50.8877,1865826,94947514.19
2025-09-17,STK0010,50.8572,51.0268,49.7847,49.9513,1696956,84765177.77
2025-09-18,STK0010,49.5237,51.1699,48.9422,50.5761,1179143,59636439.94
2025-09-19,STK0010,50.2305,50.3316,48.8221,48.9206,1508570,73800169.64
2025-09-22,STK0010,48.5468,50.6708,47.5719,49.6733,1640769,81502374.86
2025-09-23,STK0010,50.0643,50.3558,49.6634,49.9542,1896609,94743640.08
2025-09-24,STK0010,50.1135,51.2798,48.4297,49.5837,2250753,111600568.78
2025-09-25,STK0010,49.328,49.7561,49.1794,49.6067,1737269,86180149.69
2025-09-26,STK0010,49.439,50.5066,48.4068,49.4737,1766952,87417611.11
2025-09-29,STK0010,49.2293,51.6015,48.3873,50.7338,1064811,54021914.88
2025-09-30,STK0010,50.4649,54.4243,50.0741,54.0061,2425672,131001085.73
2025-10-01,STK0010,54.1555,54.9664,53.795,54.603,1565635,85488389.28
2025-10-02,STK0010,54.5089,55.0663,53.3559,53.9071,2531625,136472673.84
2025-10-03,STK0010,54.5845,55.7337,53.174,54.3175,3139049,170505421.82
2025-10-06,STK0010,54.7266,55.921,53.5126,54.7065,1803658,98671904.16
2025-10-07,STK0010,55.1381,55.4706,53.3544,53.6781,1331229,71457897.4
2025-10-08,STK0010,53.8948,54.4407,52.4965,53.0337,1908312,101204761.27
2025-10-09,STK0010,52.8993,53.2941,52.2299,52.6226,2165332,113945304.13
2025-10-10,STK0010,52.8116,54.0148,52.557,53.7556,1711263,91990052.21
2025-10-13,STK0010,53.6433,54.5481,50.694,51.5638,1541164,79468325.14
2025-10-14,STK0010,52.0707,52.5891,50.2534,50.7587,2286509,116060216.4
2025-10-15,STK0010,50.882,51.6983,50.5164,51.3296,2268224,116426984.36
2025-10-16,STK0010,51.4104,52.703,50.2836,51.5726,1688673,87089247.53
2025-10-17,STK0010,51.6119,54.1847,50.6204,53.1634,1055239,56100046.78
2025-10-20,STK0010,53.7214,54.7849,51.0832,52.1149,2167794,112974391.45
2025-10-21,STK0010,51.6685,54.3707,51.5186,54.2134,1395523,75655999.27
2025-10-22,STK0010,54.8146,56.078,51.3278,52.5387,1979290,103989358.5
2025-10-23,STK0010,52.4801,53.2788,50.1816,50.9571,1946004,99162734.67
2025-10-24,STK0010,50.529,51.5065,49.8424,50.816,941513,47843960.92
2025-10-27,STK0010,50.5872,50.7007,49.2006,49.3113,1814994,89499668.49
2025-10-28,STK0010,48.8253,49.9614,47.7196,48.855,2125677,103849992.72
2025-10-29,STK0010,49.047,49.7586,47.7452,48.4482,2189212,106063387.39
2025-10-30,STK0010,48.1473,49.4545,47.1373,48.4384,1844028,89321726.1
2025-10-31,STK0010,48.4874,49.3154,46.9289,47.7442,875918,41819976.69
2025-11-03,STK0010,48.0702,49.3284,47.0932,48.3458,2695794,130330291.05
2025-11-04,STK0010,48.1512,49.015,47.0462,47.9055,1995450,95593039.84
2025-11-05,STK0010,47.8285,50.0418,46.7197,48.9081,1174938,57463930.93
2025-11-06,STK0010,48.5271,49.3095,48.1784,48.9576,1374233,67279200.7
2025-11-07,STK0010,48.8437,49.1684,47.6721,47.9912,1967147,94405683.02
2025-11-10,STK0010,48.7381,49.6343,45.8376,46.6963,2313967,108053608.48
2025-11-11,STK0010,46.9147,47.5496,45.6859,46.3126,1497781,69366123.91
2025-11-12,STK0010,46.2391,46.9688,44.4202,45.1324,2332337,105264021.77
2025-11-13,STK0010,44.9671,45.7898,43.109,43.9124,898350,39448741.49
2025-11-14,STK0010,43.9012,44.5727,43.2607,43.9317,1198847,52667410.77
2025-11-17,STK0010,43.966,44.8505,41.8279,42.6866,857790,36616143.99
2025-11-18,STK0010,42.5794,44.0291,42.182,43.6219,1298140,56627366.0
2025-11-19,STK0010,43.7609,44.713,42.7862,43.7378,3018856,132038135.94
2025-11-20,STK0010,43.4883,44.0397,43.2936,43.8434,3575153,156746959.2
2025-11-21,STK0010,43.592,44.3149,42.4458,43.1615,1882488,81251098.19
2025-11-24,STK0010,43.2575,44.947,42.2854,43.9591,1424646,62626155.08
2025-11-25,STK0010,43.6519,44.2544,43.3109,43.9114,1651643,72525966.05
2025-11-26,STK0010,44.1039,44.5236,42.8135,43.2249,2088704,90284011.93
2025-11-27,STK0010,43.2212,43.733,42.8311,43.3418,997464,43231879.63
2025-11-28,STK0010,42.869,43.5111,40.8983,41.5202,1440274,59800399.23
2025-12-01,STK0010,41.5474,42.0251,39.4206,39.879,2904816,115841274.95
2025-12-02,STK0010,39.4779,39.6548,38.5213,38.6948,1187449,45948084.27
2025-12-03,STK0010,38.8561,39.7303,37.7746,38.6441,1299245,50208089.09
2025-12-04,STK0010,38.5864,39.0026,38.3276,38.7427,1664287,64479038.0
2025-12-05,STK0010,39.1754,39.7685,38.6159,39.2085,1825589,71578519.17
2025-12-08,STK0010,39.4613,40.0801,37.8431,38.446,1332640,51234681.31
2025-12-09,STK0010,38.2021,39.3193,38.0899,39.2042,1690970,66293086.14
2025-12-10,STK0010,38.7317,39.1738,38.569,39.0099,2060192,80367919.85
2025-12-11,STK0010,38.8336,39.7791,37.61,38.5486,3312525,127693139.84
2025-12-12,STK0010,38.2671,39.2069,37.6057,38.5408,1620852,62468873.87
2025-12-15,STK0010,38.9653,39.0733,38.3187,38.4252,1660843,63818202.73
2025-12-16,STK0010,38.4228,39.2015,36.9533,37.7177,3010384,113544901.84
2025-12-17,STK0010,37.9296,38.4491,37.1255,37.641,1443086,54319259.1
2025-12-18,STK0010,37.5767,37.9138,37.4366,37.7729,1085367,40997506.89
2025-12-19,STK0010,37.7322,38.3985,36.5277,37.1843,1854536,68959585.46
2025-12-22,STK0010,37.177,37.6783,36.5158,37.015,2468337,91365372.75
2025-12-23,STK0010,37.2615,37.5117,35.9641,36.2072,1872842,67810329.72
2025-12-24,STK0010,36.2749,37.0798,35.2868,36.0875,1602481,57829531.58
2025-12-25,STK0010,35.8593,36.1713,34.8786,35.1848,970437,34144597.91
2025-12-26,STK0010,35.529,35.8326,34.2566,34.5519,1582372,54673889.2
2025-12-29,STK0010,34.4912,34.7766,33.9754,34.2588,2436810,83482280.98
2025-12-30,STK0010,34.1653,35.4458,33.4939,34.7627,1021656,35515512.47
2025-12-31,STK0010,34.1775,35.5098,33.5541,34.8737,1457573,50830926.36
2026-01-01,STK0010,35.0067,35.8039,34.1421,34.9378,1435302,50146224.59
2026-01-02,STK0010,34.9589,35.2133,34.258,34.509,1266970,43721889.48
2026-01-05,STK0010,34.5297,35.3309,33.8361,34.6352,1760051,60959680.25
2026-01-06,STK0010,34.5516,35.0761,32.7018,33.2058,1864272,61904727.07
2026-01-07,STK0010,33.0914,34.0364,32.7903,33.7295,1833368,61838624.46
2026-01-08,STK0010,33.6548,33.7496,32.8333,32.926,1107447,36463850.75
2026-01-09,STK0010,33.0177,33.7056,31.6115,32.2842,887104,28639454.16
2026-01-12,STK0010,32.4083,32.6528,31.8184,32.0603,1717409,55060571.31
2026-01-13,STK0010,32.0158,34.2422,31.4866,33.6854,1357506,45728078.21
2026-01-14,STK0010,33.8777,34.9099,33.3823,34.4068,3103002,106764271.38
2026-01-15,STK0010,34.3905,34.7465,34.3182,34.6736,3106165,107702072.9
2026-01-16,STK0010,34.5689,35.5122,33.7092,34.6505,3206087,111092373.93
2026-01-19,STK0010,34.6917,35.4109,32.71,33.4024,1135693,37934841.03
2026-01-20,STK0010,33.131,33.5882,32.6941,33.1509,1949479,64627072.15
2026-01-21,STK0010,33.1973,33.7831,32.3855,32.9673,2113900,69689504.23
2026-01-22,STK0010,32.6636,33.087,32.003,32.4233,1991745,64578944.06
2026-01-23,STK0010,32.224,32.8403,31.541,32.156,1337329,43003120.04
2026-01-26,STK0010,31.7688,31.9305,31.4777,31.6387,2393283,75720345.19
2026-01-27,STK0010,31.6055,32.5963,31.2178,32.2013,1558339,50180541.43
2026-01-28,STK0010,32.5138,32.8297,30.9759,31.2798,1663626,52037931.37
2026-01-29,STK0010,31.2579,32.1721,30.8649,31.7727,936007,29739458.73
2026-01-30,STK0010,31.8956,32.332,31.5014,31.9372,2006784,64091056.11
2026-02-02,STK0010,32.3912,32.5625,31.6206,31.7888,1479407,47028577.98
2026-02-03,STK0010,31.866,32.6454,30.9473,31.7233,1874403,59462178.26
2026-02-04,STK0010,31.5779,31.6524,30.5291,30.6012,1682427,51484294.39
2026-02-05,STK0010,30.4862,30.8109,30.4182,30.7423,1661673,51083639.73
2026-02-06,STK0010,30.7424,31.068,30.1118,30.434,1511968,46015265.92
2026-02-09,STK0010,30.3187,30.8119,29.4861,29.9737,2021303,60585960.32
2026-02-10,STK0010,29.8735,30.0567,29.3976,29.5789,1434211,42422440.14
2026-02-11,STK0010,29.7543,30.1787,29.037,29.4572,927400,27318601.32
2026-02-12,STK0010,29.6391,30.1911,28.7258,29.271,1910090,55910200.92
2026-02-13,STK0010,28.9832,29.4211,28.8625,29.2992,1194043,34984461.52
2026-02-16,STK0010,29.1557,29.8741,28.3926,29.1099,999930,29107877.18
2026-02-17,STK0010,29.029,29.3118,28.2869,28.5653,1104073,31538137.72
2026-02-18,STK0010,28.6681,29.5147,28.1872,29.0278,1746431,50694990.19
2026-02-19,STK0010,29.2275,29.3604,29.0002,29.1326,1515406,44147758.4
2026-02-20,STK0010,29.6088,30.1511,28.3826,28.9122,740877,21420380.43
2026-02-23,STK0010,28.8315,29.9823,28.2165,29.3561,1421214,41721279.87
2026-02-24,STK0010,29.283,29.4124,28.7094,28.8369,2454087,70768286.53
2026-02-25,STK0010,28.9389,29.0806,28.6673,28.8083,1401193,40366053.87
2026-02-26,STK0010,28.6907,28.9335,28.2881,28.5296,1532313,43716203.08
2026-02-27,STK0010,28.5054,28.5703,27.5843,27.6471,2375109,65664986.34
2026-03-02,STK0010,27.5784,28.3182,26.8978,27.6362,2203004,60882644.12
2026-03-03,STK0010,27.2049,27.6617,26.7761,27.2325,2412163,65689174.53
2026-03-04,STK0010,27.2526,27.9134,26.8173,27.4745,641299,17619372.11
2026-03-05,STK0010,27.4445,28.1047,26.3733,27.0234,3153082,85207032.57
2026-03-06,STK0010,27.2303,29.274,26.6548,28.6681,2189039,62755499.25
2026-03-09,STK0010,28.669,29.2632,27.5498,28.133,4164040,117146847.74
2026-03-10,STK0010,27.922,28.1958,27.0138,27.2813,1335673,36438956.5
2026-03-11,STK0010,27.2391,27.5034,26.3154,26.5733,960271,25517524.98
2026-03-12,STK0010,26.2419,27.134,26.0134,26.8997,1760561,47358522.88
2026-03-13,STK0010,26.7049,27.8124,26.4386,27.5378,1577682,43445872.13
2026-03-16,STK0010,27.643,27.9332,26.7794,27.0635,2182170,59057207.38
2026-03-17,STK0010,27.0234,27.9205,26.8823,27.7755,2463645,68429054.37
2026-03-18,STK0010,27.9297,28.3322,27.6452,28.0465,1660764,46578661.3
2026-03-19,STK0010,27.7175,28.0577,27.3531,27.693,1551372,42962212.36
2026-03-20,STK0010,27.6528,27.9048,27.0498,27.2987,2012277,54932473.04
2026-03-23,STK0010,27.2209,27.5728,27.0629,27.4137,1527146,41864676.91
2026-03-24,STK0010,27.5713,28.4628,27.2794,28.1646,1483956,41795050.6
2026-03-25,STK0010,28.2785,28.7619,27.9092,28.3911,2390607,67871848.57
2026-03-26,STK0010,28.5007,29.0301,27.4938,28.0142,2581736,72325224.35
2026-03-27,STK0010,28.2745,28.7935,27.4625,27.9761,2425490,67855805.81
2026-03-30,STK0010,27.9144,29.4557,27.7284,29.2608,1554353,45481586.47
2026-03-31,STK0010,29.4961,29.58,29.3477,29.4314,770601,22679829.07
2026-04-01,STK0010,29.2475,30.0643,28.9847,29.7965,1572539,46856163.01
2026-04-02,STK0010,29.6039,30.4925,29.4377,30.3223,1230850,37322188.81
2026-04-03,STK0010,30.4595,30.8972,30.1214,30.5579,1528839,46718170.09
2026-04-06,STK0010,30.2833,31.7129,29.5406,30.9538,1256081,38880440.5
2026-04-07,STK0010,31.0603,31.6843,30.8689,31.4901,1587089,49977630.9
2026-04-08,STK0010,31.5093,31.9009,31.2152,31.6059,1087193,34361753.19
2026-04-09,STK0010,31.8099,32.404,30.8435,31.4305,991633,31167561.04
2026-04-10,STK0010,31.4193,31.8501,30.9769,31.4075,2377991,74686840.0
2026-04-13,STK0010,31.4181,32.1136,31.3235,32.0173,1121856,35918759.91
2026-04-14,STK0010,32.1152,32.2989,31.7441,31.9267,1583225,50547191.63
2026-04-15,STK0010,31.8,32.5477,30.9072,31.6513,2172059,68748568.71
2026-04-16,STK0010,31.5175,33.7079,31.3797,33.5611,2126101,71354362.68
2026-04-17,STK0010,33.6568,34.2157,31.8333,32.3709,2066324,66888749.12
2026-04-20,STK0010,32.3652,33.3708,31.7107,32.7093,1708415,55881021.17
2026-04-21,STK0010,32.6294,32.8939,32.0848,32.347,1977402,63962962.75
2026-04-22,STK0010,32.3309,32.9347,31.7163,32.3199,2481410,80198981.97
2026-04-23,STK0010,32.6306,34.0373,32.4379,33.8374,1770421,59906504.51
2026-04-24,STK0010,33.7476,34.0361,32.9223,33.2062,835165,27732665.88
2025-07-21,STK0011,29.3464,29.9247,29.2508,29.8275,1418470,42309378.46
2025-07-22,STK0011,29.9098,30.6176,29.3001,30.006,2592544,77791902.71
2025-07-23,STK0011,30.0742,30.4847,29.525,29.9335,2603455,77930623.99
2025-07-24,STK0011,29.9459,30.5814,29.5742,30.2065,4924696,148757934.63
2025-07-25,STK0011,30.3509,30.7051,28.8296,29.1701,1678423,48959684.36
2025-07-28,STK0011,28.8965,29.3575,27.7751,28.2253,2319769,65476238.05
2025-07-29,STK0011,28.0456,29.351,27.5221,28.8132,1975106,56909060.64
2025-07-30,STK0011,28.7665,29.4169,27.8132,28.4565,1896481,53967300.89
2025-07-31,STK0011,28.2112,28.4447,27.0349,27.2605,4082596,111293740.89
2025-08-01,STK0011,27.1941,28.3818,26.7451,27.9209,2780786,77642081.45
2025-08-04,STK0011,27.8582,28.3537,27.2879,27.7821,2246729,62418764.65
2025-08-05,STK0011,28.0012,28.4918,27.4048,27.8935,2285855,63760515.27
2025-08-06,STK0011,27.9174,29.1517,27.545,28.768,2272610,65378455.39
2025-08-07,STK0011,28.9462,29.3582,28.628,29.039,2352507,68314379.19
2025-08-08,STK0011,29.0916,29.6774,28.5233,29.1088,1760396,51242968.42
2025-08-11,STK0011,29.0154,29.2736,27.9968,28.2482,2485779,70218780.49
2025-08-12,STK0011,28.2709,28.4627,27.3618,27.5488,2383525,65663182.81
2025-08-13,STK0011,27.6696,28.0723,26.8269,27.2231,2047127,55729153.77
2025-08-14,STK0011,27.4187,27.887,27.1951,27.6614,2831015,78309962.25
2025-08-15,STK0011,27.6395,27.8958,27.5631,27.8189,2934691,81639827.51
2025-08-18,STK0011,27.5452,27.6344,27.4575,27.5467,2253551,62077818.41
2025-08-19,STK0011,27.2642,27.8811,26.7739,27.3885,2570299,70396671.89
2025-08-20,STK0011,27.3349,28.0014,26.1866,26.841,5704901,153125385.94
2025-08-21,STK0011,26.4671,27.3777,26.1374,27.0408,5761958,155807891.0
2025-08-22,STK0011,27.3336,27.4807,26.8765,27.022,1892174,51130293.3
2025-08-25,STK0011,27.1189,28.501,26.5544,27.9198,1987850,55500375.51
2025-08-26,STK0011,27.8135,28.3164,27.5906,28.0913,1884556,52939555.86
2025-08-27,STK0011,27.9049,28.5997,27.0476,27.7383,4020668,111526335.5
2025-08-28,STK0011,27.9099,28.3273,27.4297,27.8461,2458548,68461039.89
2025-08-29,STK0011,27.6607,28.0249,27.4574,27.8204,3125644,86956552.69
2025-09-01,STK0011,27.6509,29.0484,27.2802,28.6641,5783977,165792378.41
2025-09-02,STK0011,28.5327,28.8588,28.2555,28.5811,2827530,80813987.5
2025-09-03,STK0011,28.6007,29.1706,27.2622,27.8165,3740172,104038439.59
2025-09-04,STK0011,27.9203,28.0441,26.6901,26.809,3549961,95170845.51
2025-09-05,STK0011,27.0015,27.7094,26.4153,27.1206,2391841,64868082.41
2025-09-08,STK0011,27.2911,28.6912,26.7549,28.1383,4349249,122380508.14
2025-09-09,STK0011,28.1384,28.7798,27.5247,28.1655,2211934,62300189.34
2025-09-10,STK0011,28.3385,29.0018,27.6985,28.3613,4861665,137883035.52
2025-09-11,STK0011,28.2473,28.8745,28.0415,28.6657,2531949,72579999.29
2025-09-12,STK0011,28.3542,29.4165,27.9577,29.0109,2594740,75275676.92
2025-09-15,STK0011,28.8943,29.5169,28.1999,28.821,2113892,60924420.31
2025-09-16,STK0011,28.6819,29.4101,28.3756,29.0993,2265382,65921080.27
2025-09-17,STK0011,28.9892,29.6617,28.8909,29.5615,2804122,82894121.97
2025-09-18,STK0011,29.3919,30.1949,29.1359,29.9343,1374859,41155380.99
2025-09-19,STK0011,29.8516,30.6259,29.6258,30.396,3031766,92153563.97
2025-09-22,STK0011,30.5093,31.1808,29.5648,30.2302,2754623,83272898.27
2025-09-23,STK0011,30.543,30.9299,30.0188,30.404,4258663,129480234.07
2025-09-24,STK0011,30.0908,30.9666,29.5576,30.4274,3738539,113753869.25
2025-09-25,STK0011,30.1932,31.3656,29.4646,30.6266,2516868,77083135.52
2025-09-26,STK0011,30.4815,31.5977,30.2108,31.3195,2702865,84652429.01
2025-09-29,STK0011,31.4637,32.0775,29.5432,30.1309,2936949,88493046.47
2025-09-30,STK0011,30.0939,30.4352,30.018,30.3585,5440874,165177038.9
2025-10-01,STK0011,30.2269,30.3598,29.7662,29.8976,2434207,72776838.26
2025-10-02,STK0011,30.0264,30.1982,28.9287,29.0952,2502734,72817548.84
2025-10-03,STK0011,29.2626,29.6004,28.9938,29.331,2164239,63479254.42
2025-10-06,STK0011,29.3277,29.6582,28.4619,28.7863,1912270,55047237.96
2025-10-07,STK0011,28.6457,29.0173,28.1725,28.5427,3588435,102423716.1
2025-10-08,STK0011,28.5891,30.2015,28.3706,29.9724,3518126,105446653.42
2025-10-09,STK0011,29.9305,30.3867,29.825,30.28,5154953,156092092.75
2025-10-10,STK0011,30.2363,31.4563,29.7046,30.9127,4638746,143396356.83
2025-10-13,STK0011,30.8178,30.8963,30.5496,30.6275,7392803,226423213.9
2025-10-14,STK0011,30.798,31.433,29.8276,30.4555,3120992,95051349.94
2025-10-15,STK0011,30.5012,32.3837,29.7884,31.6442,2973331,94088611.85
2025-10-16,STK0011,31.8414,32.9072,31.2575,32.3146,2106982,68086277.65
2025-10-17,STK0011,32.5747,33.0864,31.6257,32.1303,4352536,139848481.01
2025-10-20,STK0011,32.2189,32.7703,31.0604,31.6011,3562286,112572215.07
2025-10-21,STK0011,31.5052,32.377,30.9696,31.8357,4341884,138227024.81
2025-10-22,STK0011,32.0351,32.7856,30.9364,31.6786,2270170,71915909.76
2025-10-23,STK0011,31.7673,32.5354,30.4073,31.1608,3849941,119967184.2
2025-10-24,STK0011,31.6513,32.0253,30.9928,31.3633,3599113,112880221.79
2025-10-27,STK0011,31.4218,31.9306,30.3384,30.8377,3513426,108346005.58
2025-10-28,STK0011,30.9671,31.6008,30.1738,30.8042,2757250,84935000.98
2025-10-29,STK0011,30.858,30.9204,30.7249,30.7872,5334493,164234344.8
2025-10-30,STK0011,30.7689,31.2034,30.1917,30.6241,7117672,217972605.82
2025-10-31,STK0011,30.5766,31.5682,30.0563,31.04,2369003,73533800.08
2025-11-03,STK0011,31.0948,31.6699,30.4234,30.9967,4461518,138292279.22
2025-11-04,STK0011,31.0938,31.4197,30.3246,30.6459,1248165,38251112.69
2025-11-05,STK0011,30.8589,31.1304,30.1545,30.4222,4457033,135592967.94
2025-11-06,STK0011,30.4787,31.457,30.29,31.2635,1862496,58228107.11
2025-11-07,STK0011,31.1768,31.6391,30.5708,31.031,2997913,93028262.51
2025-11-10,STK0011,30.9702,32.7141,30.2534,31.9741,2261931,72323104.8
2025-11-11,STK0011,31.7213,33.5639,31.0041,32.8219,3305711,108499584.34
2025-11-12,STK0011,33.1506,33.4914,31.961,32.2929,4893123,158013281.62
2025-11-13,STK0011,32.1882,32.4435,30.3007,30.543,1913228,58435659.73
2025-11-14,STK0011,30.7208,31.394,30.102,30.7741,3085740,94960878.36
2025-11-17,STK0011,30.8252,31.4009,30.1807,30.755,3032067,93251283.62
2025-11-18,STK0011,30.8111,31.2309,29.7472,30.158,6328332,190849961.54
2025-11-19,STK0011,30.1368,30.4667,29.537,29.864,4254326,127051109.64
2025-11-20,STK0011,29.7232,29.949,29.5791,29.8045,2462297,73387543.09
2025-11-21,STK0011,29.6318,31.2807,29.0374,30.6656,3174495,97347706.51
2025-11-24,STK0011,30.9853,31.4873,30.4779,30.9798,6526963,202203957.48
2025-11-25,STK0011,31.001,32.0322,30.6703,31.6941,4830632,153102645.42
2025-11-26,STK0011,31.9088,32.647,31.1269,31.864,2678135,85336056.76
2025-11-27,STK0011,32.1299,32.6816,31.1392,31.6833,3377822,107020465.67
2025-11-28,STK0011,31.6053,32.344,30.2333,30.9569,3489966,108038369.91
2025-12-01,STK0011,31.0356,31.4363,30.4455,30.8437,3108590,95880478.2
2025-12-02,STK0011,30.8521,31.2979,30.4678,30.9129,2040038,63063417.49
2025-12-03,STK0011,30.699,31.9163,29.9758,31.1818,2982287,92993101.87
2025-12-04,STK0011,31.1471,31.9311,30.3973,31.1805,6105678,190377927.45
2025-12-05,STK0011,31.2906,32.0446,30.271,31.0184,3265590,101293512.68
2025-12-08,STK0011,30.9257,31.9003,30.2814,31.2492,3579077,111843357.85
2025-12-09,STK0011,31.1884,31.8578,30.7943,31.4603,3894063,122508331.22
2025-12-10,STK0011,31.4276,31.6424,30.5253,30.7354,7869654,241877022.34
2025-12-11,STK0011,31.1273,31.464,30.2066,30.537,3602689,110015257.84
2025-12-12,STK0011,30.2028,30.915,29.4323,30.1431,5285202,159312242.29
2025-12-15,STK0011,30.2339,30.7782,29.9207,30.4626,2932969,89345777.09
2025-12-16,STK0011,30.4163,31.4869,29.8261,30.8875,3360059,103783858.35
2025-12-17,STK0011,30.769,31.4837,29.3628,30.0611,3798980,114201675.46
2025-12-18,STK0011,30.0111,30.7409,29.2806,30.0104,2950811,88554957.47
2025-12-19,STK0011,30.1308,30.8478,28.6299,29.3278,3652621,107123197.8
2025-12-22,STK0011,29.4555,30.3413,29.0206,29.8998,5340574,159681839.0
2025-12-23,STK0011,29.9331,30.3316,29.3118,29.7073,2930115,87045703.7
2025-12-24,STK0011,29.9027,30.6417,28.5991,29.3238,3878578,113734732.88
2025-12-25,STK0011,29.5479,29.7553,27.9994,28.1973,5014220,141387241.94
2025-12-26,STK0011,28.3357,28.6632,28.1568,28.4834,2968293,84546985.5
2025-12-29,STK0011,28.3902,29.0759,27.5873,28.2701,5866694,165851970.21
2025-12-30,STK0011,28.3541,28.8602,27.5228,28.0231,4094268,114734004.44
2025-12-31,STK0011,28.1071,28.5101,27.5172,27.9174,3811752,106414168.8
2026-01-01,STK0011,27.7811,29.1141,27.6412,28.9682,2037947,59035655.92
2026-01-02,STK0011,28.6967,29.0928,28.0081,28.4002,3659157,103920765.91
2026-01-05,STK0011,28.0576,28.723,27.0504,27.7075,4747292,131535737.19
2026-01-06,STK0011,27.7191,28.8598,27.2793,28.4091,7582782,215419832.0
2026-01-07,STK0011,28.4599,28.8522,28.1381,28.5296,4957527,141436383.19
2026-01-08,STK0011,28.328,29.7197,27.9123,29.2898,5966159,174747727.0
2026-01-09,STK0011,29.4742,30.4357,28.8146,29.7694,2644804,78734293.44
2026-01-12,STK0011,29.7966,30.5638,29.1114,29.8768,3893050,116311897.45
2026-01-13,STK0011,30.1197,30.485,29.7823,30.1473,6108151,184143966.97
2026-01-14,STK0011,30.2144,30.7451,29.7314,30.2613,2898218,87703902.83
2026-01-15,STK0011,30.0683,30.9839,29.8151,30.7251,5563793,170948281.67
2026-01-16,STK0011,30.8097,31.4475,30.4285,31.0631,5061274,157219074.77
2026-01-19,STK0011,31.1883,31.4084,30.0958,30.3097,4338891,131510372.96
2026-01-20,STK0011,30.2102,31.0628,29.7805,30.6272,3496660,107092858.23
2026-01-21,STK0011,30.3633,31.1135,29.8988,30.6447,2747797,84205400.53
2026-01-22,STK0011,30.6631,30.9627,29.8895,30.1844,7229599,218221119.43
2026-01-23,STK0011,30.0037,30.2515,29.4289,29.674,4873620,144619711.2
2026-01-26,STK0011,29.8742,30.0377,29.6742,29.8376,4345639,129663281.41
2026-01-27,STK0011,29.7648,30.4016,29.6097,30.2441,3326167,100596846.89
2026-01-28,STK0011,30.5587,31.1198,29.8209,30.3788,3921947,119143894.3
2026-01-29,STK0011,29.994,31.7058,29.7812,31.4823,4053387,127610136.11
2026-01-30,STK0011,31.5078,32.6683,31.3593,32.5151,4293026,139588124.02
2026-02-02,STK0011,32.7951,33.6142,31.5291,32.3367,4716212,152506568.22
2026-02-03,STK0011,32.1644,32.421,31.3823,31.6347,2756194,87191335.73
2026-02-04,STK0011,31.6045,32.319,30.5133,31.2191,2126826,66397679.0
2026-02-05,STK0011,31.1437,31.7781,30.6451,31.2773,3640868,113876532.96
2026-02-06,STK0011,31.1492,31.7238,29.7276,30.2862,1966336,59552923.79
2026-02-09,STK0011,30.3307,31.1017,29.8788,30.645,3170019,97145359.85
2026-02-10,STK0011,30.4078,30.595,30.0305,30.2166,2958148,89385092.69
2026-02-11,STK0011,30.1965,31.7398,29.5478,31.0723,4335671,134719407.33
2026-02-12,STK0011,31.1687,31.8246,29.9974,30.6422,7350700,225241743.68
2026-02-13,STK0011,30.6027,30.9187,30.2954,30.6113,1849220,56606957.99
2026-02-16,STK0011,30.4281,31.0235,29.6095,30.2005,8076691,243920320.99
2026-02-17,STK0011,30.3878,30.8281,28.9637,29.3895,3380020,99337207.09
2026-02-18,STK0011,29.5186,30.1948,28.0128,28.6695,4248761,121809938.08
2026-02-19,STK0011,28.491,30.0777,27.9079,29.4745,2274455,67038390.51
2026-02-20,STK0011,29.2465,29.6417,29.1604,29.5547,5230320,154580607.63
2026-02-23,STK0011,29.3864,30.3347,28.7333,29.6753,3667098,108822108.57
2026-02-24,STK0011,29.7725,30.4953,28.0727,28.7712,3542803,101930540.38
2026-02-25,STK0011,28.8188,29.3683,27.6498,28.1873,1799055,50710563.73
2026-02-26,STK0011,28.3213,28.456,27.6642,27.7964,3611845,100396334.62
2026-02-27,STK0011,27.7421,28.3127,26.6173,27.1764,4668321,126867941.24
2026-03-02,STK0011,27.026,27.4825,26.3724,26.8256,3248436,87141119.36
2026-03-03,STK0011,26.9739,27.238,25.3315,25.5821,5281527,135112340.78
2026-03-04,STK0011,25.4973,26.6889,24.9278,26.1059,5236811,136711656.4
2026-03-05,STK0011,26.1351,26.7901,25.7429,26.394,2747673,72522028.8
2026-03-06,STK0011,26.1497,28.0161,25.5844,27.4232,6021886,165139674.28
2026-03-09,STK0011,27.3297,27.8055,25.8261,26.2838,3438091,90366093.59
2026-03-10,STK0011,26.4435,26.6718,25.9411,26.167,3421535,89531461.99
2026-03-11,STK0011,26.0548,26.6912,25.2522,25.8844,3598402,93142573.04
2026-03-12,STK0011,26.0112,26.4049,25.537,25.9293,3611379,93640697.69
2026-03-13,STK0011,25.5692,25.9243,25.0207,25.373,1401238,35553662.4
2026-03-16,STK0011,25.288,26.2936,25.0028,26.0003,3458932,89933109.31
2026-03-17,STK0011,25.9735,26.2887,25.8401,26.1544,2258674,59074219.41
2026-03-18,STK0011,26.4293,26.8993,25.5335,25.9957,6546007,170168344.95
2026-03-19,STK0011,25.814,26.7593,25.5066,26.4444,6307735,166803960.89
2026-03-20,STK0011,26.551,27.1749,25.5055,26.1192,4860626,126955846.39
2026-03-23,STK0011,26.2854,27.0094,25.6494,26.3713,3252124,85762603.71
2026-03-24,STK0011,26.2573,26.9683,25.7412,26.4484,2493845,65958288.21
2026-03-25,STK0011,26.3892,26.5892,25.6667,25.8626,2821637,72974965.44
2026-03-26,STK0011,25.8846,26.3626,25.0949,25.567,6978125,178409806.42
2026-03-27,STK0011,25.3408,26.7534,25.2782,26.6875,2820650,75276147.26
2026-03-30,STK0011,26.6147,27.9409,26.0556,27.366,1562475,42758671.52
2026-03-31,STK0011,27.5763,27.9487,27.2081,27.5804,5135569,141641246.7
2026-04-01,STK0011,27.6671,28.3185,26.3713,27.0072,6129525,165541510.89
2026-04-02,STK0011,26.9818,28.0743,26.6934,27.7774,6337081,176027914.69
2026-04-03,STK0011,27.7963,28.0201,27.0221,27.2415,5042431,137363173.45
2026-04-06,STK0011,27.3366,28.0169,26.2413,26.911,5343102,143788475.7
2026-04-07,STK0011,27.0361,27.4201,26.3291,26.7085,3608361,96373765.63
2026-04-08,STK0011,26.6194,27.9448,26.0377,27.3472,1749520,47844433.72
2026-04-09,STK0011,27.6002,28.5737,26.9666,27.9326,3642118,101733701.63
2026-04-10,STK0011,28.1541,28.5785,27.762,28.186,4462060,125767512.62
2026-04-13,STK0011,28.3007,28.7022,27.9475,28.3483,3379158,95793524.66
2026-04-14,STK0011,28.2053,28.6204,27.0882,27.4928,3342196,91886360.14
2026-04-15,STK0011,27.325,28.0349,26.7376,27.4449,2529503,69421836.88
2026-04-16,STK0011,27.3911,28.6243,26.7286,27.9483,2486174,69484381.74
2026-04-17,STK0011,27.9585,28.3237,27.6915,28.0557,6707976,188197228.22
2026-04-20,STK0011,27.7596,28.822,27.2325,28.2849,6849947,193750333.41
2026-04-21,STK0011,28.369,28.6284,28.1261,28.3853,3521325,99953907.66
2026-04-22,STK0011,28.6054,29.0646,28.1187,28.5774,3844773,109873583.92
2026-04-23,STK0011,28.6764,29.2646,27.6577,28.2368,2487696,70244687.76
2026-04-24,STK0011,28.1225,29.1216,27.4929,28.4839,4196172,119523157.06
2025-07-21,STK0012,14.38,14.4656,14.1881,14.273,1045091,14916603.26
2025-07-22,STK0012,14.281,14.3807,13.9311,14.0291,641809,9003988.98
2025-07-23,STK0012,14.0681,14.1249,14.0274,14.0842,706297,9947630.18
2025-07-24,STK0012,14.0428,14.2676,13.7945,14.0188,469627,6583624.69
2025-07-25,STK0012,13.9408,14.1895,13.4898,13.7348,772784,10614021.04
2025-07-28,STK0012,13.7499,13.7784,13.6086,13.637,723908,9871915.02
2025-07-29,STK0012,13.553,13.7393,13.3563,13.5425,535663,7254209.17
2025-07-30,STK0012,13.6304,13.7758,13.2641,13.4071,1122574,15050511.29
2025-07-31,STK0012,13.3979,13.6689,12.8952,13.1613,1334723,17566745.87
2025-08-01,STK0012,13.1356,13.1736,12.7779,12.815,856270,10973105.93
2025-08-04,STK0012,12.8506,12.942,12.8105,12.9018,766002,9882788.84
2025-08-05,STK0012,12.8959,13.25,12.6861,13.0379,972086,12673994.25
2025-08-06,STK0012,12.9089,13.1104,12.5116,12.71,825244,10488839.01
2025-08-07,STK0012,12.6293,13.2536,12.3626,12.9796,569463,7391387.34
2025-08-08,STK0012,13.0622,13.4038,12.8581,13.1977,649633,8573633.11
2025-08-11,STK0012,13.2043,13.6699,12.8896,13.3517,720739,9623084.96
2025-08-12,STK0012,13.2177,13.5784,13.0956,13.4542,874480,11765435.04
2025-08-13,STK0012,13.4827,13.6706,13.3323,13.5198,795256,10751693.4
2025-08-14,STK0012,13.4745,14.4881,13.1446,14.1418,834839,11806132.62
2025-08-15,STK0012,14.0678,14.1307,13.9948,14.0576,461462,6487067.79
2025-08-18,STK0012,13.9614,14.2449,13.4959,13.7756,983816,13552694.47
2025-08-19,STK0012,13.8585,13.8899,13.3067,13.3369,793977,10589225.88
2025-08-20,STK0012,13.1806,14.058,13.0067,13.875,1938627,26898370.0
2025-08-21,STK0012,13.8054,14.3852,13.7291,14.3061,695782,9953909.0
2025-08-22,STK0012,14.3164,14.5422,13.8056,14.0269,889577,12477989.81
2025-08-25,STK0012,14.1603,14.4486,13.528,13.8091,2054803,28374929.29
2025-08-26,STK0012,13.855,13.8933,13.7367,13.7747,803188,11063699.32
2025-08-27,STK0012,13.705,14.1945,13.626,14.1131,731502,10323737.77
2025-08-28,STK0012,14.2432,14.3839,13.6883,13.8249,533158,7370874.99
2025-08-29,STK0012,13.713,13.8211,13.2742,13.3797,1251740,16747920.34
2025-09-01,STK0012,13.401,14.2618,13.2561,14.1093,488289,6889395.21
2025-09-02,STK0012,14.1506,14.4887,13.8094,14.1474,836520,11834621.13
2025-09-03,STK0012,14.0728,14.2735,14.0119,14.212,612490,8704718.05
2025-09-04,STK0012,14.2716,14.4391,13.9148,14.0801,676356,9523127.16
2025-09-05,STK0012,14.0367,14.4324,13.8611,14.2541,443972,6328410.9
2025-09-08,STK0012,14.3137,14.4346,13.8547,13.9727,1188249,16603103.42
2025-09-09,STK0012,13.8194,13.9355,13.6339,13.7495,678441,9328232.48
2025-09-10,STK0012,13.7772,14.0312,13.4432,13.6957,495046,6780010.37
2025-09-11,STK0012,13.6619,13.8834,12.8604,13.0723,1168083,15269582.18
2025-09-12,STK0012,13.1628,13.4352,12.785,13.0552,658903,8602090.44
2025-09-15,STK0012,13.0517,13.1994,12.8841,13.0316,867707,11307619.96
2025-09-16,STK0012,13.1297,13.3391,12.7976,13.0051,1027949,13368607.07
2025-09-17,STK0012,13.0448,13.339,12.528,12.817,916221,11743248.74
2025-09-18,STK0012,12.8072,13.0836,12.3342,12.6062,363876,4587098.38
2025-09-19,STK0012,12.6659,12.9593,11.9237,12.2064,1008604,12311451.38
2025-09-22,STK0012,12.2647,12.3651,12.1533,12.2536,771134,9449149.8
2025-09-23,STK0012,12.2883,12.5914,11.9538,12.256,689981,8456439.02
2025-09-24,STK0012,12.0886,12.3398,11.723,11.9717,763175,9136514.18
2025-09-25,STK0012,11.9013,12.2812,11.66,12.0371,449930,5415844.33
2025-09-26,STK0012,12.1375,12.3481,11.7684,11.9762,861395,10316274.64
2025-09-29,STK0012,11.8863,12.1906,11.5937,11.8977,484566,5765225.96
2025-09-30,STK0012,11.9609,12.1063,11.3509,11.4905,709524,8152811.63
2025-10-01,STK0012,11.5393,11.7592,11.2982,11.5177,821292,9459396.64
2025-10-02,STK0012,11.4677,11.6749,11.0354,11.2385,1142166,12836279.95
2025-10-03,STK0012,11.1048,11.425,10.8956,11.2138,591499,6632927.51
2025-10-06,STK0012,11.1755,11.3911,10.7903,11.0025,1316946,14489696.02
2025-10-07,STK0012,11.1405,11.2117,10.8338,10.9035,1086297,11844407.15
2025-10-08,STK0012,10.8471,11.3539,10.7384,11.2412,670473,7536917.17
2025-10-09,STK0012,11.1878,11.4059,11.0644,11.2816,527164,5947235.19
2025-10-10,STK0012,11.2142,11.8081,10.9989,11.5856,472325,5472154.99
2025-10-13,STK0012,11.6703,11.8859,11.3093,11.5222,873892,10069136.12
2025-10-14,STK0012,11.5054,11.8214,11.2619,11.5763,615263,7122479.17
2025-10-15,STK0012,11.5329,11.7652,10.995,11.2209,1188839,13339835.67
2025-10-16,STK0012,11.3165,11.4942,11.0224,11.1983,616919,6908453.89
2025-10-17,STK0012,11.2373,11.296,11.1453,11.2038,593776,6652528.79
2025-10-20,STK0012,11.1421,11.7029,10.957,11.5116,905237,10420766.22
2025-10-21,STK0012,11.4274,11.6834,11.1234,11.3783,627469,7139558.54
2025-10-22,STK0012,11.4577,11.6501,11.2038,11.3951,800914,9126523.42
2025-10-23,STK0012,11.3963,11.7648,11.1387,11.5048,1143489,13155609.93
2025-10-24,STK0012,11.3984,12.0226,11.1137,11.7296,841376,9869021.82
2025-10-27,STK0012,11.6048,11.7239,11.4808,11.5998,836683,9705395.37
2025-10-28,STK0012,11.5224,11.9006,11.3077,11.6829,858257,10026907.85
2025-10-29,STK0012,11.5963,11.7635,11.0958,11.2582,445323,5013524.26
2025-10-30,STK0012,11.1208,11.2594,10.8331,10.9698,908052,9961182.82
2025-10-31,STK0012,10.8977,10.9796,10.4567,10.5359,852322,8979996.39
2025-11-03,STK0012,10.478,10.8153,10.3978,10.7331,1100658,11813501.53
2025-11-04,STK0012,10.7034,10.8986,10.6364,10.8309,981574,10631318.85
2025-11-05,STK0012,10.9415,11.1985,10.7607,11.0165,752429,8289129.69
2025-11-06,STK0012,10.9989,11.0568,10.8687,10.9262,1132462,12373524.37
2025-11-07,STK0012,10.9152,11.0454,10.6627,10.7914,706316,7622133.5
2025-11-10,STK0012,10.8244,10.9764,10.6469,10.7985,845910,9134565.24
2025-11-11,STK0012,10.7831,11.1649,10.6529,11.0317,718500,7926256.25
2025-11-12,STK0012,11.0582,11.5891,10.8186,11.3433,932070,10572765.42
2025-11-13,STK0012,11.3624,11.6148,11.2239,11.4749,672967,7722229.72
2025-11-14,STK0012,11.4833,11.5282,11.4047,11.4494,1354766,15511222.81
2025-11-17,STK0012,11.641,12.0556,11.3521,11.7636,1552546,18263553.05
2025-11-18,STK0012,11.8281,12.0816,11.4204,11.6705,1052805,12286784.11
2025-11-19,STK0012,11.595,11.7942,11.3882,11.5872,1376002,15944052.5
2025-11-20,STK0012,11.613,11.8382,11.3702,11.5951,478120,5543829.69
2025-11-21,STK0012,11.5401,11.5972,11.3676,11.4242,499658,5708180.74
2025-11-24,STK0012,11.4548,11.6795,11.2122,11.4365,724505,8285809.58
2025-11-25,STK0012,11.3425,11.4194,11.1232,11.1991,842881,9439493.47
2025-11-26,STK0012,11.1249,11.5237,10.9775,11.3731,770850,8766942.24
2025-11-27,STK0012,11.3966,11.5464,11.3271,11.4764,460469,5284539.88
2025-11-28,STK0012,11.5453,11.8665,11.3221,11.6414,1216575,14162578.31
2025-12-01,STK0012,11.6765,11.7659,11.1083,11.194,1695823,18982988.52
2025-12-02,STK0012,11.2515,11.5694,11.1635,11.4796,1240567,14241248.03
2025-12-03,STK0012,11.5054,11.5573,11.033,11.083,1154491,12795176.32
2025-12-04,STK0012,11.0944,11.3005,10.6712,10.8732,864009,9394503.09
2025-12-05,STK0012,10.8403,10.9358,10.5913,10.6853,590855,6313490.93
2025-12-08,STK0012,10.7376,11.0619,10.5881,10.91,798706,8713893.3
2025-12-09,STK0012,10.9773,11.154,10.8715,11.0474,1588440,17548193.56
2025-12-10,STK0012,11.0433,11.2621,10.7532,10.9707,674181,7396210.45
2025-12-11,STK0012,10.963,11.042,10.788,10.8663,651026,7074253.51
2025-12-12,STK0012,10.9706,11.2299,10.2835,10.5325,1115465,11748620.31
2025-12-15,STK0012,10.5312,10.8332,10.4323,10.7325,1133707,12167461.86
2025-12-16,STK0012,10.7373,10.8643,10.6902,10.8168,562010,6079160.71
2025-12-17,STK0012,10.8483,11.1392,10.7666,11.056,704595,7790024.09
2025-12-18,STK0012,11.0495,11.237,11.0087,11.1955,640196,7167335.97
2025-12-19,STK0012,11.1406,11.283,10.4162,10.5511,783026,8261756.34
2025-12-22,STK0012,10.575,10.657,10.2649,10.3451,1140748,11801151.06
2025-12-23,STK0012,10.3427,10.6802,10.1112,10.4464,578303,6041184.45
2025-12-24,STK0012,10.5625,10.7093,10.1903,10.3339,1121762,11592185.01
2025-12-25,STK0012,10.3829,10.4594,10.0555,10.1302,793363,8036892.56
2025-12-26,STK0012,10.094,10.219,9.8107,9.9337,1694598,16833595.15
2025-12-29,STK0012,9.9772,10.1324,9.9123,10.0668,841471,8470954.6
2025-12-30,STK0012,10.0855,10.2256,10.0238,10.1635,727863,7397625.5
2025-12-31,STK0012,10.2437,10.3464,10.1523,10.2549,928444,9521140.05
2026-01-01,STK0012,10.2227,10.2914,10.1768,10.2454,662855,6791224.58
2026-01-02,STK0012,10.257,10.3245,10.192,10.2594,397964,4082886.79
2026-01-05,STK0012,10.2533,10.4951,9.7107,9.9451,700119,6962770.34
2026-01-06,STK0012,9.9486,10.1211,9.7595,9.9317,718304,7133985.08
2026-01-07,STK0012,9.8791,10.1081,9.2816,9.5019,458741,4358895.47
2026-01-08,STK0012,9.5348,9.6102,9.2459,9.3196,767070,7148782.56
2026-01-09,STK0012,9.343,9.5458,9.1132,9.3155,384298,3579926.14
2026-01-12,STK0012,9.3876,9.8442,9.2906,9.7435,696431,6785691.71
2026-01-13,STK0012,9.7429,9.7947,9.4727,9.5233,860210,8192035.01
2026-01-14,STK0012,9.4998,9.6946,9.0476,9.237,807775,7461427.02
2026-01-15,STK0012,9.2809,9.3122,9.2006,9.2317,659023,6083908.45
2026-01-16,STK0012,9.1878,9.5769,9.0839,9.4698,734749,6957902.61
2026-01-19,STK0012,9.5316,9.7303,9.2801,9.4776,581657,5512731.03
2026-01-20,STK0012,9.5394,9.6939,9.3545,9.5085,771556,7336305.13
2026-01-21,STK0012,9.5805,9.7138,9.3569,9.489,789183,7488549.63
2026-01-22,STK0012,9.5105,9.6068,9.2912,9.3863,566131,5313868.19
2026-01-23,STK0012,9.3589,9.3938,9.2718,9.3065,857204,7977541.52
2026-01-26,STK0012,9.3126,9.5434,8.9064,9.1328,862153,7873910.73
2026-01-27,STK0012,9.1537,9.3259,9.0986,9.2701,739246,6852900.61
2026-01-28,STK0012,9.239,9.3117,8.9833,9.0545,1830627,16575468.0
2026-01-29,STK0012,9.1272,9.3914,9.0595,9.3222,766589,7146268.08
2026-01-30,STK0012,9.3547,9.7275,9.1406,9.5099,731864,6959927.27
2026-02-02,STK0012,9.4591,9.6832,9.274,9.4974,696541,6615340.74
2026-02-03,STK0012,9.6053,9.7256,9.0434,9.1581,575753,5272793.71
2026-02-04,STK0012,9.1634,9.3831,8.6564,8.8691,1024852,9089489.6
2026-02-05,STK0012,8.811,9.106,8.7827,9.0768,629876,5717266.25
2026-02-06,STK0012,9.0317,9.2354,8.7892,8.992,658561,5921789.95
2026-02-09,STK0012,9.0726,9.1034,8.9798,9.0103,660415,5950538.87
2026-02-10,STK0012,9.1095,9.2097,8.7337,8.8308,563598,4977019.85
2026-02-11,STK0012,8.8844,8.9133,8.7875,8.8161,425955,3755242.17
2026-02-12,STK0012,8.8861,9.1081,8.4442,8.6605,669683,5799816.19
2026-02-13,STK0012,8.724,8.9249,8.4834,8.6834,1078432,9364460.29
2026-02-16,STK0012,8.7125,8.8653,8.5779,8.7305,848407,7406983.49
2026-02-17,STK0012,8.7477,8.809,8.6576,8.7187,1326758,11567628.75
2026-02-18,STK0012,8.747,8.8202,8.41,8.481,1008261,8551060.65
2026-02-19,STK0012,8.5185,8.6236,8.2962,8.3999,932937,7836568.59
2026-02-20,STK0012,8.3626,8.5566,8.2838,8.4767,1478790,12535250.34
2026-02-23,STK0012,8.514,8.5642,8.4928,8.5429,748185,6391654.94
2026-02-24,STK0012,8.618,8.7653,8.3591,8.5044,774913,6590190.66
2026-02-25,STK0012,8.4939,8.9996,8.3571,8.8569,766890,6792258.45
2026-02-26,STK0012,8.8403,9.0418,8.478,8.6758,1320573,11457035.79
2026-02-27,STK0012,8.7006,8.8885,8.5878,8.7747,744224,6530345.6
2026-03-02,STK0012,8.7406,8.8273,8.4525,8.5373,594214,5072970.94
2026-03-03,STK0012,8.4701,8.7133,8.3535,8.595,910260,7823696.32
2026-03-04,STK0012,8.6544,8.8851,8.5983,8.8279,552250,4875208.66
2026-03-05,STK0012,8.804,8.9483,8.555,8.6976,875978,7618875.1
2026-03-06,STK0012,8.6985,8.87,8.3863,8.555,838456,7172966.39
2026-03-09,STK0012,8.5237,8.5708,8.1602,8.2056,673945,5530102.04
2026-03-10,STK0012,8.2687,8.3458,8.088,8.1641,853737,6969990.1
2026-03-11,STK0012,8.206,8.4427,8.0258,8.2613,424089,3503507.84
2026-03-12,STK0012,8.2493,8.3617,7.9821,8.0924,752982,6093433.24
2026-03-13,STK0012,8.0353,8.218,7.921,8.1026,598279,4847639.24
2026-03-16,STK0012,8.0858,8.2363,7.7079,7.8541,1883509,14793297.7
2026-03-17,STK0012,7.881,8.0015,7.7229,7.8428,738927,5795246.79
2026-03-18,STK0012,7.8517,7.8799,7.6301,7.6576,556934,4264799.37
2026-03-19,STK0012,7.6627,7.8197,7.4277,7.5831,424447,3218604.66
2026-03-20,STK0012,7.5927,7.769,7.2766,7.4496,1076350,8018403.14
2026-03-23,STK0012,7.4836,7.5078,7.275,7.2986,598272,4366533.9
2026-03-24,STK0012,7.2967,7.3317,7.2525,7.2874,504229,3674506.5
2026-03-25,STK0012,7.3071,7.4397,7.0419,7.172,741299,5316609.65
2026-03-26,STK0012,7.1297,7.2431,6.8861,6.9974,827355,5789319.42
2026-03-27,STK0012,7.1054,7.2244,7.0287,7.1472,825711,5901536.61
2026-03-30,STK0012,7.1351,7.2648,7.0323,7.1617,658188,4713721.9
2026-03-31,STK0012,7.1704,7.3008,6.7667,6.892,690164,4756589.06
2026-04-01,STK0012,6.9154,7.0095,6.7026,6.795,717486,4875321.65
2026-04-02,STK0012,6.7783,6.9939,6.7429,6.9575,725847,5050094.72
2026-04-03,STK0012,6.9578,6.9861,6.8531,6.881,748609,5151207.31
2026-04-06,STK0012,6.8809,7.2267,6.7976,7.1404,932905,6661282.27
2026-04-07,STK0012,7.1013,7.2663,6.8748,7.0382,638550,4494264.4
2026-04-08,STK0012,7.0568,7.1614,6.9386,7.0431,472241,3326020.14
2026-04-09,STK0012,6.9737,7.1818,6.9023,7.109,592700,4213526.83
2026-04-10,STK0012,7.1842,7.4106,7.0197,7.2447,796926,5773509.53
2026-04-13,STK0012,7.2793,7.3589,7.0697,7.1479,334126,2388305.02
2026-04-14,STK0012,7.1754,7.2738,6.9216,7.0178,339455,2382228.45
2026-04-15,STK0012,6.9451,7.1808,6.9126,7.1474,848116,6061812.44
2026-04-16,STK0012,7.1135,7.2484,6.9773,7.1121,1024077,7283377.32
2026-04-17,STK0012,7.1717,7.3135,7.0418,7.1834,389781,2799950.54
2026-04-20,STK0012,7.3646,7.5138,6.9405,7.0841,625964,4434378.7
2026-04-21,STK0012,7.135,7.2027,7.0636,7.1312,537431,3832522.27
2026-04-22,STK0012,7.1757,7.262,6.8523,6.9357,569407,3949256.35
2026-04-23,STK0012,6.9576,6.9985,6.8183,6.8585,697368,4782929.36
2026-04-24,STK0012,6.8238,6.9888,6.5795,6.7426,392503,2646477.51
2025-07-21,STK0013,77.8907,79.3388,76.9234,78.3657,2410095,188868827.95
2025-07-22,STK0013,78.0036,79.4294,75.0219,76.4187,2524932,192951998.43
2025-07-23,STK0013,76.2933,79.7283,74.6893,78.0865,6902277,538974941.84
2025-07-24,STK0013,77.2617,82.7209,76.6138,82.0329,4021982,329935028.19
2025-07-25,STK0013,81.5915,81.9782,79.7804,80.1603,4343506,348176685.83
2025-07-28,STK0013,79.441,81.2321,78.1405,79.9237,3373139,269593776.32
2025-07-29,STK0013,79.7157,80.9572,78.1517,79.3881,3497978,277697873.9
2025-07-30,STK0013,79.2004,79.9015,78.5498,79.2505,3183145,252265829.85
2025-07-31,STK0013,79.2933,80.5182,75.9106,77.1017,4955165,382051660.61
2025-08-01,STK0013,77.6773,79.2447,74.9063,76.4489,4131364,315838125.55
2025-08-04,STK0013,76.76,77.9266,75.9885,77.1512,5024201,387623196.62
2025-08-05,STK0013,76.4039,80.8881,75.8253,80.2801,4938607,396471738.18
2025-08-06,STK0013,80.5735,82.0782,76.3103,77.7625,3743708,291120038.35
2025-08-07,STK0013,77.8146,79.7783,76.2525,78.2082,2599904,203333932.54
2025-08-08,STK0013,78.1624,82.3173,76.2905,80.392,2514210,202122391.93
2025-08-11,STK0013,80.3811,80.8147,78.933,79.3611,12559921,996769285.29
2025-08-12,STK0013,79.4586,81.2427,77.6032,79.3856,7392232,586836835.74
2025-08-13,STK0013,79.0567,80.606,75.9445,77.4626,7056920,546647313.02
2025-08-14,STK0013,77.3779,78.7818,75.4183,76.8119,3532419,271331851.46
2025-08-15,STK0013,77.3595,78.0712,73.5946,74.2779,4450310,330559846.58
2025-08-18,STK0013,73.9649,74.1506,73.1112,73.2952,3378896,247656818.59
2025-08-19,STK0013,72.8437,73.8397,70.5343,71.5122,2883297,206190770.07
2025-08-20,STK0013,71.4857,73.1292,70.8729,72.5076,3751872,272039155.38
2025-08-21,STK0013,72.0174,72.6415,70.7471,71.3655,7348550,524433195.46
2025-08-22,STK0013,70.6316,72.2791,68.8011,70.4442,6267007,441474194.18
2025-08-25,STK0013,70.2987,70.6867,69.2364,69.6206,3280878,228416701.89
2025-08-26,STK0013,70.2284,71.8778,68.2659,69.9078,4138849,289337918.94
2025-08-27,STK0013,69.8916,70.8413,68.535,69.479,6033361,419191976.67
2025-08-28,STK0013,69.5535,71.0336,66.9686,68.4247,3725974,254948501.59
2025-08-29,STK0013,67.5557,69.3912,66.98,68.8048,4712141,324217985.7
2025-09-01,STK0013,68.9859,72.7896,67.8421,71.6024,5176874,370676790.44
2025-09-02,STK0013,71.6426,72.703,70.4132,71.4711,5124135,366227484.82
2025-09-03,STK0013,71.1865,72.842,68.6903,70.3258,4887512,343717970.33
2025-09-04,STK0013,70.4018,70.8329,69.1769,69.6032,3518298,244884634.88
2025-09-05,STK0013,69.6742,70.1414,67.0185,67.4709,3651612,246377566.28
2025-09-08,STK0013,67.0434,69.6528,65.446,68.0318,2980916,202797221.43
2025-09-09,STK0013,68.1674,68.4574,67.1685,67.4554,2535111,171006874.6
2025-09-10,STK0013,67.9416,69.0693,64.6869,65.7787,4242119,279040992.84
2025-09-11,STK0013,65.6888,65.9117,64.1448,64.3632,5809262,373902774.06
2025-09-12,STK0013,64.029,64.5252,63.7876,64.2828,2787049,179159433.09
2025-09-15,STK0013,64.2144,66.9406,63.204,65.9036,4962853,327069926.66
2025-09-16,STK0013,66.2424,68.5466,65.2699,67.5548,5832767,394031674.58
2025-09-17,STK0013,67.0596,68.0775,64.9923,65.994,2296184,151534447.93
2025-09-18,STK0013,66.2235,67.0774,64.6718,65.5166,4041500,264785173.96
2025-09-19,STK0013,65.2506,66.4952,63.7595,64.9993,7856613,510674515.58
2025-09-22,STK0013,65.0938,67.7212,63.4781,66.081,5248303,346813204.63
2025-09-23,STK0013,65.8576,67.3627,65.3082,66.8054,2277028,152117751.21
2025-09-24,STK0013,66.5785,67.6826,65.9501,67.0497,5483351,367657229.46
2025-09-25,STK0013,67.6653,68.778,67.0272,68.1354,3385125,230647013.73
2025-09-26,STK0013,67.5618,68.883,66.1203,67.4391,5680787,383107165.46
2025-09-29,STK0013,67.6358,69.9897,66.9591,69.2964,3517395,243742824.25
2025-09-30,STK0013,70.02,71.2499,68.4831,69.7075,4556827,317645212.41
2025-10-01,STK0013,69.9948,70.8527,66.8332,67.6624,3747829,253587266.54
2025-10-02,STK0013,67.1242,68.2342,66.0516,67.161,4473418,300439343.03
2025-10-03,STK0013,66.6466,69.7799,65.2425,68.3401,3649756,249424777.65
2025-10-06,STK0013,68.0326,68.9731,66.4543,67.3858,4258374,286953967.87
2025-10-07,STK0013,67.4497,69.2346,66.5776,68.3509,3135015,214281159.98
2025-10-08,STK0013,68.4436,69.1208,67.8865,68.5626,5726801,392644644.16
2025-10-09,STK0013,68.0415,68.9849,66.1143,67.0439,5067584,339750693.84
2025-10-10,STK0013,66.6938,69.0237,66.1578,68.4734,2679326,183462690.31
2025-10-13,STK0013,68.1409,69.5992,64.8783,66.2972,6595873,437287980.71
2025-10-14,STK0013,66.2254,67.788,65.5006,67.0542,4329582,290316556.52
2025-10-15,STK0013,67.8574,68.1947,67.2379,67.5737,4983733,336769284.36
2025-10-16,STK0013,67.1964,67.7017,66.3839,66.8869,6131887,410142722.42
2025-10-17,STK0013,66.4959,68.213,65.5454,67.2516,5254676,353385546.18
2025-10-20,STK0013,66.796,68.6416,65.2547,67.0935,7125433,478070116.05
2025-10-21,STK0013,67.3498,67.9501,66.6749,67.2745,4171363,280626341.57
2025-10-22,STK0013,67.2578,69.8337,66.7143,69.2739,6644147,460266263.89
2025-10-23,STK0013,68.9024,70.164,68.1203,69.3765,4750532,329575365.52
2025-10-24,STK0013,69.2257,71.5982,67.5464,69.9024,5411295,378262747.06
2025-10-27,STK0013,69.5713,71.0629,67.5766,69.0572,5172161,357174964.93
2025-10-28,STK0013,69.1799,69.5564,67.9445,68.3163,6866856,469118096.66
2025-10-29,STK0013,69.4255,70.5444,66.406,67.4937,5744994,387751107.11
2025-10-30,STK0013,67.7172,69.0859,65.4197,66.7693,3834817,256048026.78
2025-10-31,STK0013,66.7321,68.5758,65.4198,67.2533,3565884,239817632.53
2025-11-03,STK0013,66.9856,68.2344,66.0984,67.3425,4410560,297018350.47
2025-11-04,STK0013,66.8019,68.0599,64.7247,65.967,3395160,223968515.17
2025-11-05,STK0013,66.258,68.3104,65.2362,67.2729,3096718,208325189.26
2025-11-06,STK0013,67.5477,68.2408,67.0996,67.7911,2118480,143614114.05
2025-11-07,STK0013,67.6018,67.8241,67.076,67.2974,2575439,173320264.16
2025-11-10,STK0013,67.7891,69.9608,67.0774,69.2339,8769091,607118764.74
2025-11-11,STK0013,69.2427,69.4798,66.3124,66.5403,3465804,230615572.55
2025-11-12,STK0013,66.8503,68.581,66.1093,67.8291,8731967,592281624.24
2025-11-13,STK0013,67.9498,69.3811,65.1017,66.5025,5159986,343152035.17
2025-11-14,STK0013,66.4319,67.8548,64.5582,65.9712,4328618,285564254.93
2025-11-17,STK0013,65.5943,65.7769,65.3913,65.5738,2641202,173193702.04
2025-11-18,STK0013,65.5166,65.7524,63.956,64.187,4441540,285089265.03
2025-11-19,STK0013,64.5121,66.8623,63.3892,65.7183,8635554,567514266.69
2025-11-20,STK0013,65.5183,69.1779,64.6338,68.2565,7611890,519560764.58
2025-11-21,STK0013,68.4368,68.8088,67.8968,68.2679,4951714,338043123.78
2025-11-24,STK0013,67.8258,70.5327,66.4336,69.114,2982777,206151558.75
2025-11-25,STK0013,69.4382,69.9228,68.6229,69.1052,3257137,225085090.08
2025-11-26,STK0013,69.2351,71.2544,68.9722,70.9848,3325801,236081433.26
2025-11-27,STK0013,70.4747,71.8305,66.9558,68.2692,6980206,476533373.24
2025-11-28,STK0013,68.1775,69.2675,66.5212,67.602,8067360,545369574.0
2025-12-01,STK0013,67.9808,68.7335,65.0491,65.7774,4893017,321849833.16
2025-12-02,STK0013,65.2824,66.453,61.1121,62.2281,4251367,264554284.66
2025-12-03,STK0013,61.8295,63.2492,59.811,61.2167,8095678,495590582.86
2025-12-04,STK0013,61.1912,63.6985,61.0207,63.5216,3355620,213154198.3
2025-12-05,STK0013,64.3399,65.3974,61.1906,62.2132,4952303,308098446.58
2025-12-08,STK0013,61.9626,63.3022,61.5278,62.8611,5590360,351415902.33
2025-12-09,STK0013,63.0481,65.8758,62.2345,65.0365,3429653,223052464.62
2025-12-10,STK0013,65.138,65.9035,64.0227,64.784,3669064,237696662.28
2025-12-11,STK0013,64.5553,66.0966,63.8471,65.3794,3614303,236300982.82
2025-12-12,STK0013,65.4426,65.8601,62.4045,62.8051,7436602,467056607.61
2025-12-15,STK0013,62.6366,63.9182,60.599,61.8649,8931139,552523590.22
2025-12-16,STK0013,61.7322,62.9608,61.0699,62.2925,4795094,298698451.73
2025-12-17,STK0013,61.6747,63.5355,60.2928,62.1431,4322160,268592598.94
2025-12-18,STK0013,62.134,63.6971,61.5029,63.0566,3909344,246510006.19
2025-12-19,STK0013,63.3977,64.7489,60.8181,62.1425,4851976,301514078.92
2025-12-22,STK0013,62.1639,65.8472,61.2612,64.9046,4081988,264939779.92
2025-12-23,STK0013,65.3307,66.0408,63.8386,64.5401,4822463,311242405.81
2025-12-24,STK0013,64.7653,67.238,63.587,66.0366,5725763,378110131.31
2025-12-25,STK0013,66.013,67.3395,63.9468,65.2581,4226252,275797095.06
2025-12-26,STK0013,65.0127,68.1949,64.1609,67.3129,4518946,304183550.62
2025-12-29,STK0013,67.1168,67.9078,64.7221,65.4939,4522769,296213778.11
2025-12-30,STK0013,64.9186,66.8542,63.9266,65.848,4329758,285106088.74
2025-12-31,STK0013,65.7426,66.7589,64.3735,65.3842,4015349,262540546.46
2026-01-01,STK0013,65.4415,67.3496,64.6702,66.5651,6098887,405972958.11
2026-01-02,STK0013,67.2538,69.193,65.9473,67.8745,2514336,170659186.75
2026-01-05,STK0013,68.09,68.8521,66.8914,67.6486,8174155,552970002.79
2026-01-06,STK0013,67.2985,70.1184,66.4627,69.2583,5062278,350604680.13
2026-01-07,STK0013,68.6627,69.756,67.4694,68.561,5993481,410919259.74
2026-01-08,STK0013,68.4761,70.1673,66.7487,68.4389,6155217,421256438.03
2026-01-09,STK0013,68.7731,69.5555,68.2232,69.0038,3627090,250282970.26
2026-01-12,STK0013,68.9125,69.6896,68.407,69.1822,3409382,235868394.44
2026-01-13,STK0013,69.4075,70.3504,68.9863,69.9261,3229173,225803433.61
2026-01-14,STK0013,69.8501,71.0975,66.7134,67.9263,4306171,292502378.52
2026-01-15,STK0013,68.2192,69.814,67.3781,68.9637,6123941,422329862.16
2026-01-16,STK0013,68.306,69.0531,67.1442,67.8867,3819068,259264083.53
2026-01-19,STK0013,68.5433,69.8392,68.0845,69.3748,5843954,405422930.04
2026-01-20,STK0013,68.9132,70.4635,66.9142,68.4542,2102755,143942364.25
2026-01-21,STK0013,68.781,70.5231,67.9423,69.6736,4273178,297727492.64
2026-01-22,STK0013,69.5599,71.3326,68.4485,70.2109,7130339,500627223.9
2026-01-23,STK0013,70.1621,70.484,67.8679,68.1808,4407096,300479151.45
2026-01-26,STK0013,68.0822,68.3874,67.6403,67.9449,3433750,233305821.03
2026-01-27,STK0013,68.0492,70.7962,67.8077,70.5458,3675945,259322590.32
2026-01-28,STK0013,70.7398,72.1787,70.0006,71.4323,1613002,115220513.98
2026-01-29,STK0013,71.8874,74.9633,70.9617,74.0103,3137123,232179487.62
2026-01-30,STK0013,74.6382,77.6672,74.069,77.0795,6442772,496605357.55
2026-02-02,STK0013,77.2331,78.586,76.4574,77.8046,3673057,285780758.82
2026-02-03,STK0013,78.6087,78.7773,77.1375,77.3032,3836514,296574921.2
2026-02-04,STK0013,77.3464,78.1256,75.6808,76.4511,2000134,152912365.01
2026-02-05,STK0013,76.9469,78.064,76.5821,77.6957,2542329,197527987.68
2026-02-06,STK0013,77.8958,78.2816,74.843,75.2155,6716096,505154480.83
2026-02-09,STK0013,74.9681,75.39,74.8103,75.2317,5494716,413377026.57
2026-02-10,STK0013,75.3136,76.6705,73.1805,74.5232,2813450,209667242.13
2026-02-11,STK0013,74.7485,76.4991,72.1538,73.8842,3586023,264950272.82
2026-02-12,STK0013,73.8699,77.6464,72.6661,76.4014,4472651,341717001.92
2026-02-13,STK0013,76.5909,76.9136,75.1824,75.5004,2976758,224746472.76
2026-02-16,STK0013,75.8934,77.7727,71.6806,73.5007,2280632,167627955.92
2026-02-17,STK0013,73.4904,75.6027,71.6944,73.7991,4325621,319227112.24
2026-02-18,STK0013,72.507,73.4329,69.8564,70.7599,5468651,386961376.71
2026-02-19,STK0013,71.4761,71.7963,67.7059,68.0106,5545157,377129673.32
2026-02-20,STK0013,67.8893,70.3654,66.6281,69.0821,6134960,423815675.99
2026-02-23,STK0013,68.7417,72.1671,67.084,70.4679,2641586,186146963.11
2026-02-24,STK0013,69.9942,72.5629,68.6006,71.1463,4555901,324135614.34
2026-02-25,STK0013,71.0028,72.4115,69.8415,71.2462,4174780,297437080.79
2026-02-26,STK0013,71.006,72.1456,68.0328,69.1425,4495828,310852788.77
2026-02-27,STK0013,68.8374,70.5234,65.2552,66.8936,4285485,286671391.62
2026-03-02,STK0013,66.6204,66.8656,65.689,65.9317,3611664,238123180.66
2026-03-03,STK0013,66.1416,66.5014,63.6253,63.9733,1608426,102896349.63
2026-03-04,STK0013,64.7574,67.047,63.3905,65.661,6831856,448586675.91
2026-03-05,STK0013,65.9851,66.3373,64.2411,64.5859,5282361,341165876.97
2026-03-06,STK0013,65.0224,66.0259,64.3191,65.3194,2773686,181175490.45
2026-03-09,STK0013,65.1716,65.7239,64.3664,64.9166,5646762,366568357.23
2026-03-10,STK0013,64.9573,66.4536,64.4637,65.9524,4080267,269103439.87
2026-03-11,STK0013,66.1214,66.9578,65.95,66.7847,4219809,281818812.21
2026-03-12,STK0013,66.521,67.5204,65.2632,66.2586,3693085,244698756.32
2026-03-13,STK0013,66.0896,67.1851,65.3475,66.4391,5833490,387571908.36
2026-03-16,STK0013,66.7806,67.7614,65.3119,66.2854,3698113,245130793.48
2026-03-17,STK0013,66.7204,67.3211,63.1397,63.7134,3366252,214475214.21
2026-03-18,STK0013,63.7391,65.6796,62.2315,64.162,7465663,479011632.88
2026-03-19,STK0013,63.7035,64.6973,62.5688,63.5605,4684612,297756052.1
2026-03-20,STK0013,63.4478,64.9774,61.8749,63.4034,4742400,300684149.31
2026-03-23,STK0013,62.8574,63.4891,61.4201,62.0437,6483444,402256557.57
2026-03-24,STK0013,62.0717,62.7634,61.9442,62.6349,3985470,249629379.66
2026-03-25,STK0013,62.7309,63.9836,60.2719,61.5,4310462,265093206.65
2026-03-26,STK0013,61.4001,63.5548,60.1089,62.2458,5632828,350619640.05
2026-03-27,STK0013,62.3361,62.5449,60.6445,60.8483,2960083,180116094.66
2026-03-30,STK0013,61.0007,62.0001,59.6003,60.593,5492329,332796730.7
2026-03-31,STK0013,60.6865,62.3519,59.6424,61.2974,3856054,236365931.2
2026-04-01,STK0013,60.857,61.1827,60.0303,60.3533,6750715,407427917.7
2026-04-02,STK0013,60.2617,61.148,59.1014,59.9837,6072311,364239589.59
2026-04-03,STK0013,60.1314,61.6785,59.6748,61.2136,5788992,354365298.47
2026-04-06,STK0013,61.7962,63.3421,61.6493,63.1918,2921279,184600980.8
2026-04-07,STK0013,63.0888,65.527,61.7047,64.1203,5019941,321879908.91
2026-04-08,STK0013,64.3325,65.1887,63.4677,64.3238,3462230,222703859.2
2026-04-09,STK0013,64.6636,65.9556,61.9344,63.197,5101868,322422668.06
2026-04-10,STK0013,63.1225,65.1633,61.9467,63.9717,2270047,145218728.32
2026-04-13,STK0013,64.414,66.015,62.6886,64.2865,3066278,197120222.68
2026-04-14,STK0013,64.7519,65.5336,63.5789,64.3558,7852009,505322461.59
2026-04-15,STK0013,64.891,65.6589,62.7462,63.4976,5903138,374835282.12
2026-04-16,STK0013,63.6725,64.4362,63.1326,63.8943,4608462,294454595.7
2026-04-17,STK0013,64.8056,65.867,62.8374,63.8837,3777263,241305505.4
2026-04-20,STK0013,63.6483,65.5348,62.8094,64.6822,3499212,226336870.09
2026-04-21,STK0013,65.5119,66.7736,64.2828,65.5439,5421150,355323043.87
2026-04-22,STK0013,65.8467,68.1105,65.1751,67.4228,4445020,299695751.85
2026-04-23,STK0013,67.9672,68.3077,66.2223,66.5557,8522758,567238388.57
2026-04-24,STK0013,66.4281,67.8786,62.8715,64.275,4742962,304854069.89
2025-07-21,STK0014,17.3327,17.6799,17.0738,17.4197,467125,8137164.09
2025-07-22,STK0014,17.5181,17.6867,17.036,17.2015,563988,9701451.23
2025-07-23,STK0014,17.1163,17.987,16.7069,17.5668,472083,8293008.32
2025-07-24,STK0014,17.5508,17.8909,16.9376,17.2722,564265,9746109.12
2025-07-25,STK0014,17.3259,17.6664,17.0892,17.4283,549337,9574010.47
2025-07-28,STK0014,17.3903,17.5969,17.0806,17.286,472099,8160711.9
2025-07-29,STK0014,17.2514,17.717,16.8217,17.2865,664514,11487124.67
2025-07-30,STK0014,17.2903,17.5903,16.7445,17.0401,682609,11631750.78
2025-07-31,STK0014,16.9315,17.1655,16.4371,16.6675,417174,6953239.48
2025-08-01,STK0014,16.4457,16.6291,15.911,16.0905,334073,5375393.21
2025-08-04,STK0014,16.1136,16.2661,15.8089,15.9599,678542,10829495.73
2025-08-05,STK0014,15.7706,16.5051,15.4832,16.2097,728867,11814729.5
2025-08-06,STK0014,16.1134,16.3635,15.6923,15.9397,769501,12265635.03
2025-08-07,STK0014,15.7712,16.1104,15.2767,15.6125,727968,11365433.39
2025-08-08,STK0014,15.4589,15.6866,15.1786,15.4055,1048816,16157538.15
2025-08-11,STK0014,15.445,15.6827,14.9845,15.2187,860527,13096126.74
2025-08-12,STK0014,15.1984,15.3957,14.9639,15.1607,1557205,23608265.83
2025-08-13,STK0014,15.1372,15.433,14.7428,15.0367,1801268,27085061.52
2025-08-14,STK0014,14.9184,15.5823,14.7462,15.4045,329361,5073629.89
2025-08-15,STK0014,15.344,16.0915,15.0126,15.7514,281679,4436826.09
2025-08-18,STK0014,15.787,16.4684,15.6366,16.313,615991,10048685.13
2025-08-19,STK0014,16.3079,16.6003,15.4942,15.7771,761834,12019525.51
2025-08-20,STK0014,15.8552,16.2125,15.3035,15.6564,623521,9762101.53
2025-08-21,STK0014,15.7473,16.1526,15.4373,15.8407,819010,12973692.24
2025-08-22,STK0014,15.8167,15.973,15.5165,15.6713,584698,9162967.48
2025-08-25,STK0014,15.4981,16.1723,15.2153,15.8825,499161,7927938.41
2025-08-26,STK0014,15.8106,16.1046,15.7037,15.9964,532336,8515474.43
2025-08-27,STK0014,15.9871,16.5519,15.9337,16.4968,604164,9966778.8
2025-08-28,STK0014,16.4201,17.1948,16.0884,16.8543,865084,14580404.04
2025-08-29,STK0014,16.748,17.5818,16.4033,17.2272,550468,9483022.24
2025-09-01,STK0014,17.2344,17.3756,17.1909,17.3318,590090,10227310.61
2025-09-02,STK0014,17.5864,18.0049,16.8484,17.2592,785593,13558691.62
2025-09-03,STK0014,17.2087,17.4196,16.9017,17.1114,603386,10324785.86
2025-09-04,STK0014,17.1111,17.5016,16.1928,16.571,959623,15901889.54
2025-09-05,STK0014,16.441,17.4269,16.1101,17.083,477360,8154748.58
2025-09-08,STK0014,17.2109,17.834,16.82,17.4379,448022,7812554.31
2025-09-09,STK0014,17.5296,17.9007,16.9526,17.3192,740668,12827795.74
2025-09-10,STK0014,17.4032,18.0701,16.9785,17.6396,761547,13433410.53
2025-09-11,STK0014,17.7841,18.077,17.0669,17.3527,488403,8475110.3
2025-09-12,STK0014,17.3083,17.4333,16.736,16.8579,1063782,17933104.79
2025-09-15,STK0014,16.8273,17.4369,16.6429,17.2478,1313318,22651865.88
2025-09-16,STK0014,17.4257,17.7619,16.5879,16.9143,539885,9131753.65
2025-09-17,STK0014,16.9786,17.0738,16.6923,16.7864,1130368,18974862.95
2025-09-18,STK0014,16.5644,17.2695,16.177,16.8749,296174,4997899.15
2025-09-19,STK0014,16.921,17.1207,16.8073,17.0064,983601,16727465.07
2025-09-22,STK0014,16.9471,17.6763,16.5718,17.2933,518819,8972080.35
2025-09-23,STK0014,17.3867,17.8027,17.1585,17.572,997093,17520944.87
2025-09-24,STK0014,17.6151,18.1525,17.2393,17.7733,497631,8844538.35
2025-09-25,STK0014,17.5886,18.0213,17.1658,17.5982,682057,12002970.14
2025-09-26,STK0014,17.6266,17.908,17.4202,17.7008,532261,9421434.79
2025-09-29,STK0014,17.7232,18.0426,16.9492,17.2603,652346,11259677.58
2025-09-30,STK0014,17.298,17.9529,17.1732,17.8243,1304377,23249600.73
2025-10-01,STK0014,17.886,18.2511,16.8725,17.2241,651738,11225632.13
2025-10-02,STK0014,17.3794,17.742,16.7282,17.0846,1428183,24399868.19
2025-10-03,STK0014,17.127,17.2776,16.4901,16.6364,580679,9660400.77
2025-10-06,STK0014,16.6387,16.6812,16.3135,16.3553,1096206,17928823.34
2025-10-07,STK0014,16.4684,16.6646,16.1381,16.3328,371130,6061574.91
2025-10-08,STK0014,16.554,16.6519,16.2348,16.3313,591067,9652888.16
2025-10-09,STK0014,16.4212,16.9282,16.0792,16.5828,535999,8888379.06
2025-10-10,STK0014,16.6034,16.8874,16.4704,16.7532,1099429,18418999.33
2025-10-13,STK0014,16.7968,17.1949,16.0524,16.4421,669897,11014525.44
2025-10-14,STK0014,16.4674,16.8684,15.9713,16.3699,304516,4984900.02
2025-10-15,STK0014,16.3717,17.1355,15.9968,16.7519,395010,6617156.74
2025-10-16,STK0014,16.9709,17.3621,16.7029,17.0922,434844,7432454.26
2025-10-17,STK0014,17.0156,17.1543,16.6844,16.8216,863971,14533335.24
2025-10-20,STK0014,16.9385,17.2869,16.3573,16.7008,822645,13738834.32
2025-10-21,STK0014,16.6882,17.114,16.3855,16.8091,552836,9292672.14
2025-10-22,STK0014,16.6604,17.282,16.2527,16.8692,491952,8298824.7
2025-10-23,STK0014,16.8501,17.03,16.466,16.6437,770167,12818435.51
2025-10-24,STK0014,16.5892,16.9076,16.5336,16.8511,404125,6809953.5
2025-10-27,STK0014,16.9096,17.3317,16.0423,16.453,698881,11498711.37
2025-10-28,STK0014,16.462,17.0825,16.1117,16.7265,667885,11171407.85
2025-10-29,STK0014,16.6243,16.9108,16.5064,16.7916,532626,8943657.37
2025-10-30,STK0014,16.9405,17.2571,16.1972,16.5057,678796,11203984.14
2025-10-31,STK0014,16.614,16.6475,16.3323,16.3653,612980,10031610.8
2025-11-03,STK0014,16.5218,16.7668,16.0353,16.2767,721453,11742857.8
2025-11-04,STK0014,16.2998,16.4685,16.1132,16.2816,384063,6253172.31
2025-11-05,STK0014,16.2781,16.4535,16.0646,16.2396,758399,12316063.93
2025-11-06,STK0014,16.3083,16.4326,15.8501,15.9719,885824,14148299.99
2025-11-07,STK0014,15.9167,16.0491,15.4181,15.5475,692474,10766214.43
2025-11-10,STK0014,15.5596,15.9444,15.3658,15.7482,764362,12037326.12
2025-11-11,STK0014,15.7316,15.8873,15.6104,15.7657,607644,9579961.71
2025-11-12,STK0014,15.6281,15.9621,15.4292,15.7614,851123,13414928.15
2025-11-13,STK0014,15.7735,16.0437,15.5325,15.8022,637641,10076145.57
2025-11-14,STK0014,15.7605,16.0498,15.2276,15.5124,424540,6585621.89
2025-11-17,STK0014,15.4898,15.8871,15.2176,15.6127,849371,13260970.72
2025-11-18,STK0014,15.6468,16.4196,15.5284,16.2963,357785,5830587.91
2025-11-19,STK0014,16.4212,16.6957,16.3736,16.6474,682160,11356204.38
2025-11-20,STK0014,16.5629,16.964,16.2125,16.6126,522047,8672543.45
2025-11-21,STK0014,16.5791,16.9448,16.1402,16.5043,526649,8691975.94
2025-11-24,STK0014,16.4287,16.8315,15.3569,15.7428,657341,10348376.74
2025-11-25,STK0014,15.6646,16.4263,15.2875,16.0402,478662,7677832.22
2025-11-26,STK0014,15.9831,16.4965,15.7181,16.2275,737864,11973695.39
2025-11-27,STK0014,16.2084,16.5742,15.7004,16.063,620268,9963335.06
2025-11-28,STK0014,16.1195,16.3179,15.3011,15.4917,487481,7551904.25
2025-12-01,STK0014,15.5215,15.8336,14.7354,15.0378,952942,14330161.25
2025-12-02,STK0014,14.9428,15.3958,14.5845,15.0353,627451,9433930.57
2025-12-03,STK0014,15.1525,15.4603,14.6163,14.9194,705705,10528691.78
2025-12-04,STK0014,15.0042,15.3206,14.8307,15.1455,907105,13738524.77
2025-12-05,STK0014,15.0638,15.2462,14.9028,15.085,915833,13815295.55
2025-12-08,STK0014,15.1962,15.4483,15.0639,15.315,677150,10370547.77
2025-12-09,STK0014,15.3451,15.7066,15.1848,15.5443,501228,7791213.89
2025-12-10,STK0014,15.5297,16.0729,15.2055,15.7443,342730,5396047.01
2025-12-11,STK0014,15.7782,16.0643,14.9582,15.2345,607852,9260331.49
2025-12-12,STK0014,15.2322,15.3502,14.6998,14.8146,825687,12232188.88
2025-12-15,STK0014,14.8631,15.1361,14.4303,14.7002,638497,9386056.98
2025-12-16,STK0014,14.7168,15.0613,14.5589,14.9014,167880,2501655.0
2025-12-17,STK0014,14.8713,15.6115,14.6508,15.3833,773896,11905107.05
2025-12-18,STK0014,15.1975,15.5823,15.0376,15.4201,813291,12541003.39
2025-12-19,STK0014,15.4689,15.6854,14.8779,15.0891,539900,8146589.37
2025-12-22,STK0014,15.0553,15.3381,14.3338,14.6083,820952,11992689.31
2025-12-23,STK0014,14.6766,15.1402,14.4005,14.8606,718934,10683760.2
2025-12-24,STK0014,14.9036,15.1916,14.3777,14.661,454009,6656230.75
2025-12-25,STK0014,14.6305,15.4938,14.4696,15.3253,906822,13897347.16
2025-12-26,STK0014,15.4197,15.6954,14.8604,15.131,363385,5498360.44
2025-12-29,STK0014,15.1496,15.7823,15.0361,15.6649,540715,8470271.38
2025-12-30,STK0014,15.6803,16.1084,15.4768,15.902,532498,8467767.71
2025-12-31,STK0014,15.8888,16.1337,15.3733,15.614,417899,6525055.3
2026-01-01,STK0014,15.7725,16.1202,15.4919,15.8384,606777,9610390.22
2026-01-02,STK0014,15.7708,16.4059,15.4084,16.0374,848871,13613681.64
2026-01-05,STK0014,16.0064,16.1506,15.7293,15.8723,835345,13258808.13
2026-01-06,STK0014,15.7549,16.479,15.417,16.133,686825,11080580.15
2026-01-07,STK0014,16.2035,16.5459,16.0552,16.3958,295553,4845825.95
2026-01-08,STK0014,16.3386,16.9612,16.0985,16.7156,330351,5521998.94
2026-01-09,STK0014,16.6685,17.1531,16.3177,16.7995,544429,9146155.29
2026-01-12,STK0014,16.7475,17.0596,16.179,16.4862,518511,8548285.88
2026-01-13,STK0014,16.4924,16.9791,16.1321,16.6161,443451,7368435.12
2026-01-14,STK0014,16.4919,16.8904,16.1498,16.5472,1023285,16932458.79
2026-01-15,STK0014,16.3259,16.4624,15.8023,15.9354,540849,8618663.92
2026-01-16,STK0014,15.9793,16.3761,15.4986,15.8933,644134,10237442.96
2026-01-19,STK0014,15.6931,16.2014,15.3235,15.8286,759529,12022278.99
2026-01-20,STK0014,15.9099,16.0992,15.1502,15.3325,557450,8547126.16
2026-01-21,STK0014,15.4766,15.5244,15.2557,15.3029,1342455,20543475.11
2026-01-22,STK0014,15.2878,15.4251,15.0611,15.1976,390338,5932196.59
2026-01-23,STK0014,15.3165,15.9235,14.9914,15.5925,441444,6883211.3
2026-01-26,STK0014,15.5902,15.9624,15.1856,15.5569,389138,6053783.82
2026-01-27,STK0014,15.7069,16.2179,15.375,15.8823,933950,14833273.51
2026-01-28,STK0014,15.8389,16.1106,15.6627,15.9333,709434,11303630.69
2026-01-29,STK0014,15.7088,15.7607,15.5481,15.5996,445532,6950101.72
2026-01-30,STK0014,15.5921,16.3045,15.3753,16.0809,390546,6280330.83
2026-02-02,STK0014,16.2465,16.4197,15.7644,15.9342,865402,13789470.91
2026-02-03,STK0014,15.9854,16.0626,15.6661,15.7421,607732,9567004.76
2026-02-04,STK0014,15.6935,15.7631,15.1762,15.2438,874576,13331827.14
2026-02-05,STK0014,15.2739,15.3751,15.1896,15.2907,526254,8046800.11
2026-02-06,STK0014,15.3801,15.6137,15.2765,15.5093,639316,9915319.74
2026-02-09,STK0014,15.5013,16.0367,15.2015,15.7325,587802,9247584.81
2026-02-10,STK0014,15.9824,16.3018,15.8101,16.1279,428815,6915890.22
2026-02-11,STK0014,16.0779,16.8247,15.8842,16.6244,511742,8507389.17
2026-02-12,STK0014,16.7247,16.9883,15.8775,16.1318,352890,5692759.12
2026-02-13,STK0014,16.2057,16.596,15.4252,15.8059,629360,9947603.44
2026-02-16,STK0014,15.7397,16.045,14.9895,15.286,689150,10534372.26
2026-02-17,STK0014,15.2472,15.6216,14.9902,15.3627,740480,11375770.98
2026-02-18,STK0014,15.4568,15.7522,14.7289,15.0158,676484,10157967.65
2026-02-19,STK0014,15.0289,15.3076,14.5653,14.8405,514652,7637674.05
2026-02-20,STK0014,14.8706,15.1364,14.515,14.7791,926834,13697814.32
2026-02-23,STK0014,14.6348,15.2498,14.4384,15.0479,725529,10917661.14
2026-02-24,STK0014,15.1072,15.3344,14.4437,14.6642,872768,12798427.39
2026-02-25,STK0014,14.6895,14.8748,14.2433,14.4252,883998,12751870.03
2026-02-26,STK0014,14.4197,14.5795,14.2226,14.382,504089,7249815.6
2026-02-27,STK0014,14.4132,14.7088,14.2946,14.5888,610367,8904500.08
2026-03-02,STK0014,14.553,14.701,14.3484,14.4959,702897,10189093.16
2026-03-03,STK0014,14.4445,14.6157,14.0588,14.2275,345282,4912510.77
2026-03-04,STK0014,14.2069,14.4246,13.6597,13.8723,347148,4815745.66
2026-03-05,STK0014,13.8337,14.2309,13.647,14.0414,327444,4597766.25
2026-03-06,STK0014,14.2263,14.2901,13.8682,13.9307,494302,6885948.72
2026-03-09,STK0014,14.0071,14.1446,13.4372,13.5704,457935,6214381.55
2026-03-10,STK0014,13.4918,13.6355,13.0949,13.2358,303007,4010555.19
2026-03-11,STK0014,13.3986,13.6432,12.6936,12.9296,505755,6539234.04
2026-03-12,STK0014,12.8961,13.0206,12.574,12.6966,457455,5808140.86
2026-03-13,STK0014,12.6989,12.7266,12.6125,12.6401,718498,9081917.41
2026-03-16,STK0014,12.7084,12.7585,12.2703,12.3188,915571,11278732.4
2026-03-17,STK0014,12.174,12.5622,12.0105,12.3957,524324,6499354.4
2026-03-18,STK0014,12.3781,12.4565,12.229,12.307,340253,4187483.0
2026-03-19,STK0014,12.2647,12.8828,12.1006,12.7127,542520,6896907.0
2026-03-20,STK0014,12.7284,12.9219,12.0458,12.2318,446972,5467268.81
2026-03-23,STK0014,12.259,12.57,11.9713,12.2818,408274,5014331.76
2026-03-24,STK0014,12.2761,12.6561,12.0664,12.4436,327933,4080651.46
2026-03-25,STK0014,12.4343,12.4681,12.195,12.2282,381641,4666786.9
2026-03-26,STK0014,12.3066,12.439,12.1096,12.2413,422019,5166051.98
2026-03-27,STK0014,12.2634,12.6872,12.0151,12.4354,593173,7376328.5
2026-03-30,STK0014,12.4385,12.6606,12.339,12.5602,542838,6818136.57
2026-03-31,STK0014,12.5713,13.1961,12.2787,12.896,866084,11168993.04
2026-04-01,STK0014,13.0388,13.2235,12.1944,12.3696,581365,7191274.73
2026-04-02,STK0014,12.3825,12.4336,12.2185,12.2691,531541,6521545.19
2026-04-03,STK0014,12.2313,12.7297,12.1389,12.6342,409487,5173546.32
2026-04-06,STK0014,12.4903,13.2646,12.205,12.9683,321415,4168206.53
2026-04-07,STK0014,12.8572,13.4365,12.5383,13.1113,376657,4938467.98
2026-04-08,STK0014,13.0746,13.5955,12.789,13.3048,366619,4877779.97
2026-04-09,STK0014,13.2961,13.4208,12.626,12.7455,188150,2398060.53
2026-04-10,STK0014,12.7031,13.3217,12.453,13.0645,330975,4324025.24
2026-04-13,STK0014,13.0921,13.5583,12.999,13.4626,831241,11190649.83
2026-04-14,STK0014,13.4167,13.5622,13.1461,13.2903,531992,7070307.71
2026-04-15,STK0014,13.2175,14.1531,12.9792,13.9024,413009,5741800.76
2026-04-16,STK0014,13.9536,14.4227,13.6147,14.0808,536446,7553588.29
2026-04-17,STK0014,14.197,14.3688,13.2812,13.4439,235640,3167917.09
2026-04-20,STK0014,13.3549,13.6428,13.1759,13.4623,511545,6886584.96
2026-04-21,STK0014,13.482,13.5773,13.2495,13.3438,723304,9651591.44
2026-04-22,STK0014,13.1921,13.7475,13.0434,13.5943,449636,6112475.74
2026-04-23,STK0014,13.4745,13.7772,13.4281,13.7299,254273,3491136.11
2026-04-24,STK0014,13.6815,13.979,13.2752,13.5703,402158,5457413.04
2025-07-21,STK0015,14.7427,15.0361,14.4931,14.7858,852783,12609061.07
2025-07-22,STK0015,14.7778,15.2056,14.6876,15.1134,561593,8487598.21
2025-07-23,STK0015,15.2178,15.738,14.9086,15.4245,395912,6106742.77
2025-07-24,STK0015,15.3467,15.5464,15.1601,15.3597,512591,7873258.38
2025-07-25,STK0015,15.2321,15.2672,14.9301,14.9646,561033,8395613.59
2025-07-28,STK0015,14.9521,15.1494,14.5815,14.7765,555340,8205953.76
2025-07-29,STK0015,14.7465,15.0515,14.4047,14.709,1012322,14890250.61
2025-07-30,STK0015,14.6566,15.1985,14.4823,15.02,999328,15009868.41
2025-07-31,STK0015,14.9132,15.5919,14.6233,15.2945,1575178,24091575.73
2025-08-01,STK0015,15.3422,15.6219,14.9439,15.2214,571506,8699102.11
2025-08-04,STK0015,15.2758,15.7047,15.0847,15.5107,1292434,20046542.72
2025-08-05,STK0015,15.4118,15.9851,15.2664,15.8356,1287442,20387469.83
2025-08-06,STK0015,15.7478,16.1645,15.4531,15.8676,690801,10961367.61
2025-08-07,STK0015,15.8806,16.2861,15.7141,16.1171,883346,14236948.25
2025-08-08,STK0015,16.024,16.4484,15.9293,16.3518,1165783,19062610.7
2025-08-11,STK0015,16.3693,16.5598,16.2158,16.406,748427,12278658.09
2025-08-12,STK0015,16.5511,16.918,15.8677,16.2274,722289,11720863.27
2025-08-13,STK0015,16.2216,16.3597,15.7965,15.9322,612093,9751968.74
2025-08-14,STK0015,15.8166,16.073,15.6995,15.9549,333734,5324692.47
2025-08-15,STK0015,15.9925,16.0735,15.6759,15.7558,767218,12088126.67
2025-08-18,STK0015,15.739,15.7905,15.2815,15.3316,575251,8819512.93
2025-08-19,STK0015,15.3178,15.8319,14.9431,15.4538,501249,7746201.29
2025-08-20,STK0015,15.4979,15.9164,15.2756,15.6913,858486,13470734.07
2025-08-21,STK0015,15.7565,16.0524,15.0213,15.3088,452082,6920848.53
2025-08-22,STK0015,15.3121,15.6149,14.9043,15.205,1007473,15318608.71
2025-08-25,STK0015,15.1994,15.353,14.9724,15.1253,905904,13702025.34
2025-08-26,STK0015,15.3137,15.6257,14.9284,15.2389,669010,10194993.39
2025-08-27,STK0015,15.3491,15.7192,14.6292,14.9907,755871,11331035.54
2025-08-28,STK0015,15.0659,15.353,14.3995,14.6793,512636,7525140.33
2025-08-29,STK0015,14.6909,15.1425,14.421,14.8693,1018303,15141474.89
2025-09-01,STK0015,14.7799,14.9564,14.5136,14.689,818755,12026668.89
2025-09-02,STK0015,14.7887,15.1044,14.2821,14.5937,830478,12119760.06
2025-09-03,STK0015,14.6064,14.6654,14.4056,14.4641,889431,12864789.26
2025-09-04,STK0015,14.4141,14.6914,14.0816,14.3578,605880,8699130.5
2025-09-05,STK0015,14.3369,14.6423,14.1889,14.4926,456993,6623027.71
2025-09-08,STK0015,14.4089,15.2668,14.1925,15.041,1052438,15829681.1
2025-09-09,STK0015,15.1367,15.4778,14.2807,14.61,980759,14328844.15
2025-09-10,STK0015,14.67,14.9983,14.4365,14.7633,639829,9446004.16
2025-09-11,STK0015,14.7794,14.8177,14.0007,14.0371,904114,12691101.71
2025-09-12,STK0015,14.0335,14.7357,13.7722,14.4663,1226175,17738236.82
2025-09-15,STK0015,14.4074,14.744,13.6958,14.0235,1201727,16852364.48
2025-09-16,STK0015,13.8454,14.9618,13.6132,14.7151,664158,9773152.24
2025-09-17,STK0015,14.5909,14.9091,14.2347,14.5521,470877,6852267.5
2025-09-18,STK0015,14.4874,15.2389,14.1835,14.9258,499223,7451287.81
2025-09-19,STK0015,14.846,15.5724,14.5222,15.24,715305,10901265.44
2025-09-22,STK0015,15.2665,15.4179,15.0013,15.1515,1326615,20100196.16
2025-09-23,STK0015,15.2254,15.4219,14.9574,15.1529,622339,9430270.46
2025-09-24,STK0015,15.1413,15.4669,14.6355,14.9572,651150,9739363.66
2025-09-25,STK0015,15.0842,15.6001,14.7381,15.2503,640727,9771248.06
2025-09-26,STK0015,15.1788,15.2604,15.0678,15.1493,649450,9838700.04
2025-09-29,STK0015,15.137,15.2304,14.8729,14.9653,774661,11593008.27
2025-09-30,STK0015,14.9607,15.3364,14.8114,15.1849,498401,7568187.53
2025-10-01,STK0015,15.2848,15.5861,14.5067,14.7985,1107166,16384415.64
2025-10-02,STK0015,14.8079,15.1355,14.361,14.6859,711691,10451853.5
2025-10-03,STK0015,14.6977,14.9233,14.4485,14.6737,1730350,25390610.54
2025-10-06,STK0015,14.5287,14.5956,14.3815,14.448,477410,6897625.37
2025-10-07,STK0015,14.3702,14.4993,14.1721,14.3006,1278622,18285110.59
2025-10-08,STK0015,14.395,15.1852,14.0824,14.8625,1171763,17415358.83
2025-10-09,STK0015,14.6786,14.8737,14.5319,14.7266,630020,9278028.42
2025-10-10,STK0015,14.8457,14.9105,14.6736,14.7379,661362,9747110.79
2025-10-13,STK0015,14.7822,14.9145,14.398,14.528,562236,8168138.66
2025-10-14,STK0015,14.4629,14.9212,14.1657,14.6206,565631,8269888.96
2025-10-15,STK0015,14.5478,14.742,14.1828,14.3747,787642,11322080.2
2025-10-16,STK0015,14.5391,14.6388,14.4527,14.5522,777399,11312883.93
2025-10-17,STK0015,14.676,14.8345,14.5411,14.6994,430215,6323895.99
2025-10-20,STK0015,14.6889,15.0404,13.977,14.3197,1682888,24098500.92
2025-10-21,STK0015,14.3313,14.9376,14.1603,14.7614,692763,10226177.61
2025-10-22,STK0015,14.7043,15.2975,14.5256,15.1138,789105,11926344.84
2025-10-23,STK0015,15.126,15.2095,14.9116,14.9944,614138,9208601.04
2025-10-24,STK0015,14.9338,15.0683,14.5502,14.6824,698441,10254778.28
2025-10-27,STK0015,14.6755,14.9798,14.3168,14.62,678194,9915171.76
2025-10-28,STK0015,14.7796,15.0764,13.8607,14.1448,766392,10840469.37
2025-10-29,STK0015,14.1367,14.5845,13.9668,14.4114,762442,10987837.44
2025-10-30,STK0015,14.321,14.6708,13.998,14.3472,1002764,14386837.79
2025-10-31,STK0015,14.23,14.9533,14.0771,14.7944,822653,12170626.81
2025-11-03,STK0015,14.8057,15.1296,14.3335,14.6541,974995,14287668.58
2025-11-04,STK0015,14.5873,14.6283,14.5476,14.5886,754382,11005341.52
2025-11-05,STK0015,14.6102,15.0985,14.4643,14.9492,829032,12393382.74
2025-11-06,STK0015,14.8047,15.2585,14.4839,14.9349,713570,10657112.59
2025-11-07,STK0015,14.9969,15.3378,14.643,14.9836,1114306,16696330.53
2025-11-10,STK0015,14.8886,15.6352,14.5998,15.3377,864524,13259785.19
2025-11-11,STK0015,15.3419,15.609,14.8596,15.1229,731743,11066048.16
2025-11-12,STK0015,15.0922,15.4055,14.4473,14.7535,714309,10538553.73
2025-11-13,STK0015,14.9064,15.1788,14.0783,14.3403,735315,10544670.06
2025-11-14,STK0015,14.3551,14.4918,14.2425,14.379,761717,10952728.63
2025-11-17,STK0015,14.5478,14.7329,14.3516,14.5365,753215,10949122.1
2025-11-18,STK0015,14.5855,15.0303,14.3347,14.7762,639210,9445093.01
2025-11-19,STK0015,14.9031,15.1344,14.4839,14.7123,1033636,15207119.27
2025-11-20,STK0015,14.6938,15.0224,14.0718,14.3936,1073548,15452186.49
2025-11-21,STK0015,14.4234,14.6095,13.6681,13.8467,1493965,20686499.29
2025-11-24,STK0015,13.9483,14.7447,13.8633,14.6554,643669,9433229.31
2025-11-25,STK0015,14.7352,14.8951,14.633,14.7925,1030536,15244167.77
2025-11-26,STK0015,14.8397,15.1581,14.4754,14.7929,417342,6173682.34
2025-11-27,STK0015,14.7638,14.8993,14.7313,14.8666,1066300,15852221.99
2025-11-28,STK0015,14.8524,15.179,14.0116,14.3267,486430,6968915.28
2025-12-01,STK0015,14.4248,14.4721,13.9429,13.9888,575096,8044897.31
2025-12-02,STK0015,14.1022,14.4673,13.947,14.3098,932549,13344580.23
2025-12-03,STK0015,14.259,14.6812,13.968,14.3876,670325,9644360.0
2025-12-04,STK0015,14.3235,14.4865,14.076,14.238,638782,9094951.9
2025-12-05,STK0015,14.1609,14.4571,13.557,13.8466,719239,9959007.91
2025-12-08,STK0015,13.9157,13.9756,13.6306,13.6896,1075103,14717710.16
2025-12-09,STK0015,13.6134,13.9318,13.4261,13.7427,595565,8184648.36
2025-12-10,STK0015,13.8102,14.4501,13.5976,14.231,799317,11375055.36
2025-12-11,STK0015,14.2776,14.5987,13.9423,14.263,690389,9847046.95
2025-12-12,STK0015,14.2165,14.2755,13.8199,13.8776,1064058,14766543.36
2025-12-15,STK0015,14.0084,14.1455,13.7146,13.8502,1065601,14758783.37
2025-12-16,STK0015,13.7292,14.069,13.4936,13.8316,422316,5841317.43
2025-12-17,STK0015,13.97,14.3128,13.1604,13.4915,1164127,15705801.22
2025-12-18,STK0015,13.5173,13.9703,13.2266,13.6761,658050,8999584.5
2025-12-19,STK0015,13.5071,14.1137,13.2171,13.8171,879116,12146823.06
2025-12-22,STK0015,13.9497,14.1435,13.7075,13.9006,576014,8006953.25
2025-12-23,STK0015,13.9819,14.1914,13.5266,13.7323,912323,12528279.41
2025-12-24,STK0015,13.697,13.9949,13.2582,13.553,1983974,26888745.96
2025-12-25,STK0015,13.4748,13.7712,12.7426,13.0292,848642,11057163.67
2025-12-26,STK0015,12.9072,13.2771,12.6432,13.011,683792,8896846.81
2025-12-29,STK0015,13.201,13.4759,12.7709,13.0426,727314,9486040.09
2025-12-30,STK0015,12.9705,13.2589,12.5752,12.8611,473199,6085857.03
2025-12-31,STK0015,12.764,13.3884,12.705,13.3269,1303103,17366292.07
2026-01-01,STK0015,13.3483,13.7961,13.2318,13.6767,874629,11962069.02
2026-01-02,STK0015,13.543,13.8741,12.9037,13.2271,541094,7157123.34
2026-01-05,STK0015,13.1495,13.3405,12.5425,12.7274,543663,6919427.81
2026-01-06,STK0015,12.8036,12.8812,12.4501,12.526,783521,9814348.25
2026-01-07,STK0015,12.5609,13.0873,12.3904,12.912,1088946,14060510.45
2026-01-08,STK0015,12.8821,13.4755,12.665,13.2522,540989,7169278.24
2026-01-09,STK0015,13.2536,14.0207,12.9746,13.7317,1208710,16597643.96
2026-01-12,STK0015,13.6953,14.0603,13.4121,13.7754,811958,11185028.48
2026-01-13,STK0015,13.7703,13.9145,13.7271,13.871,598039,8295405.29
2026-01-14,STK0015,13.8078,13.9794,13.2909,13.4582,686452,9238378.27
2026-01-15,STK0015,13.4114,13.5232,13.3782,13.4899,1490706,20109416.99
2026-01-16,STK0015,13.4405,13.742,13.0631,13.3627,503713,6730989.16
2026-01-19,STK0015,13.3047,13.3845,13.1975,13.2771,640492,8503905.16
2026-01-20,STK0015,13.3606,13.7679,13.1418,13.5461,1176117,15931837.6
2026-01-21,STK0015,13.6089,13.8147,13.3767,13.5821,875050,11885040.86
2026-01-22,STK0015,13.5064,14.1248,13.285,13.897,626646,8708524.12
2026-01-23,STK0015,13.7978,14.0042,13.1747,13.3747,1164475,15574549.45
2026-01-26,STK0015,13.3621,14.2035,13.1155,13.9461,1156891,16134087.27
2026-01-27,STK0015,14.1276,14.3593,13.6622,13.89,921523,12799958.69
2026-01-28,STK0015,13.8046,14.2151,13.7483,14.1574,663975,9400171.52
2026-01-29,STK0015,14.1437,14.7407,13.9961,14.5885,704786,10281750.88
2026-01-30,STK0015,14.5962,14.9772,14.3835,14.762,927901,13697717.47
2026-02-02,STK0015,14.7524,15.1747,14.6126,15.0322,534091,8028559.96
2026-02-03,STK0015,14.9909,15.4684,14.6988,15.1727,1316030,19967726.07
2026-02-04,STK0015,15.2782,15.4205,14.6287,14.7662,1496041,22090785.72
2026-02-05,STK0015,14.8065,15.1183,14.3078,14.6156,741485,10837217.22
2026-02-06,STK0015,14.6899,14.7689,14.4742,14.5524,921140,13404798.97
2026-02-09,STK0015,14.604,14.8916,14.2023,14.4877,1257620,18219964.75
2026-02-10,STK0015,14.5656,14.892,14.475,14.8,1616098,23918183.23
2026-02-11,STK0015,14.9413,15.1932,14.73,14.9813,1391580,20847667.16
2026-02-12,STK0015,15.1014,15.2429,14.94,15.0814,433797,6542249.55
2026-02-13,STK0015,15.2932,15.548,15.0168,15.2712,708226,10815484.91
2026-02-16,STK0015,15.3832,15.4892,14.6087,14.7101,948266,13949123.43
2026-02-17,STK0015,14.6512,14.9485,14.1578,14.451,664990,9609791.95
2026-02-18,STK0015,14.5247,14.7454,14.1469,14.3652,1489959,21403495.2
2026-02-19,STK0015,14.4265,14.9654,14.08,14.6144,1434824,20969114.21
2026-02-20,STK0015,14.7838,15.0554,14.3996,14.669,619843,9092504.15
2026-02-23,STK0015,14.5842,15.4969,14.3513,15.2533,766190,11686927.59
2026-02-24,STK0015,15.3045,15.8423,14.982,15.5154,636965,9882781.02
2026-02-25,STK0015,15.4521,15.6023,15.3432,15.493,790571,12248343.85
2026-02-26,STK0015,15.5408,15.798,15.1532,15.4083,800662,12336834.26
2026-02-27,STK0015,15.3885,15.5715,15.2195,15.4024,1207085,18592007.28
2026-03-02,STK0015,15.4468,15.7419,14.8939,15.184,626239,9508822.36
2026-03-03,STK0015,15.0561,15.5775,15.0175,15.5377,336995,5236133.67
2026-03-04,STK0015,15.6118,15.7966,15.2827,15.4658,472394,7305942.59
2026-03-05,STK0015,15.4849,15.748,15.2104,15.4733,578058,8944456.56
2026-03-06,STK0015,15.4874,15.978,15.2924,15.7792,667011,10524930.47
2026-03-09,STK0015,15.965,16.0843,15.4836,15.6002,913613,14252511.72
2026-03-10,STK0015,15.5644,15.7618,15.3607,15.558,582125,9056682.61
2026-03-11,STK0015,15.59,15.9258,15.2505,15.5863,555655,8660592.44
2026-03-12,STK0015,15.5957,15.9134,15.4903,15.8066,612264,9677800.83
2026-03-13,STK0015,15.8254,15.9907,15.5049,15.6685,568193,8902754.69
2026-03-16,STK0015,15.8788,16.2723,14.9286,15.3079,699177,10702925.05
2026-03-17,STK0015,15.3138,16.0455,14.9616,15.6848,692542,10862375.85
2026-03-18,STK0015,15.6315,15.7998,15.588,15.756,1088675,17153191.75
2026-03-19,STK0015,15.9339,16.1601,15.6904,15.9164,608250,9681125.35
2026-03-20,STK0015,15.887,16.0568,15.8313,16.0007,765856,12254256.59
2026-03-23,STK0015,15.8474,17.0571,15.4789,16.6695,723772,12064938.19
2026-03-24,STK0015,16.5956,17.4132,16.3939,17.2041,1147990,19750111.06
2026-03-25,STK0015,17.0759,17.2744,16.8112,17.0089,830564,14126961.4
2026-03-26,STK0015,16.8262,17.29,16.6869,17.148,1271150,21797738.29
2026-03-27,STK0015,17.1107,17.3688,16.7626,17.0193,584107,9941083.72
2026-03-30,STK0015,17.0121,17.1344,16.9214,17.0435,862339,14697256.51
2026-03-31,STK0015,17.1646,17.5144,16.3102,16.6495,720923,12002982.93
2026-04-01,STK0015,16.7125,16.9347,16.3053,16.5251,583594,9643932.48
2026-04-02,STK0015,16.5831,17.0784,16.3338,16.8255,861780,14499867.41
2026-04-03,STK0015,16.7356,17.2241,16.3784,16.8643,1650822,27839942.39
2026-04-06,STK0015,16.9541,17.0602,16.6153,16.72,668030,11169431.58
2026-04-07,STK0015,16.8601,16.9618,16.1986,16.2969,854614,13927526.62
2026-04-08,STK0015,16.3355,16.9894,16.1447,16.7932,559994,9404117.48
2026-04-09,STK0015,16.8359,17.174,16.4042,16.7403,523982,8771634.69
2026-04-10,STK0015,16.6138,16.7487,16.5582,16.6929,645829,10780745.5
2026-04-13,STK0015,16.7988,17.3897,16.458,17.0439,734170,12513149.28
2026-04-14,STK0015,17.227,17.9553,16.9942,17.7159,768156,13608547.02
2026-04-15,STK0015,17.7502,18.143,17.4854,17.8762,798372,14271888.6
2026-04-16,STK0015,17.8126,18.0795,16.9266,17.184,478430,8221362.66
2026-04-17,STK0015,17.1674,17.9541,17.1108,17.8952,692023,12383864.81
2026-04-20,STK0015,17.8501,17.9883,17.0774,17.2107,1026214,17661820.81
2026-04-21,STK0015,17.1735,17.5665,16.8408,17.2326,541935,9338973.25
2026-04-22,STK0015,17.2998,17.4984,16.6535,16.8469,768704,12950301.87
2026-04-23,STK0015,16.8752,17.1265,16.3842,16.6319,956033,15900637.24
2026-04-24,STK0015,16.7324,17.1295,16.3103,16.7068,654006,10926324.12
2025-07-21,STK0016,70.4585,72.5833,69.9364,72.0494,3929829,283141727.98
2025-07-22,STK0016,72.1956,73.6664,71.9633,73.4302,3329541,244488817.2
2025-07-23,STK0016,73.4052,75.5268,72.2184,74.3251,4753567,353309538.48
2025-07-24,STK0016,74.8639,75.5261,71.1115,71.7461,6794924,487509589.16
2025-07-25,STK0016,72.2903,73.5912,68.8459,70.1076,5017231,351745779.23
2025-07-28,STK0016,70.3316,72.5273,69.0575,71.2367,6056009,431410142.5
2025-07-29,STK0016,71.8267,74.3027,70.9306,73.3871,6263642,459670592.31
2025-07-30,STK0016,73.3909,76.1291,72.3386,75.0531,2995172,224796809.65
2025-07-31,STK0016,75.3646,76.6013,73.4843,74.7104,4964996,370936757.11
2025-08-01,STK0016,75.162,76.1224,71.6655,72.5931,5935765,430895690.03
2025-08-04,STK0016,73.0383,74.6583,71.2821,72.8989,3520806,256662976.33
2025-08-05,STK0016,73.3007,73.5753,72.9611,73.2354,3032830,222110620.75
2025-08-06,STK0016,73.5133,77.1894,71.7096,75.3408,4944613,372531148.58
2025-08-07,STK0016,76.2307,76.4418,75.9244,76.1353,2365276,180080932.78
2025-08-08,STK0016,75.8891,76.8683,75.3741,76.3502,2763696,211008638.8
2025-08-11,STK0016,76.2791,77.6743,74.6586,76.0496,3163544,240586267.84
2025-08-12,STK0016,75.9518,77.0511,75.6515,76.7476,4761364,365423219.41
2025-08-13,STK0016,76.5783,77.7847,75.9634,77.165,4247946,327792849.53
2025-08-14,STK0016,76.2497,76.9657,75.8272,76.5416,5627243,430718101.81
2025-08-15,STK0016,77.1756,78.6143,73.6601,75.0593,2902132,217832117.69
2025-08-18,STK0016,74.5987,78.0101,73.4562,76.8334,2878826,221189954.7
2025-08-19,STK0016,76.9117,77.1796,74.0241,74.2828,4840938,359598593.34
2025-08-20,STK0016,73.6518,78.0081,72.725,77.0387,2959621,228005381.69
2025-08-21,STK0016,77.3262,77.8516,73.8448,74.35,3106606,230976229.75
2025-08-22,STK0016,74.0005,75.7955,71.5909,73.3706,2045673,150092333.84
2025-08-25,STK0016,72.8723,74.8284,72.5456,74.4945,4315301,321466379.06
2025-08-26,STK0016,74.5815,75.8883,73.4064,74.7112,6677511,498885109.95
2025-08-27,STK0016,74.3978,75.3711,72.1455,73.1018,2727254,199367231.58
2025-08-28,STK0016,72.8504,74.9563,71.7361,73.8271,5482714,404772841.41
2025-08-29,STK0016,73.9032,75.8646,72.1296,74.0866,3778488,279935370.16
2025-09-01,STK0016,74.4431,75.4514,73.7099,74.7155,2066640,154410080.99
2025-09-02,STK0016,74.3495,75.7787,72.2721,73.6885,2815304,207455661.5
2025-09-03,STK0016,73.2516,74.3074,72.3512,73.4051,2731334,200493894.47
2025-09-04,STK0016,73.4155,74.678,71.0349,72.2779,3337334,241215613.62
2025-09-05,STK0016,72.5122,76.5609,71.7573,75.7721,4290385,325091413.51
2025-09-08,STK0016,76.44,76.9922,75.3813,75.9298,7144060,542447060.48
2025-09-09,STK0016,75.4433,75.7393,75.0577,75.3533,2279983,171804283.31
2025-09-10,STK0016,75.2097,75.5361,73.9163,74.2385,3176757,235837826.36
2025-09-11,STK0016,74.7641,78.0998,72.9648,76.2644,2788243,212643551.06
2025-09-12,STK0016,77.1726,78.7264,72.8174,74.3137,2440391,181354424.89
2025-09-15,STK0016,73.8722,75.6794,73.3082,75.106,3936146,295628359.66
2025-09-16,STK0016,74.7738,76.0679,73.7143,75.0051,3781485,283630613.99
2025-09-17,STK0016,75.1768,76.5621,71.4648,72.8065,2032196,147956979.93
2025-09-18,STK0016,72.5545,73.2879,71.0965,71.8225,3875496,278347992.37
2025-09-19,STK0016,71.4961,73.1425,70.6296,72.2667,2504472,180989895.77
2025-09-22,STK0016,72.3728,73.7133,69.907,71.2263,3750056,267102681.15
2025-09-23,STK0016,71.8916,72.4306,71.3717,71.9105,5921142,425792551.34
2025-09-24,STK0016,71.3478,75.3122,70.3413,74.2646,4415488,327914540.26
2025-09-25,STK0016,74.9353,75.4472,74.2627,74.7735,3999849,299082908.75
2025-09-26,STK0016,74.5161,74.6704,72.7042,72.8551,3236028,235761131.68
2025-09-29,STK0016,73.0064,74.3115,70.5741,71.8587,4034333,289901905.52
2025-09-30,STK0016,72.5479,73.8731,70.4292,71.7397,4917221,352759713.98
2025-10-01,STK0016,71.8798,73.6697,68.9038,70.6634,4711427,332925501.93
2025-10-02,STK0016,70.5374,71.1441,70.1026,70.7083,3930909,277947993.71
2025-10-03,STK0016,71.0137,72.3637,69.5474,70.8952,4393293,311463210.51
2025-10-06,STK0016,70.8215,74.5822,69.1358,72.8482,2582327,188117863.82
2025-10-07,STK0016,73.0764,74.306,71.4861,72.7094,3263441,237282978.83
2025-10-08,STK0016,72.6202,74.3741,70.0935,71.8283,5383111,386659829.04
2025-10-09,STK0016,72.2004,74.762,70.4046,72.9476,5644157,411727853.36
2025-10-10,STK0016,72.3399,76.5668,70.8615,75.0334,4285000,321517962.59
2025-10-13,STK0016,74.5785,76.4543,72.7152,74.5908,7052105,526022022.66
2025-10-14,STK0016,73.9629,75.313,72.7503,74.0982,4978285,368882134.11
2025-10-15,STK0016,74.0732,75.9952,73.0782,74.988,3900188,292467128.83
2025-10-16,STK0016,74.3029,76.6758,72.5861,74.9441,2693812,201885400.06
2025-10-17,STK0016,74.6337,76.2093,70.9766,72.5074,6887147,499369059.66
2025-10-20,STK0016,72.0272,73.9052,71.7007,73.5718,5398148,397151247.43
2025-10-21,STK0016,74.2278,75.2618,73.5626,74.5933,7820994,583393616.59
2025-10-22,STK0016,74.1512,76.9392,73.5584,76.3289,8895948,679018147.98
2025-10-23,STK0016,75.742,77.3834,74.0543,75.6947,2634623,199426920.54
2025-10-24,STK0016,75.8075,76.4601,75.2492,75.9011,2621781,198996054.35
2025-10-27,STK0016,76.6732,77.3627,74.9744,75.6548,1489581,112693956.34
2025-10-28,STK0016,75.6021,76.6554,74.2036,75.252,5666709,426431311.71
2025-10-29,STK0016,75.2345,75.5167,74.7039,74.9851,5089711,381652673.12
2025-10-30,STK0016,75.5681,77.3899,73.4237,75.2376,4168968,313662985.01
2025-10-31,STK0016,75.6351,76.6406,74.5663,75.571,2636567,199248036.32
2025-11-03,STK0016,75.7642,77.3694,75.2808,76.8789,4021541,309171712.36
2025-11-04,STK0016,76.6108,79.0168,75.9803,78.3718,4425284,346817667.05
2025-11-05,STK0016,78.5865,80.1862,75.7918,77.3667,5435785,420548552.13
2025-11-06,STK0016,76.7376,78.6767,75.4651,77.3933,4566284,353399855.59
2025-11-07,STK0016,77.1042,78.0824,75.6779,76.6503,5075286,389022073.67
2025-11-10,STK0016,77.3114,78.0557,75.3281,76.0603,3783414,287767578.83
2025-11-11,STK0016,76.6568,78.3981,71.9054,73.5767,5941496,437155779.03
2025-11-12,STK0016,73.7701,75.2285,71.9839,73.4356,4849391,356118089.17
2025-11-13,STK0016,72.5904,75.2578,71.2463,73.8896,2505050,185097124.26
2025-11-14,STK0016,73.3559,74.2551,72.2552,73.1519,6251548,457312619.72
2025-11-17,STK0016,72.8543,75.1344,71.0645,73.3329,5926586,434613725.33
2025-11-18,STK0016,73.2574,75.0179,71.9145,73.6675,4551780,335318259.7
2025-11-19,STK0016,73.1169,76.4384,72.2582,75.5512,4222568,319019950.43
2025-11-20,STK0016,75.4396,77.2571,73.3661,75.1774,6847594,514784141.74
2025-11-21,STK0016,75.9788,77.696,72.1174,73.7851,2180252,160870052.53
2025-11-24,STK0016,73.9627,75.3695,72.5304,73.9366,5939085,439115709.55
2025-11-25,STK0016,74.0337,77.926,72.5796,76.4249,3277637,250493197.77
2025-11-26,STK0016,75.9598,76.8518,73.7655,74.642,5613455,418999743.67
2025-11-27,STK0016,73.9116,76.4999,72.9013,75.4684,3996616,301618066.82
2025-11-28,STK0016,74.9143,76.7701,74.4344,76.2815,2522952,192454451.15
2025-12-01,STK0016,75.5167,76.7018,71.3299,72.4672,3337267,241842319.01
2025-12-02,STK0016,72.4998,73.2616,71.6625,72.4235,5791859,419466878.9
2025-12-03,STK0016,72.5905,73.4979,71.8653,72.7709,3779376,275028520.61
2025-12-04,STK0016,72.3506,74.3033,70.628,72.5753,3274240,237628947.57
2025-12-05,STK0016,72.6397,73.0603,70.9265,71.3395,3244670,231473201.62
2025-12-08,STK0016,71.9711,73.4889,68.9278,70.4128,4926104,346860572.75
2025-12-09,STK0016,71.2447,71.8484,69.9198,70.5174,7115749,501783827.28
2025-12-10,STK0016,70.8441,71.0325,69.7867,69.9727,1818038,127213085.57
2025-12-11,STK0016,69.8994,70.1042,69.4383,69.6424,10233664,712697392.08
2025-12-12,STK0016,69.9516,70.782,68.0014,68.8183,4212000,289862850.55
2025-12-15,STK0016,69.3788,71.0831,68.5148,70.2088,4900939,344089168.02
2025-12-16,STK0016,69.3683,70.018,67.6539,68.2935,3398586,232101344.21
2025-12-17,STK0016,68.9035,70.1012,64.8828,66.0305,4003207,264333861.75
2025-12-18,STK0016,65.8151,68.6913,64.9488,67.7988,4256935,288615244.6
2025-12-19,STK0016,67.5816,67.8319,66.6208,66.8685,2784938,186224623.74
2025-12-22,STK0016,66.7262,67.3939,65.8914,66.5573,3069488,204296971.31
2025-12-23,STK0016,66.6853,66.975,66.213,66.502,6275979,417365126.58
2025-12-24,STK0016,66.0601,66.7349,65.8324,66.5057,2390302,158968681.32
2025-12-25,STK0016,66.3921,66.843,64.8664,65.3099,4875972,318449437.58
2025-12-26,STK0016,65.5161,67.1145,64.3294,65.9205,3568633,235246008.8
2025-12-29,STK0016,66.007,67.1956,63.4102,64.573,2959615,191111232.59
2025-12-30,STK0016,64.7207,66.1324,62.894,64.2964,8257383,530920101.98
2025-12-31,STK0016,64.1716,65.4163,60.5794,61.7777,2964771,183156737.68
2026-01-01,STK0016,62.0354,64.5882,61.1472,63.6766,2704125,172189415.48
2026-01-02,STK0016,64.0815,64.6704,62.7893,63.3717,3739843,237000260.07
2026-01-05,STK0016,63.7517,63.8877,63.6063,63.7423,3113728,198476241.76
2026-01-06,STK0016,63.9061,65.4311,62.8271,64.3447,4057833,261099884.4
2026-01-07,STK0016,64.7082,65.6175,64.1476,65.0539,4321089,281103777.11
2026-01-08,STK0016,65.3948,66.0591,64.8878,65.5509,4444940,291369833.6
2026-01-09,STK0016,66.6121,68.2388,64.7003,66.3199,3983713,264199544.66
2026-01-12,STK0016,66.8064,67.2077,64.9119,65.3042,3263147,213097188.55
2026-01-13,STK0016,65.2694,65.4487,64.3017,64.4788,5153430,332286984.51
2026-01-14,STK0016,64.1271,65.6556,62.3767,63.8998,3959927,253038492.84
2026-01-15,STK0016,63.7997,64.3764,62.3038,62.872,3546178,222955329.47
2026-01-16,STK0016,62.747,64.8505,62.0537,64.1419,7133478,457554601.46
2026-01-19,STK0016,64.339,64.6632,64.0905,64.4144,4065738,261892152.66
2026-01-20,STK0016,64.1443,64.8688,62.351,63.0632,6430716,405541603.94
2026-01-21,STK0016,63.5159,65.0632,61.4417,62.9759,6859759,431999358.74
2026-01-22,STK0016,62.453,64.1626,61.3312,63.0304,7093759,447122352.3
2026-01-23,STK0016,62.416,63.221,61.5934,62.3983,5784577,360947503.43
2026-01-26,STK0016,62.3477,62.9133,61.7523,62.3176,4590653,286078618.92
2026-01-27,STK0016,62.0034,63.1467,61.3574,62.4955,4541559,283827064.7
2026-01-28,STK0016,62.0255,63.0215,60.2539,61.2373,4126794,252713583.85
2026-01-29,STK0016,61.0036,61.4827,59.1246,59.5926,2117960,126214713.19
2026-01-30,STK0016,59.3209,60.5312,58.995,60.2004,5801040,349225046.13
2026-02-02,STK0016,60.2041,62.043,59.1196,60.9452,4876955,297226926.3
2026-02-03,STK0016,60.7187,62.0544,58.8609,60.1849,5959342,358662114.37
2026-02-04,STK0016,59.9905,62.1421,58.6266,60.7607,4185969,254342412.15
2026-02-05,STK0016,60.7589,62.0893,59.4616,60.7912,5356488,325627355.87
2026-02-06,STK0016,61.1623,62.8646,60.2935,61.9842,2670297,165516197.84
2026-02-09,STK0016,62.5336,64.3859,61.274,63.1145,2892168,182537878.87
2026-02-10,STK0016,63.1705,65.5686,61.6983,64.0752,1765405,113118715.97
2026-02-11,STK0016,64.162,64.3248,62.4773,62.6362,3972463,248819972.46
2026-02-12,STK0016,62.5674,63.758,61.8492,63.0345,3219522,202940889.45
2026-02-13,STK0016,63.2168,64.9138,62.7935,64.4821,3062504,197476808.22
2026-02-16,STK0016,64.6333,66.3375,63.0223,64.7242,4812516,311486065.5
2026-02-17,STK0016,65.2411,66.7664,63.4437,64.9625,3746831,243403690.84
2026-02-18,STK0016,64.2305,65.5441,61.4433,62.7261,2580299,161852005.07
2026-02-19,STK0016,62.6379,65.3007,62.0863,64.7308,10360556,670646765.86
2026-02-20,STK0016,64.8626,66.4128,62.2565,63.7807,4168943,265898276.99
2026-02-23,STK0016,63.7707,63.9411,61.9932,62.1593,2831115,175980150.67
2026-02-24,STK0016,61.81,62.201,61.4101,61.801,3201185,197836466.14
2026-02-25,STK0016,61.3211,62.3137,58.5035,59.4661,3763213,223783631.98
2026-02-26,STK0016,59.7545,60.9639,56.9556,58.1322,3724465,216511282.46
2026-02-27,STK0016,57.8688,61.7857,56.5769,60.4366,6273066,379122639.81
2026-03-02,STK0016,59.8036,60.3365,59.1404,59.6722,3928943,234448508.0
2026-03-03,STK0016,59.9796,60.6387,57.2619,57.8981,7792786,451187607.5
2026-03-04,STK0016,58.0578,59.37,57.3343,58.6393,3538784,207511730.65
2026-03-05,STK0016,58.5985,58.7521,57.2585,57.4089,4760651,273303752.85
2026-03-06,STK0016,57.0947,59.865,55.846,58.5837,5917239,346653528.39
2026-03-09,STK0016,58.5438,59.1159,56.7752,57.3355,6272999,359665806.71
2026-03-10,STK0016,57.7553,58.2997,57.375,57.9184,6491441,375973923.67
2026-03-11,STK0016,57.36,58.0146,56.2016,56.8503,3836581,218110887.05
2026-03-12,STK0016,56.3193,60.5965,55.2863,59.505,4067007,242007244.67
2026-03-13,STK0016,59.2813,61.3413,57.9753,60.019,1663512,99842339.49
2026-03-16,STK0016,60.0094,60.4267,59.2045,59.619,3720529,221814358.39
2026-03-17,STK0016,59.4418,59.8024,59.0869,59.4475,5814959,345684974.6
2026-03-18,STK0016,59.6773,61.092,57.2966,58.688,5316594,312020031.63
2026-03-19,STK0016,59.0726,59.9392,56.6189,57.4619,3709327,213144808.96
2026-03-20,STK0016,57.558,58.1574,55.6309,56.2163,6834297,384198743.96
2026-03-23,STK0016,56.4056,58.3679,56.0342,57.9861,3340892,193725421.66
2026-03-24,STK0016,58.0809,59.5266,56.4916,57.9336,3028832,175471185.35
2026-03-25,STK0016,57.9369,59.0111,54.7604,55.7949,3385707,188905095.48
2026-03-26,STK0016,55.3635,55.7517,54.2031,54.5858,2629310,143522933.38
2026-03-27,STK0016,54.2501,55.8135,54.0278,55.5856,4744166,263707418.25
2026-03-30,STK0016,55.1369,56.1139,54.7739,55.7469,4130967,230288452.66
2026-03-31,STK0016,55.6972,56.126,55.243,55.6716,4713207,262391721.55
2026-04-01,STK0016,55.7492,56.9649,55.4953,56.7066,3313829,187915915.37
2026-04-02,STK0016,56.2156,56.6801,55.8063,56.2704,3758469,211490376.56
2026-04-03,STK0016,56.2949,57.3124,56.0311,57.0451,1795592,102429723.32
2026-04-06,STK0016,56.7463,57.4686,56.1398,56.8608,4386839,249439341.48
2026-04-07,STK0016,56.4972,58.2602,55.7525,57.5022,3914577,225096691.8
2026-04-08,STK0016,57.2868,58.0013,55.9704,56.6772,2592508,146936131.44
2026-04-09,STK0016,56.2975,57.4837,54.7882,55.9675,3663387,205030609.05
2026-04-10,STK0016,56.1716,57.7895,55.7311,57.3399,3410184,195539458.95
2026-04-13,STK0016,57.2821,60.0097,55.9988,58.6947,6980615,409725170.92
2026-04-14,STK0016,58.9825,60.3324,57.1078,58.4454,2580147,150797794.09
2026-04-15,STK0016,58.2901,59.6935,56.4164,57.8082,4215012,243662269.72
2026-04-16,STK0016,57.6677,60.365,57.3123,59.9953,2557447,153434745.04
2026-04-17,STK0016,60.6734,61.1377,59.768,60.2289,3123310,188113614.13
2026-04-20,STK0016,59.6452,60.6203,58.5074,59.4798,4196867,249628877.86
2026-04-21,STK0016,59.94,60.2541,58.6846,58.9937,3491108,205953536.41
2026-04-22,STK0016,59.5823,60.1776,59.3458,59.9397,3769451,225939759.37
2026-04-23,STK0016,60.2158,60.4382,59.8271,60.049,4266523,256200503.91
2026-04-24,STK0016,59.9301,60.8854,58.8483,59.8016,3219497,192531200.53
2025-07-21,STK0017,31.341,31.4824,30.1695,30.3063,2236667,67785049.01
2025-07-22,STK0017,30.2928,30.6772,29.6726,30.0541,3140974,94399021.82
2025-07-23,STK0017,29.9697,30.4941,29.5187,30.0421,2068382,62138442.96
2025-07-24,STK0017,30.1078,31.5887,29.5469,31.0111,2081852,64560460.68
2025-07-25,STK0017,31.1342,31.4931,30.213,30.5654,1849928,56543700.3
2025-07-28,STK0017,30.2744,30.9483,29.9922,30.6625,2284495,70048333.92
2025-07-29,STK0017,30.7317,31.2637,29.2148,29.7294,3763451,111885251.29
2025-07-30,STK0017,29.8461,30.3754,28.964,29.487,1789709,52773203.48
2025-07-31,STK0017,29.0738,29.3127,28.8008,29.0395,2646024,76839234.13
2025-08-01,STK0017,29.0737,30.2832,29.0023,30.209,1554575,46962190.63
2025-08-04,STK0017,30.3352,31.0557,29.2951,30.0078,1006878,30214158.78
2025-08-05,STK0017,30.1125,30.774,29.5292,30.1892,2294511,69269402.97
2025-08-06,STK0017,30.3349,30.5359,30.0707,30.2713,2369882,71739407.79
2025-08-07,STK0017,30.2119,30.6654,29.1738,29.6184,1960253,58059469.63
2025-08-08,STK0017,29.4341,29.8958,28.9614,29.4229,1195394,35171928.44
2025-08-11,STK0017,29.1069,29.6313,28.9643,29.4869,2289678,67515428.1
2025-08-12,STK0017,29.6807,29.8709,29.4094,29.599,2292031,67841938.51
2025-08-13,STK0017,29.7242,30.4377,27.5589,28.2367,1532631,43276507.14
2025-08-14,STK0017,28.4354,28.8245,27.7144,28.0989,1322628,37164392.22
2025-08-15,STK0017,27.9769,28.7958,27.7978,28.6126,1941142,55541148.16
2025-08-18,STK0017,28.7509,29.474,28.166,28.8863,2681761,77466245.25
2025-08-19,STK0017,28.6271,29.7846,28.26,29.4075,2530846,74425873.82
2025-08-20,STK0017,29.2545,29.7426,28.6187,29.1043,1601166,46600769.73
2025-08-21,STK0017,29.1263,30.0199,28.8687,29.7568,2260200,67256245.44
2025-08-22,STK0017,29.8754,29.975,29.5591,29.6579,2959675,87777832.69
2025-08-25,STK0017,29.9582,30.6336,29.7846,30.4571,1455364,44326157.19
2025-08-26,STK0017,30.4133,31.3026,29.6718,30.5576,2246673,68652971.47
2025-08-27,STK0017,30.3993,30.8961,29.0354,29.5178,3565381,105242244.6
2025-08-28,STK0017,29.3558,30.6825,28.736,30.0481,1423547,42774847.67
2025-08-29,STK0017,29.9243,29.999,29.813,29.8876,3339180,99799914.3
2025-09-01,STK0017,30.2885,30.8823,29.4814,30.071,3949643,118769643.01
2025-09-02,STK0017,30.2079,30.6052,28.8401,29.2245,2082248,60852732.07
2025-09-03,STK0017,29.4203,30.5184,28.9112,29.9994,2044935,61346802.31
2025-09-04,STK0017,29.9564,30.2631,29.273,29.5758,3328579,98445442.01
2025-09-05,STK0017,29.5755,31.0374,29.094,30.5402,2162485,66042813.88
2025-09-08,STK0017,30.6686,30.7551,30.4253,30.5113,1020945,31150388.45
2025-09-09,STK0017,30.4189,30.5116,29.8954,29.9868,2281603,68417953.67
2025-09-10,STK0017,29.9344,31.1769,29.3246,30.5544,2817109,86075190.39
2025-09-11,STK0017,30.431,30.579,30.2172,30.3648,3129525,95027545.51
2025-09-12,STK0017,30.2834,30.5207,30.2131,30.45,1735266,52838874.9
2025-09-15,STK0017,30.459,31.1591,29.2028,29.8898,2070030,61872846.94
2025-09-16,STK0017,29.7428,29.984,29.5015,29.7426,3264283,97088396.48
2025-09-17,STK0017,29.7937,30.3145,29.3351,29.8549,2285777,68241546.24
2025-09-18,STK0017,29.9059,30.5427,28.5847,29.2067,1366596,39913720.05
2025-09-19,STK0017,29.1753,29.7342,28.3916,28.9461,3636311,105257036.36
2025-09-22,STK0017,28.8027,28.8912,28.6784,28.7668,2251884,64779473.74
2025-09-23,STK0017,28.7849,29.3849,28.356,28.9534,3632190,105164248.04
2025-09-24,STK0017,28.8658,30.2066,28.4484,29.776,1543314,45953738.08
2025-09-25,STK0017,29.7843,30.0837,29.4389,29.7378,2379038,70747365.73
2025-09-26,STK0017,29.9344,30.5131,28.8156,29.3836,2933210,86188340.35
2025-09-29,STK0017,29.1636,31.6752,28.4586,30.9276,2296515,71025680.06
2025-09-30,STK0017,31.3336,31.5023,30.6392,30.8051,1579872,48668140.89
2025-10-01,STK0017,30.7917,30.9561,30.2711,30.4336,1054055,32078737.39
2025-10-02,STK0017,30.5089,31.0855,29.6112,30.1816,4216567,127262640.78
2025-10-03,STK0017,30.0456,30.4197,29.5753,29.9482,2725967,81637857.59
2025-10-06,STK0017,30.1542,30.766,29.2705,29.8767,3751213,112073822.37
2025-10-07,STK0017,29.8542,30.4862,29.6976,30.3272,3422149,103784109.48
2025-10-08,STK0017,30.2555,30.9149,30.1673,30.825,3009430,92765746.65
2025-10-09,STK0017,30.7188,31.8314,30.1642,31.267,2176971,68067266.34
2025-10-10,STK0017,31.2166,32.8443,30.44,32.0471,2849529,91319043.04
2025-10-13,STK0017,32.1276,32.2619,31.7127,31.8458,4069266,129588997.76
2025-10-14,STK0017,31.8788,32.6994,31.1813,31.9992,2488283,79623131.13
2025-10-15,STK0017,31.9916,33.0325,31.6441,32.6775,4688810,153218687.84
2025-10-16,STK0017,32.5383,32.616,32.0679,32.1446,1385058,44522143.15
2025-10-17,STK0017,31.9966,34.2319,31.5573,33.7683,1339867,45244982.33
2025-10-20,STK0017,33.675,33.9583,33.3363,33.6192,3322704,111706561.7
2025-10-21,STK0017,33.7121,34.3172,32.7407,33.339,1756004,58543482.95
2025-10-22,STK0017,33.4718,33.7603,32.2502,32.5307,4715132,153386339.12
2025-10-23,STK0017,32.6866,33.1141,31.5928,32.0114,3682955,117896722.9
2025-10-24,STK0017,32.0112,32.7568,31.7995,32.5416,3987359,129755198.29
2025-10-27,STK0017,32.6166,34.3499,31.9302,33.6419,3111107,104663572.42
2025-10-28,STK0017,33.6079,34.3905,32.3057,33.0759,1702730,56319336.4
2025-10-29,STK0017,32.7319,33.4749,32.3628,33.1016,1318639,43649101.72
2025-10-30,STK0017,33.0588,33.7446,32.6513,33.3337,4009700,133658317.55
2025-10-31,STK0017,33.2588,34.8055,32.4405,33.9698,1395911,47418780.93
2025-11-03,STK0017,33.7587,35.6892,33.5808,35.5021,4060636,144161201.8
2025-11-04,STK0017,35.3815,37.1453,34.6527,36.3956,2946595,107243185.41
2025-11-05,STK0017,36.4251,36.9732,35.7298,36.2756,2356449,85481660.48
2025-11-06,STK0017,36.0298,37.58,35.2279,36.7618,2812994,103410700.66
2025-11-07,STK0017,36.6053,37.4362,36.2859,37.1124,2851389,105821786.11
2025-11-10,STK0017,37.4586,37.7887,36.8745,37.2023,2229293,82934856.29
2025-11-11,STK0017,36.8463,37.1961,35.9876,36.3326,3781761,137401137.87
2025-11-12,STK0017,36.2927,36.3791,35.6524,35.7375,3692642,131965823.21
2025-11-13,STK0017,35.4883,36.6169,35.2786,36.4018,2483188,90392610.6
2025-11-14,STK0017,36.238,37.886,35.3366,36.9664,1923209,71094188.45
2025-11-17,STK0017,36.9226,37.2233,36.6373,36.9379,3840840,141872518.62
2025-11-18,STK0017,36.7197,37.1,36.6294,37.0091,1191836,44108725.15
2025-11-19,STK0017,37.1367,38.1376,36.8245,37.8197,2727543,103154879.44
2025-11-20,STK0017,38.1276,38.5619,36.3655,36.7846,2975046,109435924.75
2025-11-21,STK0017,36.9709,37.5106,36.0555,36.5897,1728822,63257048.75
2025-11-24,STK0017,36.8153,38.2328,36.6836,38.0965,3260083,124197693.58
2025-11-25,STK0017,37.7824,39.0538,37.02,38.2813,2296845,87926132.65
2025-11-26,STK0017,38.2255,39.0277,36.6322,37.4174,1899940,71090909.18
2025-11-27,STK0017,37.5225,37.7815,37.2215,37.4802,3267554,122468476.87
2025-11-28,STK0017,37.6766,38.5623,36.9094,37.7927,1583129,59830764.21
2025-12-01,STK0017,38.1924,38.5863,35.4199,35.789,3152602,112828319.13
2025-12-02,STK0017,36.0192,36.4418,35.2025,35.6204,1165464,41514309.16
2025-12-03,STK0017,35.8125,36.6554,34.345,35.1728,2563592,90168835.79
2025-12-04,STK0017,35.7331,36.5375,33.4612,34.2319,2324579,79574832.8
2025-12-05,STK0017,34.2517,34.6157,33.7358,34.0982,1883044,64208322.8
2025-12-08,STK0017,34.0391,34.4893,33.4899,33.9388,2681179,90996079.88
2025-12-09,STK0017,33.975,34.4847,33.6831,34.191,2313415,79098003.27
2025-12-10,STK0017,34.0038,34.4749,33.4365,33.9062,3493918,118465585.24
2025-12-11,STK0017,33.92,34.5198,32.8463,33.4376,2904137,97107405.85
2025-12-12,STK0017,33.0929,33.2297,32.259,32.3928,2737270,88667798.55
2025-12-15,STK0017,32.29,33.0378,31.2145,31.9545,2630350,84051498.74
2025-12-16,STK0017,31.9324,32.8676,31.3405,32.2695,2040671,65851378.55
2025-12-17,STK0017,32.4539,32.591,32.204,32.3406,2170515,70195864.49
2025-12-18,STK0017,32.557,33.2728,31.7512,32.465,2616698,84951152.98
2025-12-19,STK0017,32.2779,32.8945,30.9334,31.5359,2208697,69653233.88
2025-12-22,STK0017,31.9312,32.225,31.1184,31.4074,3508182,110182950.34
2025-12-23,STK0017,31.4354,32.3197,30.9955,31.8737,2500746,79708036.77
2025-12-24,STK0017,31.9196,32.7497,31.2243,32.0515,2732682,87586633.37
2025-12-25,STK0017,31.7419,32.5122,30.7397,31.5042,1449642,45669849.54
2025-12-26,STK0017,31.3872,31.6529,29.8173,30.0719,3356849,100946829.14
2025-12-29,STK0017,30.2619,30.7752,29.1135,29.6158,1950007,57751090.21
2025-12-30,STK0017,29.646,30.2919,28.7613,29.4019,1704039,50101953.83
2025-12-31,STK0017,29.4209,30.1484,28.2153,28.9307,4359945,126136332.05
2026-01-01,STK0017,28.9702,29.1,28.8651,28.9949,3110126,90177663.18
2026-01-02,STK0017,28.7449,29.7823,28.3544,29.3832,3432044,100844367.73
2026-01-05,STK0017,29.3662,30.015,28.5401,29.1849,2841825,82938476.87
2026-01-06,STK0017,29.4326,29.8044,29.3716,29.7427,2386107,70969335.38
2026-01-07,STK0017,29.9373,30.2982,28.636,28.9855,2265265,65659850.09
2026-01-08,STK0017,28.9637,29.5127,28.5166,29.064,3335303,96937325.72
2026-01-09,STK0017,29.338,29.7519,27.8113,28.2093,3784918,106769803.69
2026-01-12,STK0017,27.997,28.5836,27.4691,28.0547,2469296,69275315.88
2026-01-13,STK0017,27.8916,27.9894,27.6781,27.7755,5222893,145068524.34
2026-01-14,STK0017,28.0878,28.789,27.5243,28.2227,2344833,66177567.28
2026-01-15,STK0017,28.3208,28.565,28.0797,28.3239,1576759,44659965.79
2026-01-16,STK0017,28.2748,29.2886,27.6823,28.6873,1427288,40945098.82
2026-01-19,STK0017,28.6778,29.0119,28.0704,28.4012,1442265,40962042.96
2026-01-20,STK0017,28.2641,28.3485,27.5738,27.6564,2221549,61440145.53
2026-01-21,STK0017,27.7024,28.3719,26.5842,27.2426,2422852,66004870.85
2026-01-22,STK0017,27.2749,27.8832,26.7307,27.3378,3343813,91412446.0
2026-01-23,STK0017,27.341,28.2762,27.0676,27.9963,2601886,72843062.03
2026-01-26,STK0017,27.8021,28.2649,27.5738,28.0347,3613490,101303072.26
2026-01-27,STK0017,28.0793,28.5158,27.4661,27.8998,2711650,75654511.16
2026-01-28,STK0017,27.8113,28.637,27.1242,27.9465,2669239,74595904.39
2026-01-29,STK0017,27.7817,28.5138,27.5407,28.2686,2162942,61143246.89
2026-01-30,STK0017,28.4842,30.5475,27.806,29.8371,4270612,127422762.33
2026-02-02,STK0017,30.2281,30.8779,29.9379,30.5843,1525874,46667770.9
2026-02-03,STK0017,30.9429,31.5058,29.9914,30.5471,2865121,87521246.47
2026-02-04,STK0017,30.6665,30.9971,29.894,30.2198,2398907,72494468.15
2026-02-05,STK0017,30.1717,30.5536,30.0523,30.4332,3325562,101207433.08
2026-02-06,STK0017,30.4203,31.2761,29.7045,30.557,2489117,76060060.62
2026-02-09,STK0017,30.6315,30.8083,30.0818,30.2564,2483478,75141107.55
2026-02-10,STK0017,30.1802,30.8963,28.9877,29.6922,2263742,67215461.48
2026-02-11,STK0017,29.9281,30.357,29.7971,30.2248,4037594,122035302.4
2026-02-12,STK0017,29.8578,30.6797,29.6148,30.432,2483258,75570484.86
2026-02-13,STK0017,30.378,31.7049,29.6738,30.9866,5121329,158692706.33
2026-02-16,STK0017,31.1359,32.4363,30.602,31.8895,2820711,89951065.16
2026-02-17,STK0017,31.7282,32.1951,31.5265,31.9917,2607502,83418423.7
2026-02-18,STK0017,31.9456,32.4446,31.3804,31.8783,2486046,79250893.56
2026-02-19,STK0017,31.992,33.8786,31.7953,33.6716,3183883,107206351.51
2026-02-20,STK0017,33.9797,34.7311,33.0407,33.7878,2135679,72159885.94
2026-02-23,STK0017,33.5265,33.632,33.3804,33.4857,2762242,92495603.46
2026-02-24,STK0017,33.212,33.8171,32.7409,33.3441,2640370,88040683.58
2026-02-25,STK0017,33.1553,34.6121,33.0406,34.4927,2924460,100872570.01
2026-02-26,STK0017,34.176,34.7906,32.9948,33.5991,2928150,98383242.7
2026-02-27,STK0017,33.3048,34.0882,32.1394,32.9137,2982650,98169986.64
2026-03-02,STK0017,32.7222,34.0882,32.0312,33.3833,2600626,86817485.7
2026-03-03,STK0017,33.6313,33.9861,32.7287,33.0776,4455355,147372657.83
2026-03-04,STK0017,33.0158,33.6868,32.7698,33.4377,3081106,103025196.77
2026-03-05,STK0017,33.444,34.0862,33.284,33.9239,6632886,225013364.05
2026-03-06,STK0017,33.73,34.4752,32.9157,33.6593,2738402,92172703.39
2026-03-09,STK0017,33.7875,33.9181,32.4794,32.6055,3825780,124741292.5
2026-03-10,STK0017,32.9745,33.5173,31.4535,31.98,2079558,66504254.21
2026-03-11,STK0017,31.8101,32.7311,31.4778,32.3927,4439195,143797655.68
2026-03-12,STK0017,32.7297,33.5448,31.7053,32.515,2111293,68648636.8
2026-03-13,STK0017,32.5861,33.0327,31.6657,32.1056,3279589,105293329.88
2026-03-16,STK0017,32.1089,32.5784,30.863,31.321,2541584,79604836.04
2026-03-17,STK0017,31.3962,32.1219,30.5313,31.2536,3310710,103471672.11
2026-03-18,STK0017,31.3269,32.5754,30.5656,31.8025,2596345,82570258.21
2026-03-19,STK0017,32.1588,32.6548,30.6198,31.0994,2210006,68729903.97
2026-03-20,STK0017,31.1966,31.8303,29.8778,30.4972,2628705,80168224.54
2026-03-23,STK0017,30.5964,31.1043,29.3868,29.8828,5045911,150786082.13
2026-03-24,STK0017,29.8073,30.3242,29.4547,29.9697,3497233,104810953.92
2026-03-25,STK0017,30.1209,30.283,30.021,30.1828,1902925,57435676.99
2026-03-26,STK0017,30.0101,31.9131,29.4546,31.3332,4398700,137825142.88
2026-03-27,STK0017,31.3537,32.0821,30.786,31.5115,2172524,68459562.93
2026-03-30,STK0017,32.0614,32.2116,31.5814,31.7301,3703598,117515412.84
2026-03-31,STK0017,31.2569,32.5059,31.029,32.2706,3521379,113636916.59
2026-04-01,STK0017,32.3157,33.2126,31.707,32.5984,3573770,116499309.22
2026-04-02,STK0017,32.6516,32.8293,32.3006,32.4774,5607318,182111301.85
2026-04-03,STK0017,32.433,34.5473,31.8527,33.9401,2204956,74836404.38
2026-04-06,STK0017,33.8985,34.8746,33.2709,34.2407,3715502,127221225.13
2026-04-07,STK0017,34.2594,34.7745,33.9125,34.4259,4719109,162459667.93
2026-04-08,STK0017,34.3739,34.7902,34.101,34.5162,2336429,80644739.36
2026-04-09,STK0017,34.5622,34.9279,34.0849,34.4493,2275053,78374036.75
2026-04-10,STK0017,34.3487,36.1292,33.9962,35.7623,2657395,95034454.95
2026-04-13,STK0017,36.1989,36.7766,35.1832,35.7538,3350111,119779358.56
2026-04-14,STK0017,35.6998,36.9163,35.0177,36.2241,1841422,66703795.04
2026-04-15,STK0017,36.3481,37.1412,35.4586,36.2496,3692266,133843260.94
2026-04-16,STK0017,36.1044,37.3232,36.0073,37.223,1851934,68934615.06
2026-04-17,STK0017,37.432,38.1324,36.1462,36.8354,4702728,173226726.65
2026-04-20,STK0017,36.9978,37.3392,36.0734,36.4093,3556589,129493036.57
2026-04-21,STK0017,36.501,37.825,35.724,37.0365,5649597,209241338.48
2026-04-22,STK0017,36.8089,37.3285,36.6712,37.1894,3622645,134723829.82
2026-04-23,STK0017,37.0218,37.5652,36.1069,36.6447,2520611,92367007.92
2026-04-24,STK0017,37.0173,38.0562,36.4761,37.5079,2075214,77836872.09
2025-07-21,STK0018,44.7124,45.6734,43.3458,44.2978,3128055,138566064.17
2025-07-22,STK0018,43.9367,44.9646,42.2825,43.2955,2777217,120240915.4
2025-07-23,STK0018,43.4085,44.0843,42.6032,43.2769,1228125,53149490.67
2025-07-24,STK0018,43.6934,43.9575,42.6581,42.9176,2512531,107831754.07
2025-07-25,STK0018,42.8694,43.5056,41.7504,42.3793,1932601,81902271.48
2025-07-28,STK0018,42.6454,43.3837,40.2192,40.9278,2139150,87550754.16
2025-07-29,STK0018,40.7222,41.8496,40.3855,41.5065,1556880,64620621.56
2025-07-30,STK0018,41.5993,42.6135,40.0297,41.0299,2937196,120512977.8
2025-07-31,STK0018,40.4216,41.6308,40.1276,41.3302,4719608,195062175.8
2025-08-01,STK0018,41.0952,42.7595,40.1516,41.7997,2762792,115483831.47
2025-08-04,STK0018,41.7981,42.8019,41.3058,42.3036,1157086,48948912.33
2025-08-05,STK0018,42.2115,43.2379,42.1265,43.1511,2694973,116291032.84
2025-08-06,STK0018,42.8157,43.4363,41.015,41.6183,2252482,93744515.61
2025-08-07,STK0018,41.4937,42.2501,40.8111,41.5663,1663354,69139466.4
2025-08-08,STK0018,41.6486,43.4855,40.7325,42.5496,2809895,119559829.01
2025-08-11,STK0018,42.5276,43.3563,41.9138,42.7395,3325260,142119912.78
2025-08-12,STK0018,42.7551,44.4989,42.577,44.3143,1956104,86683362.93
2025-08-13,STK0018,44.5093,46.5117,43.4715,45.4519,1404080,63818137.33
2025-08-14,STK0018,45.3584,46.666,44.6779,45.9762,1212772,55758646.95
2025-08-15,STK0018,46.3527,46.7349,45.4049,45.7824,1940114,88823143.8
2025-08-18,STK0018,45.5115,46.5434,43.956,44.9757,2331292,104851573.24
2025-08-19,STK0018,45.499,45.7166,44.2193,44.4317,2059978,91528336.64
2025-08-20,STK0018,44.7294,44.9192,44.2815,44.4701,1893620,84209481.4
2025-08-21,STK0018,44.3752,45.01,43.3537,43.9829,2939889,129304924.1
2025-08-22,STK0018,43.9066,44.6255,42.467,43.1738,2860911,123516475.92
2025-08-25,STK0018,43.2274,44.0162,42.6329,43.4191,2671667,116001310.14
2025-08-26,STK0018,43.5753,45.9918,42.5571,44.9417,3282429,147517840.46
2025-08-27,STK0018,45.2378,46.2041,44.8739,45.8353,1944342,89119550.8
2025-08-28,STK0018,45.4681,46.8481,44.3416,45.7154,1662633,76008008.57
2025-08-29,STK0018,45.8356,46.8255,45.7235,46.7113,2040204,95300542.69
2025-09-01,STK0018,46.1218,47.8877,45.9039,47.6625,1994445,95060141.98
2025-09-02,STK0018,47.6118,47.9103,47.239,47.5371,1207358,57394288.97
2025-09-03,STK0018,47.9536,48.1373,47.1464,47.3277,2010854,95169128.27
2025-09-04,STK0018,46.9269,47.5163,46.36,46.9492,3604413,169224473.49
2025-09-05,STK0018,46.5009,48.7595,45.4824,47.7144,3204727,152911566.37
2025-09-08,STK0018,47.7776,49.2072,46.7802,48.2009,2903719,139961954.86
2025-09-09,STK0018,48.6039,49.5336,46.659,47.569,2595722,123475925.24
2025-09-10,STK0018,47.662,47.7654,46.5921,46.6935,4030696,188207183.31
2025-09-11,STK0018,46.1629,47.7648,45.1514,46.7406,1667914,77959373.33
2025-09-12,STK0018,46.271,47.849,45.7565,47.3228,1691851,80063047.12
2025-09-15,STK0018,47.3505,48.242,46.4132,47.3038,3522998,166651340.34
2025-09-16,STK0018,46.9703,47.8496,45.6641,46.5352,2438039,113454720.58
2025-09-17,STK0018,46.5734,47.7167,46.2901,47.4282,1913942,90774881.4
2025-09-18,STK0018,47.484,49.0939,46.8262,48.4231,2931459,141950208.41
2025-09-19,STK0018,48.281,49.406,45.6942,46.7844,2114438,98922731.11
2025-09-22,STK0018,47.2966,48.4078,46.9159,48.0212,1847948,88740667.98
2025-09-23,STK0018,48.1916,49.0805,47.2426,48.1304,1852675,89169929.19
2025-09-24,STK0018,48.4815,49.6468,47.2293,48.3924,2837078,137293113.87
2025-09-25,STK0018,48.6605,50.1446,48.1595,49.6336,2609410,129514506.82
2025-09-26,STK0018,49.589,51.7442,49.0477,51.1855,4123904,211084079.77
2025-09-29,STK0018,51.1258,52.8923,50.4914,52.244,2155961,112636025.23
2025-09-30,STK0018,52.1508,53.7962,51.0761,52.71,2116631,111567614.5
2025-10-01,STK0018,52.9258,53.5664,50.3723,50.9895,3988114,203351826.54
2025-10-02,STK0018,50.7909,51.4605,48.4491,49.0963,3383129,166099266.48
2025-10-03,STK0018,49.6071,50.1181,49.2543,49.7641,2593291,129052735.1
2025-10-06,STK0018,49.5419,52.0673,48.3166,50.8106,1397581,71011982.13
2025-10-07,STK0018,50.8761,52.022,48.8901,50.0167,1787278,89393677.27
2025-10-08,STK0018,49.948,51.0643,49.1585,50.2698,1660875,83491780.36
2025-10-09,STK0018,50.134,51.3418,48.3387,49.532,2420358,119885253.75
2025-10-10,STK0018,50.1819,51.0751,48.4621,49.3404,2009424,99145775.96
2025-10-13,STK0018,49.2106,51.011,48.0266,49.8125,4200063,209215788.5
2025-10-14,STK0018,49.7215,50.2213,49.4374,49.9359,1379803,68901727.34
2025-10-15,STK0018,49.7373,50.1695,49.3799,49.8116,1585519,78977245.56
2025-10-16,STK0018,49.8239,53.6487,48.7099,52.4754,2600472,136460892.51
2025-10-17,STK0018,52.4435,53.0549,50.797,51.3962,2892729,148675149.39
2025-10-20,STK0018,51.0522,52.7443,50.5142,52.1943,998417,52111685.02
2025-10-21,STK0018,52.0616,53.069,50.1496,51.1391,1341090,68582113.3
2025-10-22,STK0018,51.3265,52.1733,50.0405,50.8798,2231581,113542502.24
2025-10-23,STK0018,51.1943,51.8293,50.6868,51.3206,3903018,200305049.71
2025-10-24,STK0018,51.3279,52.658,50.7556,52.0773,4806157,250291543.89
2025-10-27,STK0018,52.0957,52.6892,50.8699,51.4561,2169425,111630208.85
2025-10-28,STK0018,51.3448,51.5967,50.5414,50.7906,2296358,116633338.82
2025-10-29,STK0018,50.6377,51.0063,49.9137,50.2797,1766501,88819112.66
2025-10-30,STK0018,50.003,50.7212,48.7841,49.495,2918516,144451824.05
2025-10-31,STK0018,49.0348,51.1388,48.055,50.137,4006391,200868341.58
2025-11-03,STK0018,49.9261,51.2288,49.3451,50.6395,3640098,184332747.97
2025-11-04,STK0018,50.9149,51.4852,50.3642,50.9342,2339588,119165046.39
2025-11-05,STK0018,50.8047,51.8165,49.9429,50.9523,1757702,89558912.71
2025-11-06,STK0018,50.8466,51.2915,50.561,51.005,2414093,123130823.81
2025-11-07,STK0018,50.8933,52.5879,50.3458,52.0282,3948405,205428477.62
2025-11-10,STK0018,52.4182,53.5385,52.0625,53.1776,2119158,112691649.94
2025-11-11,STK0018,52.8822,55.2827,51.9838,54.3593,1313874,71421263.24
2025-11-12,STK0018,54.4497,54.8863,54.2001,54.6359,2133243,116551577.06
2025-11-13,STK0018,54.6134,56.5721,53.9417,55.8847,2191774,122486643.66
2025-11-14,STK0018,55.9075,56.7859,54.2261,55.0917,1280152,70525757.58
2025-11-17,STK0018,55.1725,56.3408,53.9268,55.0934,2650310,146014515.22
2025-11-18,STK0018,55.1123,57.2108,54.0836,56.1625,2842937,159666439.56
2025-11-19,STK0018,56.4304,58.4131,55.0938,57.0616,4548477,259543172.68
2025-11-20,STK0018,57.0515,58.0578,55.9643,56.9691,1497062,85286309.43
2025-11-21,STK0018,57.5685,58.146,55.5337,56.0964,3103954,174120581.21
2025-11-24,STK0018,56.1114,56.5687,55.7001,56.1571,3432123,192738081.57
2025-11-25,STK0018,55.5861,55.7696,55.2865,55.4697,2968558,164664921.78
2025-11-26,STK0018,55.6825,57.5826,55.2156,57.1039,1738314,99264427.28
2025-11-27,STK0018,57.2384,58.1958,56.9437,57.8978,1720640,99621295.3
2025-11-28,STK0018,57.9091,58.5167,55.9519,56.5452,2576467,145686729.33
2025-12-01,STK0018,56.4572,57.4824,54.0301,55.0294,2575810,141745284.86
2025-12-02,STK0018,54.3356,55.3091,52.8887,53.8535,2076579,111831150.76
2025-12-03,STK0018,53.2281,53.7241,52.5245,53.0185,3966632,210304762.17
2025-12-04,STK0018,53.5452,54.2786,52.2977,53.024,2205626,116951033.21
2025-12-05,STK0018,52.838,54.2047,52.4689,53.8287,1326970,71429043.94
2025-12-08,STK0018,54.1415,54.8761,52.0926,52.8091,2405978,127057535.8
2025-12-09,STK0018,52.3036,56.2734,51.5854,55.5111,3136082,174087472.37
2025-12-10,STK0018,55.1636,55.6562,54.0033,54.4899,3094083,168596148.7
2025-12-11,STK0018,54.7122,55.1481,52.9768,53.4022,3118422,166530741.88
2025-12-12,STK0018,53.3694,56.1093,52.0603,54.7659,4647484,254523770.55
2025-12-15,STK0018,54.9429,56.8519,54.1542,56.0474,1879358,105333115.09
2025-12-16,STK0018,56.0428,56.8794,54.7402,55.5698,2410517,133951885.42
2025-12-17,STK0018,55.5006,55.9914,55.3796,55.8696,4845793,270732616.79
2025-12-18,STK0018,55.6421,56.9596,55.2981,56.6096,1449465,82053607.28
2025-12-19,STK0018,56.2055,56.7789,55.6055,56.1787,2761330,155127878.02
2025-12-22,STK0018,56.6535,58.0255,53.7318,55.0653,4425289,243679937.7
2025-12-23,STK0018,55.5856,55.9208,52.4518,52.77,4526166,238845778.14
2025-12-24,STK0018,52.4421,52.9129,51.3495,51.8146,3760422,194844624.63
2025-12-25,STK0018,51.4725,54.4062,50.1973,53.091,3827747,203218730.06
2025-12-26,STK0018,52.9803,55.6708,52.2881,54.9528,2084209,114533047.37
2025-12-29,STK0018,55.0651,55.5785,54.0402,54.5488,4852309,264687667.43
2025-12-30,STK0018,54.4893,55.3933,52.8358,53.7272,1992301,107040742.36
2025-12-31,STK0018,53.8885,54.7627,53.1656,54.0378,2053757,110980461.53
2026-01-01,STK0018,54.0218,56.3673,52.7241,55.045,3544446,195104182.42
2026-01-02,STK0018,55.0072,55.813,54.7919,55.5954,2628651,146140978.43
2026-01-05,STK0018,56.4062,57.5446,51.7536,52.8196,3403641,179778962.46
2026-01-06,STK0018,52.6534,56.4774,52.2101,56.0059,3725012,208622690.44
2026-01-07,STK0018,56.5597,58.4502,55.3972,57.273,5878342,336670465.18
2026-01-08,STK0018,57.7724,59.0144,56.3508,57.5889,3718141,214123466.06
2026-01-09,STK0018,57.7633,59.0071,55.9487,57.18,2645373,151262302.86
2026-01-12,STK0018,56.5229,59.6509,55.2832,58.3706,4160647,242859552.02
2026-01-13,STK0018,58.3815,60.5691,57.3005,59.4679,2509988,149263746.53
2026-01-14,STK0018,59.2845,59.5973,58.8533,59.1654,4559609,269771223.06
2026-01-15,STK0018,59.1726,59.646,58.9836,59.4561,3386530,201349781.17
2026-01-16,STK0018,59.0781,59.6593,58.4512,59.0319,3772580,222702680.21
2026-01-19,STK0018,59.3004,60.1482,58.5066,59.3537,1795041,106542290.4
2026-01-20,STK0018,59.7055,60.2405,59.1256,59.6601,1560651,93108629.34
2026-01-21,STK0018,60.0804,61.4547,58.9346,60.3046,2025624,122154527.9
2026-01-22,STK0018,60.1665,61.703,59.0464,60.5754,6423492,389105351.01
2026-01-23,STK0018,60.1915,63.0869,58.7256,61.587,2391324,147274431.42
2026-01-26,STK0018,61.7171,62.4091,58.8354,59.5026,4615943,274660520.32
2026-01-27,STK0018,60.1328,61.3398,57.6247,58.805,2859041,168125836.15
2026-01-28,STK0018,58.8295,60.304,57.7089,59.1768,3327255,196896438.51
2026-01-29,STK0018,59.3377,60.8057,57.7059,59.1698,3517914,208154307.04
2026-01-30,STK0018,59.0865,61.044,57.917,59.8592,6362963,380882074.22
2026-02-02,STK0018,59.6787,61.9828,59.1701,61.459,4535296,278734701.16
2026-02-03,STK0018,61.7022,61.8473,60.8136,60.9569,4197860,255888608.17
2026-02-04,STK0018,60.9181,62.3965,56.8298,58.2432,5850137,340730616.7
2026-02-05,STK0018,58.3844,59.4627,56.8632,57.9332,3000739,173842523.51
2026-02-06,STK0018,58.1099,59.3122,56.5432,57.7378,5430012,313517060.89
2026-02-09,STK0018,57.8583,59.0297,56.4987,57.6662,5138709,296329568.37
2026-02-10,STK0018,57.8595,59.1601,56.7646,58.0614,5254580,305088280.86
2026-02-11,STK0018,57.765,59.6735,56.6511,58.5446,3675479,215179315.27
2026-02-12,STK0018,58.2244,60.1979,56.8632,58.8228,3365331,197958221.68
2026-02-13,STK0018,58.8078,60.1618,56.3374,57.6651,2962878,170854671.88
2026-02-16,STK0018,57.6587,58.2769,56.5751,57.1883,3015436,172447615.77
2026-02-17,STK0018,57.0093,57.164,56.0708,56.2233,2856508,160602351.69
2026-02-18,STK0018,56.3047,56.4674,55.2314,55.3914,4597334,254652866.53
2026-02-19,STK0018,55.6941,56.6372,55.0106,55.9506,3740465,209281184.82
2026-02-20,STK0018,56.3507,57.5707,55.1558,56.3753,4775610,269226407.19
2026-02-23,STK0018,56.855,59.1294,55.6329,57.8852,4815575,278750428.24
2026-02-24,STK0018,57.4303,58.2193,56.7813,57.5687,2817951,162225763.55
2026-02-25,STK0018,57.1684,60.0844,56.6575,59.5522,2742998,163351518.77
2026-02-26,STK0018,59.4488,60.9495,58.6372,60.1287,3711350,223158465.25
2026-02-27,STK0018,60.1576,61.4299,58.5802,59.8459,3035620,181669286.28
2026-03-02,STK0018,59.7603,61.1766,58.7659,60.1754,2887522,173757654.15
2026-03-03,STK0018,59.9762,60.289,58.9088,59.2176,7081507,419349878.41
2026-03-04,STK0018,59.1095,59.7202,57.2091,57.8063,2209842,127742820.23
2026-03-05,STK0018,57.9742,58.8307,56.082,56.923,7540356,429219984.14
2026-03-06,STK0018,56.4707,58.8658,55.6587,58.0313,4158023,241295438.51
2026-03-09,STK0018,58.853,60.095,56.6058,57.8262,5335227,308516132.06
2026-03-10,STK0018,57.8335,59.4155,56.4779,58.0547,5037711,292462760.85
2026-03-11,STK0018,58.4219,58.6737,57.1007,57.3479,4651497,266753682.8
2026-03-12,STK0018,57.1487,57.558,54.9484,55.3447,6617524,366245095.17
2026-03-13,STK0018,55.5358,57.4294,54.9238,56.8035,2560144,145425129.19
2026-03-16,STK0018,56.8376,57.3388,55.8996,56.3968,3534043,199308790.13
2026-03-17,STK0018,56.6875,57.3332,55.513,56.1526,2756059,154759843.1
2026-03-18,STK0018,56.0857,56.2504,55.1932,55.3558,2048902,113418516.1
2026-03-19,STK0018,55.8735,56.4236,55.6769,56.2258,3058396,171960663.93
2026-03-20,STK0018,55.7247,57.9156,54.5387,56.7087,7339971,416240241.59
2026-03-23,STK0018,57.0327,57.2813,55.581,55.8244,3598900,200906449.88
2026-03-24,STK0018,55.8642,58.8114,54.6936,57.6044,7746899,446255417.37
2026-03-25,STK0018,57.2535,58.0679,56.7354,57.5471,7914254,455442075.91
2026-03-26,STK0018,58.225,58.7556,56.393,56.9116,10622854,604563518.17
2026-03-27,STK0018,57.5464,57.7948,56.5025,56.7475,7189475,407984392.8
2026-03-30,STK0018,56.0457,56.5737,55.9165,56.4436,8520148,480907816.73
2026-03-31,STK0018,56.5035,57.0782,54.6652,55.2269,4161044,229801608.86
2026-04-01,STK0018,55.4612,57.0817,54.2847,55.8959,4008454,224056301.89
2026-04-02,STK0018,56.0443,57.392,54.7463,56.0929,4159297,233307116.97
2026-04-03,STK0018,56.6053,57.1006,56.4119,56.9062,3706466,210920733.71
2026-04-06,STK0018,57.3544,57.9417,57.1989,57.7851,3900513,225391376.42
2026-04-07,STK0018,57.8771,58.7917,57.5499,58.4612,4708089,275240683.62
2026-04-08,STK0018,59.2654,60.4285,54.8574,55.9555,3088831,172837001.93
2026-04-09,STK0018,56.2709,56.6486,54.2904,54.6573,2252640,123123207.18
2026-04-10,STK0018,54.5422,56.232,54.1435,55.824,4193230,234082703.87
2026-04-13,STK0018,55.6393,56.8881,53.9403,55.1789,2847792,157137887.98
2026-04-14,STK0018,55.592,56.8219,54.2949,55.5233,2944390,163482224.77
2026-04-15,STK0018,55.2598,56.2222,53.1141,54.0556,3377064,182549223.09
2026-04-16,STK0018,53.9229,54.9136,53.6116,54.5984,3105047,169530615.16
2026-04-17,STK0018,54.52,56.4549,53.933,55.8536,5333569,297898949.23
2026-04-20,STK0018,55.9729,56.778,55.5569,56.3591,3395106,191345151.27
2026-04-21,STK0018,56.2937,57.2762,53.809,54.7648,5292883,289863444.97
2026-04-22,STK0018,54.3337,56.6126,53.2504,55.5059,3751340,208221619.72
2026-04-23,STK0018,55.8943,57.693,55.5998,57.3906,3303089,189566274.8
2026-04-24,STK0018,57.2515,61.697,55.9546,60.3303,3531715,213069412.7
2025-07-21,STK0019,60.6523,61.7239,60.1075,61.1744,3471812,212386053.11
2025-07-22,STK0019,61.0885,62.2219,59.0901,60.2072,5069171,305200514.14
2025-07-23,STK0019,59.8503,61.4397,59.1139,60.693,6385672,387565329.89
2025-07-24,STK0019,60.61,61.1307,59.4633,59.9786,1987853,119228732.97
2025-07-25,STK0019,60.1951,61.48,58.9052,60.19,4432529,266793883.51
2025-07-28,STK0019,60.3978,61.3195,58.0717,58.9716,3553015,209526954.77
2025-07-29,STK0019,58.7382,59.2386,58.0847,58.5838,2122953,124370692.66
2025-07-30,STK0019,58.1273,58.6828,57.3721,57.9257,2635535,152665248.42
2025-07-31,STK0019,57.726,59.5092,56.8515,58.6212,3417051,200311552.51
2025-08-01,STK0019,58.8522,59.5766,58.1621,58.886,4197685,247184803.88
2025-08-04,STK0019,59.201,59.538,56.1143,56.4355,5800416,327349552.52
2025-08-05,STK0019,56.5552,57.8405,55.648,56.9274,4607110,262270722.55
2025-08-06,STK0019,57.3392,58.3627,54.1828,55.1676,5661903,312353359.17
2025-08-07,STK0019,55.7429,55.8545,55.0555,55.1659,4089102,225579080.62
2025-08-08,STK0019,55.0062,55.978,54.217,55.1862,3116817,172005151.8
2025-08-11,STK0019,55.6806,56.5311,53.7129,54.5461,3784177,206412084.94
2025-08-12,STK0019,54.4609,55.6675,53.936,55.1362,5251245,289533522.27
2025-08-13,STK0019,55.4746,56.0704,54.9314,55.5267,5741810,318823977.67
2025-08-14,STK0019,55.7633,56.2823,54.504,55.016,3711063,204167689.18
2025-08-15,STK0019,54.3672,55.0328,53.5204,54.1837,2866028,155292018.32
2025-08-18,STK0019,53.8705,55.1884,52.7567,54.0705,4568316,247011138.09
2025-08-19,STK0019,53.6757,54.3621,51.6934,52.363,4650711,243525146.67
2025-08-20,STK0019,51.8061,53.5613,50.5185,52.2624,6131319,320437577.22
2025-08-21,STK0019,52.5389,54.0478,51.9793,53.4782,3218642,172127116.24
2025-08-22,STK0019,54.1461,55.1252,50.9612,51.8997,3189490,165533716.61
2025-08-25,STK0019,51.8196,52.5775,50.7063,51.4589,5375983,276642390.4
2025-08-26,STK0019,51.7233,52.7336,50.0531,51.0502,3568030,182148733.17
2025-08-27,STK0019,51.507,54.2073,50.3516,53.018,3532287,187274648.16
2025-08-28,STK0019,53.0843,53.8152,51.8878,52.6122,6343911,333766952.45
2025-08-29,STK0019,52.6042,53.3077,51.5705,52.2695,2569496,134306332.72
2025-09-01,STK0019,52.1925,53.4286,50.6961,51.9259,8634361,448346723.95
2025-09-02,STK0019,52.0936,53.3165,50.5777,51.7935,3481721,180330531.32
2025-09-03,STK0019,52.066,53.3641,50.5797,51.873,5970994,309733219.08
2025-09-04,STK0019,52.0169,52.3081,50.51,50.7944,4243300,215535949.64
2025-09-05,STK0019,50.9249,51.9786,50.8188,51.8706,5078539,263426972.5
2025-09-08,STK0019,51.8547,53.0769,51.2294,52.4445,4298789,225447918.81
2025-09-09,STK0019,51.9457,54.2035,50.9656,53.1998,6412302,341133136.42
2025-09-10,STK0019,53.4871,53.6837,52.4178,52.6112,4144971,218071969.78
2025-09-11,STK0019,52.2073,53.1286,51.6542,52.5717,3743337,196793650.32
2025-09-12,STK0019,52.7675,53.5787,51.7393,52.5472,8444395,443728957.96
2025-09-15,STK0019,52.786,54.5281,52.4223,54.1551,4459837,241522768.77
2025-09-16,STK0019,53.7858,55.4419,52.7737,54.4179,3557273,193579471.87
2025-09-17,STK0019,54.2199,54.6145,53.8032,54.1977,2694449,146032983.92
2025-09-18,STK0019,54.892,56.0631,52.6561,53.804,8641238,464933542.81
2025-09-19,STK0019,53.7784,54.3167,52.7885,53.3223,3700180,197302040.11
2025-09-22,STK0019,52.9333,54.4433,52.0986,53.5981,9201189,493166369.87
2025-09-23,STK0019,53.8563,55.4409,53.0745,54.6477,5203279,284347198.49
2025-09-24,STK0019,54.3949,54.8746,53.5511,54.0275,4695093,253664300.52
2025-09-25,STK0019,53.4085,54.9998,52.7624,54.3424,4764529,258915709.1
2025-09-26,STK0019,54.5121,55.6933,53.3424,54.5234,9794662,534037794.48
2025-09-29,STK0019,54.2243,55.7497,53.432,54.9468,2067303,113591736.21
2025-09-30,STK0019,55.0528,55.2333,53.2823,53.4576,4915342,262762238.86
2025-10-01,STK0019,53.1975,54.1764,51.157,52.1159,4137480,215628528.65
2025-10-02,STK0019,52.3375,52.6618,50.4231,50.7375,4151353,210629108.4
2025-10-03,STK0019,50.7934,51.4628,49.9439,50.6109,4773450,241588799.08
2025-10-06,STK0019,49.8308,50.4674,48.9614,49.595,4130666,204860579.21
2025-10-07,STK0019,49.7089,50.3645,48.4105,49.0576,4872464,239031268.9
2025-10-08,STK0019,48.9724,49.1052,48.2798,48.4111,4444786,215177118.46
2025-10-09,STK0019,48.8244,49.2279,47.4087,47.8038,2864588,136938161.77
2025-10-10,STK0019,47.9173,48.069,46.9413,47.0904,5356092,252220603.7
2025-10-13,STK0019,47.3045,47.8506,46.7132,47.2588,5908742,279240050.3
2025-10-14,STK0019,47.0578,48.3331,46.2911,47.5583,3824409,181882473.38
2025-10-15,STK0019,47.3334,48.527,46.5267,47.7137,8785574,419192542.93
2025-10-16,STK0019,47.7064,47.8726,47.4317,47.5976,7592354,361377715.7
2025-10-17,STK0019,47.4947,47.7196,45.8363,46.0543,6512148,299912504.79
2025-10-20,STK0019,46.4255,47.2247,45.0783,45.8679,6512054,298693937.72
2025-10-21,STK0019,45.8257,46.4772,44.4939,45.1356,4828972,217958351.62
2025-10-22,STK0019,44.8051,46.156,43.8566,45.1992,7020181,317306408.92
2025-10-23,STK0019,44.9753,46.2237,44.6731,45.9152,8250444,378820972.49
2025-10-24,STK0019,46.1819,46.402,45.8961,46.116,6189621,285440284.24
2025-10-27,STK0019,46.0697,47.2967,45.594,46.8132,3745292,175329272.77
2025-10-28,STK0019,46.7513,47.5298,45.2515,46.0178,4510206,207549967.9
2025-10-29,STK0019,46.3115,46.9218,44.6616,45.2579,5601402,253507846.19
2025-10-30,STK0019,45.0102,46.4234,44.8181,46.2261,6178921,285627350.73
2025-10-31,STK0019,45.6103,46.5539,45.4443,46.3851,4455873,206685954.23
2025-11-03,STK0019,46.1483,47.1608,45.3367,46.3458,3806687,176423803.46
2025-11-04,STK0019,46.4131,48.198,46.0033,47.7762,7977998,381158178.14
2025-11-05,STK0019,47.7047,49.1417,46.8747,48.3014,3178161,153509573.86
2025-11-06,STK0019,47.8513,48.7156,47.431,48.2915,3337962,161195082.23
2025-11-07,STK0019,48.5868,49.0357,47.1561,47.5959,2942741,140062431.89
2025-11-10,STK0019,47.6426,49.1894,47.3174,48.8559,3425760,167368742.51
2025-11-11,STK0019,48.9701,50.176,47.6306,48.8332,7325101,357707968.04
2025-11-12,STK0019,48.9563,49.0723,48.6187,48.7342,7338332,357627667.89
2025-11-13,STK0019,48.356,49.4465,48.1177,49.204,4453001,219105643.16
2025-11-14,STK0019,49.2935,50.6816,48.2468,49.6277,5274686,261770699.92
2025-11-17,STK0019,49.8987,50.5033,49.6403,50.2431,4405673,221354712.99
2025-11-18,STK0019,50.588,51.3221,50.1603,50.8918,2908870,148037649.53
2025-11-19,STK0019,51.1125,51.7038,50.7014,51.2912,9440443,484211804.0
2025-11-20,STK0019,51.4494,52.8664,50.5217,51.9301,6936227,360198631.97
2025-11-21,STK0019,51.3915,51.9803,50.7747,51.3632,4965418,255039567.48
2025-11-24,STK0019,51.3586,54.384,50.2629,53.2481,3293750,175385782.4
2025-11-25,STK0019,52.9433,53.9593,51.0309,52.0294,4030688,209714219.56
2025-11-26,STK0019,52.4312,53.1765,51.4311,52.1727,3399676,177370386.55
2025-11-27,STK0019,52.5278,52.9337,50.4964,50.8897,4509890,229506789.37
2025-11-28,STK0019,50.6003,51.6237,49.2723,50.2894,4812398,242012726.46
2025-12-01,STK0019,50.2756,51.3775,48.2615,49.343,3785576,186791796.9
2025-12-02,STK0019,49.4167,50.466,48.0277,49.0697,2550970,125175347.14
2025-12-03,STK0019,49.3356,49.493,48.9146,49.0711,9098402,446468428.08
2025-12-04,STK0019,48.5802,49.4572,47.454,48.3265,4771847,230606552.88
2025-12-05,STK0019,47.69,48.9051,46.8225,48.0314,5095586,244748171.99
2025-12-08,STK0019,48.0424,50.2896,46.9042,49.1258,3772102,185307425.96
2025-12-09,STK0019,48.3853,48.7752,47.9316,48.3211,2531155,122308139.05
2025-12-10,STK0019,48.3671,49.3386,46.5149,47.4684,4183302,198574522.98
2025-12-11,STK0019,47.6373,49.2603,46.787,48.3964,3829262,185322665.94
2025-12-12,STK0019,48.7567,49.8396,47.1156,48.1858,5393386,259884851.32
2025-12-15,STK0019,48.0062,49.1074,47.1447,48.2417,5879133,283619297.2
2025-12-16,STK0019,48.2884,49.9064,47.245,48.8509,5727789,279807817.71
2025-12-17,STK0019,49.0423,49.5459,47.552,48.0455,6155254,295732144.07
2025-12-18,STK0019,47.7077,48.0802,47.4394,47.8113,8108862,387694987.32
2025-12-19,STK0019,48.0746,48.5725,46.2913,46.7757,5022569,234934399.58
2025-12-22,STK0019,46.8528,47.8248,45.6159,46.5823,6556528,305418080.84
2025-12-23,STK0019,46.4134,48.0065,46.18,47.7664,5216729,249184273.01
2025-12-24,STK0019,47.8069,48.604,45.3807,46.1502,2251927,103926853.68
2025-12-25,STK0019,46.1116,47.2512,43.6705,44.7771,4144709,185587928.45
2025-12-26,STK0019,44.9871,46.0032,42.7046,43.6914,3192020,139463679.05
2025-12-29,STK0019,43.597,45.433,42.8368,44.6543,4716865,210628506.69
2025-12-30,STK0019,44.7152,45.6198,43.3114,44.2057,3263467,144263811.92
2025-12-31,STK0019,44.0413,44.2474,43.7298,43.9354,5277899,231886549.55
2026-01-01,STK0019,43.6889,44.2775,42.476,43.0561,6009728,258755562.69
2026-01-02,STK0019,43.1005,43.7139,42.1691,42.778,6353038,271770138.25
2026-01-05,STK0019,42.5484,44.0423,41.6974,43.1786,7124777,307638230.11
2026-01-06,STK0019,43.3866,43.773,43.0178,43.4041,2279605,98944100.44
2026-01-07,STK0019,43.5586,43.7524,43.1654,43.3584,2664073,115509824.42
2026-01-08,STK0019,43.1598,43.9391,41.7025,42.4693,11661169,495241810.73
2026-01-09,STK0019,42.5238,43.0906,41.8416,42.4069,6137638,260277906.87
2026-01-12,STK0019,42.2115,43.5008,41.3093,42.5905,4627729,197097243.85
2026-01-13,STK0019,42.1825,42.734,41.6236,42.175,4480830,188979093.31
2026-01-14,STK0019,42.0242,43.2772,41.1221,42.3678,4405077,186633552.7
2026-01-15,STK0019,42.355,43.4601,41.7756,42.8736,2261815,96972153.26
2026-01-16,STK0019,43.0079,43.8682,41.3809,42.2255,3267210,137959545.38
2026-01-19,STK0019,42.2634,43.4613,41.4782,42.6687,4159634,177485974.45
2026-01-20,STK0019,42.9017,43.25,41.8892,42.2321,3368583,142262234.78
2026-01-21,STK0019,41.9842,43.6491,41.6014,43.2548,3549178,153518940.24
2026-01-22,STK0019,43.1571,45.8095,42.1783,44.7935,10629543,476134617.99
2026-01-23,STK0019,45.2376,45.5685,43.2149,43.5333,3907293,170097329.9
2026-01-26,STK0019,43.0318,44.6578,42.2554,43.8664,4673274,204999474.36
2026-01-27,STK0019,43.7476,45.2131,43.514,44.9731,4664614,209781974.5
2026-01-28,STK0019,44.6849,45.5503,43.5314,44.3912,5238906,232561076.42
2026-01-29,STK0019,44.3391,44.7424,44.0228,44.4254,3587109,159358643.2
2026-01-30,STK0019,44.3097,45.386,43.6157,44.6861,6411211,286491748.74
2026-02-02,STK0019,44.8478,45.5195,44.0,44.669,4846319,216480168.44
2026-02-03,STK0019,44.7375,45.0364,43.8197,44.1144,2600714,114728876.2
2026-02-04,STK0019,43.7701,44.3524,42.8268,43.4042,3984633,172949804.9
2026-02-05,STK0019,43.2513,45.0955,42.2901,44.1151,3852831,169968165.54
2026-02-06,STK0019,44.1151,44.8938,41.671,42.4198,3774495,160113510.95
2026-02-09,STK0019,42.6085,43.6665,40.5352,41.5673,5029589,209066602.3
2026-02-10,STK0019,42.1786,43.024,41.0676,41.9076,5231194,219227027.68
2026-02-11,STK0019,42.0847,42.9866,41.3777,42.2764,4986358,210805080.72
2026-02-12,STK0019,42.0203,42.6487,41.0943,41.7181,4726958,197199813.78
2026-02-13,STK0019,41.6946,43.1561,40.7123,42.1627,4211655,177574717.7
2026-02-16,STK0019,42.2085,43.735,41.6125,43.126,1961525,84592761.28
2026-02-17,STK0019,42.9918,43.476,42.3333,42.8155,5550101,237630104.72
2026-02-18,STK0019,42.9364,43.8464,40.744,41.6262,5054831,210413455.7
2026-02-19,STK0019,41.0628,43.1486,40.0926,42.1527,2869385,120952328.19
2026-02-20,STK0019,42.2928,44.0161,41.7424,43.4506,4450768,193388536.92
2026-02-23,STK0019,43.3266,43.55,42.9617,43.1844,4965720,214441534.11
2026-02-24,STK0019,43.156,43.9223,42.4658,43.2309,6065264,262207120.51
2026-02-25,STK0019,43.6128,45.165,42.7824,44.3211,4889233,216696262.75
2026-02-26,STK0019,43.9869,44.7379,43.5209,44.2689,4603472,203790650.32
2026-02-27,STK0019,44.3414,45.1928,41.7725,42.5903,5626985,239654928.58
2026-03-02,STK0019,42.7937,43.4019,42.0708,42.6774,3711102,158380154.77
2026-03-03,STK0019,42.721,43.1026,41.3686,41.7414,4753518,198418625.56
2026-03-04,STK0019,41.3391,42.0203,40.6048,41.2851,3402039,140453655.77
2026-03-05,STK0019,41.621,42.0766,39.3811,39.8169,6261058,249296201.99
2026-03-06,STK0019,39.7665,41.682,38.9673,40.8608,2435004,99496168.91
2026-03-09,STK0019,40.7317,40.816,39.9446,40.0275,5653647,226301114.13
2026-03-10,STK0019,39.953,41.3122,39.1212,40.4697,4365555,176672557.1
2026-03-11,STK0019,40.377,41.3397,40.0115,40.9689,6138370,251482009.13
2026-03-12,STK0019,40.6773,42.0235,39.6982,41.0357,3404597,139710177.88
2026-03-13,STK0019,41.0764,42.0324,40.277,41.2301,4629618,190879480.38
2026-03-16,STK0019,41.0826,41.6538,40.7727,41.3419,4579066,189307157.54
2026-03-17,STK0019,41.5086,42.5538,40.4911,41.5356,5264893,218680724.62
2026-03-18,STK0019,41.6648,42.2269,40.2974,40.8485,3203337,130851381.65
2026-03-19,STK0019,41.2488,41.8275,39.3704,39.9306,5863613,234137368.77
2026-03-20,STK0019,39.8799,40.7939,38.6415,39.5479,2464776,97476645.94
2026-03-23,STK0019,39.3577,40.3954,38.4477,39.4824,3620315,142938862.45
2026-03-24,STK0019,39.1358,40.8607,38.4302,40.1371,2679167,107533947.23
2026-03-25,STK0019,40.6688,41.9669,39.6722,40.9631,6054234,248000482.93
2026-03-26,STK0019,41.1262,41.5675,40.7329,41.1737,5214545,214702303.93
2026-03-27,STK0019,41.003,41.3042,40.3302,40.6286,5308361,215671223.41
2026-03-30,STK0019,41.0434,41.1531,39.2393,39.3445,7418815,291889236.36
2026-03-31,STK0019,39.6659,40.0612,38.4509,38.838,3988483,154904644.45
2026-04-01,STK0019,38.5244,39.1354,37.2058,37.8054,5695409,215317170.11
2026-04-02,STK0019,37.6349,37.9745,37.1972,37.5359,4686678,175918795.8
2026-04-03,STK0019,37.5061,38.3581,36.9311,37.7789,4494805,169808681.1
2026-04-06,STK0019,37.5371,38.2768,37.4202,38.158,7581863,289309024.27
2026-04-07,STK0019,38.1359,39.8831,37.7491,39.4826,10074796,397779117.28
2026-04-08,STK0019,39.6516,40.4131,38.7733,39.5325,4139989,163664097.15
2026-04-09,STK0019,39.2081,40.7566,39.0356,40.5781,6469271,262510551.34
2026-04-10,STK0019,40.6495,42.2458,39.8998,41.4808,5442096,225742593.08
2026-04-13,STK0019,41.7727,43.5405,40.9557,42.7053,5583802,238458064.44
2026-04-14,STK0019,42.808,43.4536,41.7314,42.3704,5521798,233960811.01
2026-04-15,STK0019,42.3512,43.299,40.5238,41.4514,4323502,179215364.11
2026-04-16,STK0019,41.2856,42.4426,40.2966,41.4497,1367599,56686559.56
2026-04-17,STK0019,41.6568,41.7734,41.0467,41.1618,8198349,337458843.61
2026-04-20,STK0019,40.8722,41.5923,39.7613,40.4744,3700115,149760111.39
2026-04-21,STK0019,40.5335,40.8356,39.5867,39.8841,4101997,163604324.45
2026-04-22,STK0019,39.8902,40.5344,39.4359,40.078,4087903,163835019.94
2026-04-23,STK0019,40.3496,41.0086,38.7006,39.3432,3355998,132035553.02
2026-04-24,STK0019,39.2058,39.9265,37.5189,38.2215,4764941,182123261.25
2025-07-21,STK0020,39.2178,40.1763,37.7379,38.6833,5115957,197901950.84
2025-07-22,STK0020,38.6836,40.0379,38.0124,39.355,3504328,137912968.17
2025-07-23,STK0020,39.2399,40.6136,38.2731,39.637,1885459,74733927.3
2025-07-24,STK0020,39.6095,40.4376,38.4935,39.3154,1749447,68780255.95
2025-07-25,STK0020,39.0833,39.2014,37.8628,37.9775,2445600,92877731.56
2025-07-28,STK0020,37.9625,38.0417,37.3976,37.4759,3612400,135377865.72
2025-07-29,STK0020,37.4749,38.3822,37.382,38.2873,3228055,123593553.28
2025-07-30,STK0020,38.6773,39.1567,37.1823,37.6489,5944612,223808344.53
2025-07-31,STK0020,37.7832,38.6876,37.1659,38.0657,3181168,121093378.0
2025-08-01,STK0020,38.6091,39.1139,37.4048,37.9003,2468912,93572438.85
2025-08-04,STK0020,37.4124,40.2591,36.7549,39.5638,1834975,72598551.92
2025-08-05,STK0020,39.2759,40.5896,38.7912,40.0948,4171622,167260225.43
2025-08-06,STK0020,40.0094,40.1286,39.512,39.6301,2777983,110091722.5
2025-08-07,STK0020,39.9866,40.812,39.6986,40.5202,1663457,67403573.5
2025-08-08,STK0020,40.4935,42.2727,39.4881,41.2485,2874177,118555550.21
2025-08-11,STK0020,40.8868,41.2939,40.3003,40.7055,2059661,83839632.66
2025-08-12,STK0020,40.6457,41.0306,39.6109,39.9896,2512652,100479860.37
2025-08-13,STK0020,39.7032,40.3224,39.4843,40.1012,2945950,118136275.49
2025-08-14,STK0020,39.7673,41.4308,38.7849,40.432,2117855,85629082.19
2025-08-15,STK0020,40.9198,41.2185,39.0572,39.3445,2415909,95052621.64
2025-08-18,STK0020,39.2615,40.1524,38.5989,39.486,2267719,89543057.44
2025-08-19,STK0020,39.527,39.6443,38.7355,38.8507,2261398,87856967.35
2025-08-20,STK0020,38.8291,38.9661,38.0382,38.1729,2062352,78725914.04
2025-08-21,STK0020,38.1153,38.8199,37.2022,37.9028,2498405,94696629.74
2025-08-22,STK0020,37.7121,39.3208,37.0858,38.6784,2201415,85147204.45
2025-08-25,STK0020,38.6064,40.1353,37.9252,39.4395,3606278,142229658.67
2025-08-26,STK0020,39.5193,40.5907,39.2304,40.2961,3193188,128672995.04
2025-08-27,STK0020,40.6405,41.6424,39.6195,40.6209,4517775,183515887.52
2025-08-28,STK0020,40.8524,41.816,40.2461,41.2044,5704281,235041575.24
2025-08-29,STK0020,40.9041,42.4364,39.9102,41.4297,3721669,154187582.08
2025-09-01,STK0020,41.6761,41.9169,41.057,41.2955,3490397,144137813.81
2025-09-02,STK0020,41.4135,41.8822,40.061,40.5195,3906910,158306195.2
2025-09-03,STK0020,40.3679,40.7604,39.5519,39.9401,3543149,141513843.68
2025-09-04,STK0020,39.9838,41.5139,39.2094,40.7252,3010761,122613789.62
2025-09-05,STK0020,40.8653,42.5347,40.0809,41.7336,2881557,120257860.76
2025-09-08,STK0020,41.7454,42.2961,40.7543,41.2991,2059176,85042014.11
2025-09-09,STK0020,41.4182,41.5164,41.222,41.32,3874227,160083102.89
2025-09-10,STK0020,41.1066,41.3545,40.532,40.7779,2851938,116296063.03
2025-09-11,STK0020,41.2684,41.3987,40.2998,40.4274,4985331,201544003.64
2025-09-12,STK0020,39.9621,41.1184,39.1037,40.2537,4163513,167596822.98
2025-09-15,STK0020,40.3935,41.8955,40.0435,41.5356,2454964,101968301.61
2025-09-16,STK0020,41.6271,41.9064,41.4309,41.7099,4653509,194097274.71
2025-09-17,STK0020,41.8711,42.2959,41.256,41.6788,1205157,50229531.98
2025-09-18,STK0020,41.5021,42.0968,41.3453,41.9383,5873123,246309016.35
2025-09-19,STK0020,42.2336,43.2689,40.2124,41.223,1862866,76792858.15
2025-09-22,STK0020,41.1963,41.7718,40.8154,41.3891,3601916,149080090.31
2025-09-23,STK0020,41.0956,43.482,40.1315,42.4852,3525137,149766280.18
2025-09-24,STK0020,42.2071,44.4924,41.4599,43.7185,4744424,207418943.06
2025-09-25,STK0020,43.7512,44.4084,42.4163,43.0631,2833578,122022779.46
2025-09-26,STK0020,42.6526,43.2044,41.3981,41.9406,1509064,63291113.25
2025-09-29,STK0020,42.3962,43.1512,41.3472,42.097,2817805,118621086.39
2025-09-30,STK0020,42.3628,43.9374,41.6094,43.1697,2976605,128499026.99
2025-10-01,STK0020,43.6454,43.7433,42.8939,42.9902,1581511,67989545.49
2025-10-02,STK0020,43.4366,44.4304,42.4387,43.4324,3249692,141141849.03
2025-10-03,STK0020,43.3408,43.7943,41.8063,42.2483,2187748,92428692.43
2025-10-06,STK0020,42.0285,42.4541,41.2091,41.6306,4090544,170291800.14
2025-10-07,STK0020,40.9671,41.4321,39.4965,39.95,3051539,121909105.3
2025-10-08,STK0020,39.8528,41.0346,39.1449,40.3185,6478191,261190668.33
2025-10-09,STK0020,40.7479,41.1818,38.1297,38.5401,2965086,114274706.25
2025-10-10,STK0020,38.3491,40.2046,37.9427,39.783,3880742,154387391.56
2025-10-13,STK0020,39.7329,40.5498,39.5954,40.41,3095058,125071214.29
2025-10-14,STK0020,40.2757,40.8945,39.8092,40.4263,1897409,76705144.09
2025-10-15,STK0020,40.5173,40.7377,39.1909,39.4052,3170494,124933902.64
2025-10-16,STK0020,39.7104,40.7299,38.8496,39.8657,4352495,173515046.15
2025-10-17,STK0020,39.4992,41.8641,39.1163,41.4622,4076161,169006581.29
2025-10-20,STK0020,41.1283,43.1027,40.1371,42.0883,2969697,124989584.14
2025-10-21,STK0020,42.4654,43.661,41.7119,42.8998,2015381,86459387.56
2025-10-22,STK0020,43.0889,43.9244,41.5732,42.3953,4276051,181284630.77
2025-10-23,STK0020,42.3294,43.3368,41.0252,42.0253,4001168,168150288.25
2025-10-24,STK0020,42.458,42.7762,41.6138,41.9281,4638414,194479873.11
2025-10-27,STK0020,41.5861,42.2119,39.5218,40.1256,3195306,128213487.0
2025-10-28,STK0020,40.3504,41.5758,40.2319,41.454,1948970,80792693.45
2025-10-29,STK0020,41.4371,41.616,41.1084,41.2866,4279422,176682868.35
2025-10-30,STK0020,41.4371,42.5507,41.0049,42.1115,3592982,151305728.07
2025-10-31,STK0020,41.5126,42.5656,40.7779,41.8254,6026848,252075106.82
2025-11-03,STK0020,41.76,42.6423,40.0455,40.9099,3742847,153119591.29
2025-11-04,STK0020,41.0912,42.1854,40.7667,41.8549,3632559,152040313.26
2025-11-05,STK0020,41.839,42.6435,40.2927,41.0827,4361500,179182143.78
2025-11-06,STK0020,41.3933,41.8525,41.097,41.5551,3126546,129923798.16
2025-11-07,STK0020,41.8608,41.9504,41.7174,41.8068,3053861,127672239.29
2025-11-10,STK0020,41.5671,42.1616,41.4319,42.025,3643210,153105825.36
2025-11-11,STK0020,42.2333,42.8865,40.6072,41.2451,2786460,114927948.36
2025-11-12,STK0020,41.0002,41.5893,40.4494,41.038,3468093,142323498.69
2025-11-13,STK0020,41.0513,41.3887,39.9113,40.2421,7233643,291096745.28
2025-11-14,STK0020,40.4008,40.5676,40.3139,40.4806,5271388,213388738.53
2025-11-17,STK0020,40.2782,41.6859,39.6714,41.0673,4082550,167659284.86
2025-11-18,STK0020,41.2617,42.1201,40.071,40.9224,6209598,254111813.84
2025-11-19,STK0020,40.7985,40.9444,40.3814,40.5264,2711829,109900588.1
2025-11-20,STK0020,40.3854,43.0646,39.6206,42.2642,8688394,367207794.42
2025-11-21,STK0020,42.4438,43.1481,40.7544,41.4421,3070844,127262362.93
2025-11-24,STK0020,41.2348,41.7719,39.9984,40.5263,7500445,303965043.53
2025-11-25,STK0020,40.3112,40.5788,40.1858,40.4529,7537329,304906663.69
2025-11-26,STK0020,40.7064,41.6525,39.2196,40.1529,2061376,82770163.79
2025-11-27,STK0020,40.179,41.4776,39.6575,40.9461,6225434,254907173.37
2025-11-28,STK0020,40.5904,41.3732,40.1362,40.9153,3299662,135006622.9
2025-12-01,STK0020,41.1259,42.023,39.6233,40.507,3008074,121847950.77
2025-12-02,STK0020,40.4083,41.3505,39.5416,40.4822,4533686,183533514.3
2025-12-03,STK0020,40.1428,41.3034,39.3911,40.5441,2611677,105888109.71
2025-12-04,STK0020,39.9387,43.1444,39.097,42.2539,4439815,187599317.45
2025-12-05,STK0020,42.4835,42.69,41.9689,42.1739,2630329,110931219.54
2025-12-08,STK0020,41.9569,42.7751,40.7474,41.5578,3848123,159919521.71
2025-12-09,STK0020,41.2488,42.5389,40.8551,42.1367,5788548,243910253.23
2025-12-10,STK0020,42.2987,43.2272,39.2242,40.1046,4122240,165320914.75
2025-12-11,STK0020,40.299,40.7464,39.8752,40.3224,3113058,125525833.73
2025-12-12,STK0020,40.1324,40.9829,40.002,40.8502,4183330,170889848.58
2025-12-15,STK0020,41.0745,41.7237,40.6009,41.248,2056603,84830845.73
2025-12-16,STK0020,41.7598,42.5701,40.3903,41.1896,2526591,104069203.17
2025-12-17,STK0020,41.5237,42.1461,40.9623,41.5838,2941270,122309255.95
2025-12-18,STK0020,41.8821,43.542,41.0627,42.7065,4543611,194041720.68
2025-12-19,STK0020,42.7871,43.3856,42.6668,43.2639,3922449,169700610.57
2025-12-22,STK0020,43.1489,44.0416,42.8868,43.7756,4166533,182392688.85
2025-12-23,STK0020,43.761,44.4158,42.971,43.6237,3458358,150866348.92
2025-12-24,STK0020,43.7392,44.2143,41.2207,41.6734,2650245,110444676.19
2025-12-25,STK0020,41.3601,42.7089,40.6304,41.9684,5864843,246137954.0
2025-12-26,STK0020,41.7751,43.4234,40.7667,42.4,2702481,114585065.72
2025-12-29,STK0020,42.0383,43.0913,41.3162,42.3637,4006604,169734411.17
2025-12-30,STK0020,42.4235,42.9156,41.4469,41.9333,3408603,142933986.14
2025-12-31,STK0020,41.9542,43.3107,41.3469,42.6927,4391428,187482124.47
2026-01-01,STK0020,42.5259,44.0219,41.548,43.0324,2906191,125060368.12
2026-01-02,STK0020,43.2448,44.0006,42.1948,42.9454,5234546,224799601.85
2026-01-05,STK0020,42.6771,43.5508,41.7161,42.588,5770270,245744094.9
2026-01-06,STK0020,42.4121,43.3946,42.0331,43.0103,5094878,219132024.2
2026-01-07,STK0020,43.2122,44.0383,41.4106,42.2178,3758345,158668992.83
2026-01-08,STK0020,42.4537,43.3313,42.2327,43.1069,3085982,133027065.98
2026-01-09,STK0020,42.9016,43.7272,42.0146,42.839,10088931,432199558.32
2026-01-12,STK0020,42.8987,43.8543,41.5,42.4455,2632887,111754108.86
2026-01-13,STK0020,42.2476,44.6168,41.2883,43.6262,5298490,231153232.83
2026-01-14,STK0020,43.5746,43.7786,42.2859,42.4848,4405377,187161469.3
2026-01-15,STK0020,42.5215,43.8808,41.6248,42.9745,3793233,163012420.61
2026-01-16,STK0020,43.1193,43.3145,42.5755,42.7692,4087698,174827458.49
2026-01-19,STK0020,42.8507,43.4079,40.8749,41.4134,3320362,137507332.79
2026-01-20,STK0020,41.4813,42.7633,40.7472,42.0196,4643709,195126886.54
2026-01-21,STK0020,41.7486,43.0344,41.2001,42.4763,4430181,188177836.69
2026-01-22,STK0020,42.5754,43.1437,42.1574,42.7243,10091349,431145340.71
2026-01-23,STK0020,42.8657,43.8042,42.1058,43.0411,5787783,249112715.16
2026-01-26,STK0020,43.2194,44.6523,42.476,43.8973,4765439,209189855.9
2026-01-27,STK0020,43.7082,44.86,43.0348,44.1794,4891333,216096089.9
2026-01-28,STK0020,44.4228,45.6128,43.794,44.9762,7818256,351635698.08
2026-01-29,STK0020,44.6222,46.8257,43.8086,45.9873,2875005,132213605.04
2026-01-30,STK0020,45.8685,47.2712,45.3516,46.7444,3824458,178772111.55
2026-02-02,STK0020,46.6672,46.8344,45.4293,45.5926,2089200,95252064.2
2026-02-03,STK0020,45.2486,46.0985,44.5987,45.4459,4915360,223382813.38
2026-02-04,STK0020,45.3667,46.7146,44.5211,45.8598,5527511,253490461.14
2026-02-05,STK0020,45.9208,46.8696,45.513,46.4571,2836285,131765475.83
2026-02-06,STK0020,45.9509,46.1916,45.0742,45.3115,6409215,290411396.12
2026-02-09,STK0020,45.2044,47.148,44.1659,46.0892,3025931,139462686.59
2026-02-10,STK0020,45.6082,46.6376,44.6109,45.6397,3444884,157223378.4
2026-02-11,STK0020,46.2022,46.9517,43.2115,43.9241,3968188,174299188.44
2026-02-12,STK0020,43.9802,46.0244,43.0965,45.1179,6480333,292378769.06
2026-02-13,STK0020,45.1519,46.2483,43.3488,44.4277,2827501,125619264.24
2026-02-16,STK0020,44.4896,46.5303,43.8181,45.8384,4257339,195149770.56
2026-02-17,STK0020,46.005,46.8021,45.6546,46.4484,5043982,234284696.42
2026-02-18,STK0020,46.7218,47.5017,44.9307,45.6934,4849598,221594676.6
2026-02-19,STK0020,45.2668,46.9799,44.224,45.9221,4988586,229086194.98
2026-02-20,STK0020,46.2845,48.8275,45.4572,47.9701,5410418,259538544.96
2026-02-23,STK0020,48.3301,49.6497,48.2042,49.5208,3353314,166058860.1
2026-02-24,STK0020,49.5011,50.9533,48.3579,49.8032,7217900,359474349.36
2026-02-25,STK0020,49.7677,53.8981,48.8055,52.8757,3881396,205231690.89
2026-02-26,STK0020,51.9005,53.4029,51.317,52.8092,3728358,196891694.24
2026-02-27,STK0020,52.4165,54.2171,51.1212,52.9096,6630821,350834133.44
2026-03-02,STK0020,53.0746,54.0617,50.7064,51.6674,3237817,167289438.36
2026-03-03,STK0020,52.0409,53.133,48.8319,49.8786,4564227,227657474.23
2026-03-04,STK0020,50.0972,51.6441,48.9103,50.4489,3215551,162220904.03
2026-03-05,STK0020,50.426,50.5727,50.0449,50.1909,10142819,509077549.93
2026-03-06,STK0020,50.7743,51.8392,49.7683,50.8321,9364839,476034692.26
2026-03-09,STK0020,51.1396,51.6963,48.6957,49.2317,4047615,199270874.91
2026-03-10,STK0020,49.1155,51.2981,48.0355,50.1944,4987962,250367538.65
2026-03-11,STK0020,50.8559,51.9856,48.5124,49.6146,4147489,205775875.5
2026-03-12,STK0020,49.2893,51.1777,48.2514,50.1222,3607551,180818463.3
2026-03-13,STK0020,49.6815,51.9936,48.6918,50.978,4201872,214203062.75
2026-03-16,STK0020,50.8494,51.88,49.3651,50.3864,3958377,199448311.88
2026-03-17,STK0020,50.1576,50.6,49.2695,49.7079,2340693,116351011.36
2026-03-18,STK0020,49.5992,51.5317,49.0363,50.9534,4320439,220140939.03
2026-03-19,STK0020,51.198,51.541,50.9601,51.3026,3807612,195340402.5
2026-03-20,STK0020,51.2921,52.3746,49.8924,50.968,4439276,226261107.54
2026-03-23,STK0020,50.9655,53.3069,50.1063,52.4232,3844262,201528438.88
2026-03-24,STK0020,52.4417,54.0114,51.5978,53.156,3499232,186005001.45
2026-03-25,STK0020,52.4236,53.0542,52.022,52.6509,5251408,276491597.62
2026-03-26,STK0020,52.1744,53.0168,50.8503,51.6848,4755203,245771869.32
2026-03-27,STK0020,51.5655,52.3619,50.9232,51.7178,6447977,333474945.21
2026-03-30,STK0020,51.4569,54.3036,50.176,52.9848,4672280,247559617.91
2026-03-31,STK0020,52.9111,55.6292,51.755,54.4397,3642981,198322758.0
2026-04-01,STK0020,54.9003,55.6742,53.5499,54.3156,4908040,266583122.5
2026-04-02,STK0020,54.2913,57.1587,53.1732,56.0053,1891735,105947098.19
2026-04-03,STK0020,55.5627,56.3181,55.2414,55.9943,7803984,436978502.28
2026-04-06,STK0020,55.7285,56.1237,55.487,55.8816,4106591,229482787.72
2026-04-07,STK0020,56.4581,57.3899,53.7787,54.6812,7997753,437327033.96
2026-04-08,STK0020,55.1863,56.2192,52.7014,53.7066,2851684,153154121.06
2026-04-09,STK0020,53.8989,54.0725,51.8063,51.9736,2601117,135189497.23
2026-04-10,STK0020,51.4887,54.9506,51.1477,54.5891,4437148,242220063.5
2026-04-13,STK0020,54.6897,56.5698,53.9045,55.7691,4554119,253979325.67
2026-04-14,STK0020,55.8977,56.0902,55.4287,55.6203,4561219,253696540.2
2026-04-15,STK0020,55.6289,57.901,54.975,57.2284,4280784,244982353.48
2026-04-16,STK0020,57.033,57.7794,55.8085,56.5486,3158157,178589225.53
2026-04-17,STK0020,56.4257,57.7348,54.6622,55.9606,2365848,132394306.73
2026-04-20,STK0020,55.7462,58.1768,55.23,57.643,4503204,259578228.08
2026-04-21,STK0020,57.2483,58.1384,56.9117,57.7986,2624705,151704194.8
2026-04-22,STK0020,58.2742,60.3762,58.1476,60.2453,2586809,155843179.65
2026-04-23,STK0020,60.5651,61.4192,60.2746,61.126,3811549,232984789.64
2026-04-24,STK0020,61.0216,63.733,59.8457,62.5281,5127140,320590070.25
2025-07-21,STK0021,30.7066,30.9749,30.3336,30.6009,7129626,218173308.65
2025-07-22,STK0021,30.6828,31.8513,30.0064,31.1643,4246309,132333275.84
2025-07-23,STK0021,31.3418,31.8849,30.8077,31.3507,4964868,155651939.66
2025-07-24,STK0021,31.2669,32.1381,30.9552,31.8209,4202788,133736431.27
2025-07-25,STK0021,31.8376,32.2966,30.6389,31.0871,6046810,187977955.69
2025-07-28,STK0021,31.0324,31.2797,30.5834,30.8291,4617334,142348127.08
2025-07-29,STK0021,31.071,31.837,30.2323,30.9966,4241002,131456433.48
2025-07-30,STK0021,31.3896,31.7668,29.6793,30.0403,5039344,151383525.78
2025-07-31,STK0021,29.8259,30.5007,29.1369,29.8114,2909529,86737131.19
2025-08-01,STK0021,29.4503,30.1717,28.2391,28.9481,4797260,138871800.43
2025-08-04,STK0021,29.0472,29.4632,28.5619,28.9769,6337960,183654569.96
2025-08-05,STK0021,29.1636,29.7116,28.2369,28.7776,5392311,155177968.41
2025-08-06,STK0021,29.1175,29.7819,28.6761,29.3371,7190220,210939960.65
2025-08-07,STK0021,29.4672,30.3231,29.3462,30.1991,4499547,135882382.62
2025-08-08,STK0021,30.4531,31.3796,29.7251,30.6469,4397938,134783304.67
2025-08-11,STK0021,30.9537,31.3407,29.3676,29.7394,3459823,102892991.94
2025-08-12,STK0021,30.0019,30.6788,29.1261,29.7984,4426473,131901974.16
2025-08-13,STK0021,29.9564,30.468,28.3562,28.8489,9929904,286466907.14
2025-08-14,STK0021,28.6278,29.1409,28.5013,29.0127,5353795,155328072.49
2025-08-15,STK0021,29.0112,29.6931,28.6749,29.3529,4101745,120397924.96
2025-08-18,STK0021,29.4057,30.0399,29.2145,29.8457,3543612,105761729.53
2025-08-19,STK0021,29.8279,30.1082,29.6517,29.9314,2888871,86467882.47
2025-08-20,STK0021,29.9245,31.5392,29.3725,30.968,3778219,117003701.11
2025-08-21,STK0021,31.2605,31.3446,31.0004,31.084,6509038,202327192.14
2025-08-22,STK0021,30.9432,31.6927,30.1018,30.849,4277663,131961776.74
2025-08-25,STK0021,30.9973,31.6393,30.6145,31.2534,3556851,111163725.52
2025-08-26,STK0021,31.3128,32.3572,30.8975,31.9336,3685558,117693217.32
2025-08-27,STK0021,31.7697,32.0521,31.4695,31.7517,6155349,195442547.32
2025-08-28,STK0021,31.5472,32.2292,31.422,32.1018,4800660,154109601.03
2025-08-29,STK0021,31.7757,32.568,31.2823,32.0699,3976887,127538492.72
2025-09-01,STK0021,32.1635,32.4829,31.2308,31.544,4472639,141085114.15
2025-09-02,STK0021,31.5321,32.212,31.0164,31.6937,10897675,345387633.49
2025-09-03,STK0021,31.5371,32.0033,30.3801,30.8359,7696768,237336961.25
2025-09-04,STK0021,30.4908,31.0227,30.2777,30.8073,8376398,258054590.96
2025-09-05,STK0021,30.8874,31.2772,29.7665,30.1469,2774303,83636543.15
2025-09-08,STK0021,30.1155,30.3891,29.8014,30.0746,4790285,144066121.81
2025-09-09,STK0021,29.9461,30.1711,29.5997,29.8238,3918445,116862950.24
2025-09-10,STK0021,29.6518,30.8574,29.0676,30.2612,5989742,181256820.06
2025-09-11,STK0021,30.2179,30.2866,29.6973,29.765,7107826,211564222.46
2025-09-12,STK0021,29.849,30.0933,29.1378,29.3783,5410562,158953047.34
2025-09-15,STK0021,29.3202,30.2057,28.9034,29.7824,3603904,107332819.26
2025-09-16,STK0021,29.5707,30.2105,29.1878,29.8243,3872329,115489407.66
2025-09-17,STK0021,29.8139,30.7963,29.1096,30.0855,5950393,179020792.69
2025-09-18,STK0021,30.2749,30.9229,28.9834,29.6173,6342717,187854104.86
2025-09-19,STK0021,29.6244,30.3486,29.0531,29.7744,5055388,150520941.94
2025-09-22,STK0021,29.7866,31.6341,29.3748,31.2028,5029135,156922925.51
2025-09-23,STK0021,31.1419,31.6977,30.7724,31.326,4754183,148929738.46
2025-09-24,STK0021,31.1593,31.5982,31.0707,31.5086,5153755,162387810.93
2025-09-25,STK0021,31.3346,31.9895,30.1375,30.7808,5968595,183717882.85
2025-09-26,STK0021,30.4754,30.8382,29.9825,30.3437,5863650,177925103.23
2025-09-29,STK0021,30.5596,30.9769,30.2728,30.689,4740812,145490563.98
2025-09-30,STK0021,30.7742,31.2652,30.2043,30.6939,4716398,144764806.54
2025-10-01,STK0021,30.7091,31.3032,30.054,30.6469,4623780,141704338.55
2025-10-02,STK0021,30.7013,31.24,30.2705,30.8078,3541616,109109282.14
2025-10-03,STK0021,30.8706,31.0385,29.8095,29.9725,3538495,106057619.79
2025-10-06,STK0021,29.8407,31.0693,29.1485,30.3649,5628584,170911309.76
2025-10-07,STK0021,30.3057,30.445,29.4973,29.6335,3527820,104541591.78
2025-10-08,STK0021,29.5493,30.3555,28.8312,29.6353,5925295,175598169.88
2025-10-09,STK0021,30.0853,30.4516,29.1818,29.5415,4328957,127884033.18
2025-10-10,STK0021,29.7229,31.3939,29.0163,30.665,6010366,184307634.0
2025-10-13,STK0021,30.6959,31.403,28.9952,29.6789,5698338,169120300.51
2025-10-14,STK0021,29.9231,30.2626,29.3454,29.6821,6092439,180836645.3
2025-10-15,STK0021,29.9037,30.5138,29.214,29.8224,3866532,115309312.9
2025-10-16,STK0021,29.5764,30.4732,29.4562,30.3498,5112093,155150959.38
2025-10-17,STK0021,30.3092,31.3374,30.1909,31.2156,5687560,177540635.14
2025-10-20,STK0021,31.2125,31.5424,30.8946,31.2243,2567855,80179416.0
2025-10-21,STK0021,31.3391,32.2215,30.8368,31.7133,8037426,254893480.2
2025-10-22,STK0021,31.6707,32.4339,31.6006,32.3623,9713429,314348586.36
2025-10-23,STK0021,32.3431,34.1577,31.8952,33.6911,6119021,206156615.53
2025-10-24,STK0021,33.598,34.7838,32.7768,33.954,5853156,198737824.18
2025-10-27,STK0021,34.1683,34.9113,32.9465,33.6788,5424078,182676553.33
2025-10-28,STK0021,33.3884,33.6337,32.8272,33.0702,3992812,132042911.64
2025-10-29,STK0021,32.9855,33.4521,31.5112,31.9633,4322865,138173003.15
2025-10-30,STK0021,31.6117,32.1499,31.4238,31.96,6345135,202790435.35
2025-10-31,STK0021,31.7632,32.3383,31.5073,32.0799,3304297,106001666.64
2025-11-03,STK0021,32.1411,32.9784,31.3944,32.2298,3244663,104574736.97
2025-11-04,STK0021,32.2948,33.2787,31.4891,32.4686,4200954,136399187.12
2025-11-05,STK0021,32.4077,32.6533,31.4488,31.6889,6013379,190557570.46
2025-11-06,STK0021,31.9034,32.1228,31.5584,31.777,3446414,109516546.73
2025-11-07,STK0021,32.0362,33.2182,31.6893,32.8623,4303429,141420757.17
2025-11-10,STK0021,32.8487,34.0206,32.4461,33.6087,4470889,150260980.08
2025-11-11,STK0021,33.6593,33.935,33.5229,33.798,3328963,112512310.84
2025-11-12,STK0021,33.7064,34.1245,33.5244,33.9413,1985648,67395536.24
2025-11-13,STK0021,34.0692,34.4703,33.2232,33.6189,3252428,109342990.25
2025-11-14,STK0021,33.3789,33.6264,32.0026,32.2417,5134945,165559113.48
2025-11-17,STK0021,32.5909,33.3649,31.8924,32.6647,5564519,181763531.56
2025-11-18,STK0021,32.8889,33.5232,30.5388,31.1393,5566211,173328091.31
2025-11-19,STK0021,30.9161,31.4188,30.4729,30.9748,5826499,180474442.13
2025-11-20,STK0021,30.8285,31.4922,30.4601,31.1203,3842081,119566648.1
2025-11-21,STK0021,31.199,31.8577,30.3537,31.0084,3647622,113106779.2
2025-11-24,STK0021,30.9455,32.6403,30.7655,32.4515,5584814,181235720.02
2025-11-25,STK0021,32.5577,34.2716,31.8281,33.5204,4492595,150593438.73
2025-11-26,STK0021,33.4482,34.142,33.3435,34.0355,6800789,231468226.86
2025-11-27,STK0021,34.3483,35.1465,32.6868,33.4645,5567117,186300532.68
2025-11-28,STK0021,33.4661,34.3154,33.2923,34.1381,7842773,267737405.94
2025-12-01,STK0021,34.6375,35.3538,33.3866,34.0916,4338287,147899133.18
2025-12-02,STK0021,34.2151,34.2977,33.0588,33.1388,7586689,251413642.89
2025-12-03,STK0021,32.8716,33.5605,32.1896,32.8784,10752903,353538112.92
2025-12-04,STK0021,33.2926,34.104,32.7788,33.5856,5207822,174907901.8
2025-12-05,STK0021,33.8077,33.8902,32.8917,32.9721,5992582,197588025.93
2025-12-08,STK0021,33.0474,33.702,32.3059,32.9587,3649840,120294015.94
2025-12-09,STK0021,33.0868,33.6953,32.9434,33.5498,6842501,229564715.37
2025-12-10,STK0021,33.3113,33.7916,32.3286,32.8016,7394044,242536272.53
2025-12-11,STK0021,32.4484,33.1902,32.1357,32.8735,4227614,138976361.26
2025-12-12,STK0021,32.8652,33.5048,31.3949,32.018,6155234,197078564.15
2025-12-15,STK0021,32.284,33.1797,31.5859,32.4775,5430477,176368048.03
2025-12-16,STK0021,32.5547,32.9674,31.2928,31.6946,5719728,181284449.12
2025-12-17,STK0021,32.0213,32.6436,31.1617,31.7792,6679726,212276557.97
2025-12-18,STK0021,32.0322,32.7715,30.5208,31.2419,6005946,187637442.62
2025-12-19,STK0021,31.2458,31.8036,29.6166,30.1549,4821853,145402393.93
2025-12-22,STK0021,30.3698,30.6555,29.3696,29.6485,6786148,201199001.2
2025-12-23,STK0021,29.9206,30.2993,29.1962,29.5705,7631999,225681766.27
2025-12-24,STK0021,29.5562,29.7717,29.3073,29.5225,4269515,126046880.17
2025-12-25,STK0021,29.4847,29.8545,28.9799,29.348,5284075,155076970.11
2025-12-26,STK0021,29.3727,29.5976,28.2398,28.4577,2768152,78775238.12
2025-12-29,STK0021,28.0488,28.831,27.472,28.25,6349462,179372173.88
2025-12-30,STK0021,28.2976,28.7511,27.4937,27.9415,7895034,220599437.5
2025-12-31,STK0021,28.0626,28.6973,27.5977,28.2297,4642271,131049935.24
2026-01-01,STK0021,28.2542,28.6419,28.126,28.5126,5415890,154420961.2
2026-01-02,STK0021,28.5716,28.6297,28.3651,28.4229,4849630,137840788.67
2026-01-05,STK0021,28.4155,28.9881,27.2409,27.8011,4443801,123542503.25
2026-01-06,STK0021,27.47,29.1525,27.0724,28.7366,5572624,160138487.93
2026-01-07,STK0021,29.0247,29.7047,27.4889,28.1483,3939420,110887999.57
2026-01-08,STK0021,28.0863,28.7076,27.683,28.3013,4722439,133651229.68
2026-01-09,STK0021,28.1966,28.7801,28.001,28.5818,3689717,105458731.79
2026-01-12,STK0021,28.8156,29.3362,28.0408,28.5566,6076695,173529970.23
2026-01-13,STK0021,28.7248,29.2454,28.0334,28.5509,5349240,152725361.81
2026-01-14,STK0021,28.5977,28.698,27.2587,27.3546,4219115,115412171.87
2026-01-15,STK0021,27.4812,27.9746,26.3915,26.874,5030359,135185934.41
2026-01-16,STK0021,26.6884,26.8723,26.027,26.2075,4614948,120946269.25
2026-01-19,STK0021,26.1948,27.1413,25.9891,26.9298,7322993,197206389.49
2026-01-20,STK0021,27.1398,27.7946,27.0659,27.7191,4220209,116980426.15
2026-01-21,STK0021,27.6067,28.322,27.1532,27.8642,6126931,170722025.99
2026-01-22,STK0021,27.6978,28.2193,26.6159,27.1267,3779468,102524355.83
2026-01-23,STK0021,27.1395,27.3402,26.9413,27.1421,6281110,170482360.66
2026-01-26,STK0021,27.1587,27.7081,25.9027,26.4375,6855096,181231692.82
2026-01-27,STK0021,26.5404,27.0587,25.75,26.2628,7016107,184262832.71
2026-01-28,STK0021,26.0466,26.4736,25.749,26.1745,8099795,212008434.46
2026-01-29,STK0021,25.7772,26.5138,25.6852,26.4195,5303754,140122411.77
2026-01-30,STK0021,26.5659,27.1848,26.3416,26.9572,7403158,199568274.21
2026-02-02,STK0021,26.7826,26.9381,26.2836,26.437,8301680,219471760.85
2026-02-03,STK0021,26.3404,26.974,25.2638,25.8865,3128262,80979686.15
2026-02-04,STK0021,25.5496,26.4178,25.018,25.8793,3753050,97126340.41
2026-02-05,STK0021,26.0386,26.1376,25.8388,25.9374,2756997,71509303.72
2026-02-06,STK0021,25.992,26.3509,25.4625,25.8191,6583757,169986477.56
2026-02-09,STK0021,25.8672,26.0777,24.5201,24.7213,2636245,65171328.04
2026-02-10,STK0021,24.7663,25.089,24.6985,25.0205,2384325,59656927.97
2026-02-11,STK0021,24.7131,24.9457,24.4612,24.6936,3071455,75845264.02
2026-02-12,STK0021,24.5481,25.5769,24.4269,25.4513,2424519,61707165.17
2026-02-13,STK0021,25.3824,25.7516,25.2016,25.5695,4910650,125562711.24
2026-02-16,STK0021,25.4549,25.6969,25.047,25.2875,3065595,77521320.73
2026-02-17,STK0021,25.2464,25.5343,24.0424,24.3198,2470665,60086006.82
2026-02-18,STK0021,24.3557,25.244,24.0446,24.9256,4416957,110095264.03
2026-02-19,STK0021,25.0766,25.5418,24.7264,25.1901,4419039,111315866.19
2026-02-20,STK0021,24.9673,25.8525,24.7049,25.5836,2260694,57836763.16
2026-02-23,STK0021,25.5823,27.2305,25.2379,26.8688,3461895,93017066.28
2026-02-24,STK0021,26.9838,27.3348,26.6705,27.021,4428494,119662524.75
2026-02-25,STK0021,26.8716,28.6198,26.2218,27.9441,4063069,113538747.47
2026-02-26,STK0021,27.9118,28.011,27.4951,27.5932,4170407,115075064.79
2026-02-27,STK0021,27.6706,28.1078,27.2423,27.6794,6880522,190448932.5
2026-03-02,STK0021,27.6813,27.8599,26.9689,27.144,9516283,258310436.12
2026-03-03,STK0021,27.2541,27.5439,26.4526,26.7369,4004395,107065219.89
2026-03-04,STK0021,26.7521,27.709,26.3624,27.3111,2917197,79671945.24
2026-03-05,STK0021,27.2601,27.791,25.9951,26.5115,4248141,112624486.38
2026-03-06,STK0021,26.3256,27.5404,25.6809,26.8821,4991626,134185637.79
2026-03-09,STK0021,26.922,27.2815,26.1741,26.5283,4603363,122119614.22
2026-03-10,STK0021,26.5443,26.7542,25.6177,25.822,5838760,150768367.0
2026-03-11,STK0021,25.6686,26.2296,25.15,25.7101,10222507,262821587.49
2026-03-12,STK0021,25.8,25.9831,25.3454,25.5266,2541694,64880721.36
2026-03-13,STK0021,25.7215,26.2783,25.3696,25.9236,3722620,96503854.26
2026-03-16,STK0021,25.8212,26.473,25.2667,25.9164,7772045,201423571.15
2026-03-17,STK0021,25.8035,27.0206,25.5123,26.719,3740315,99937343.22
2026-03-18,STK0021,26.5967,27.2707,26.2028,26.8727,5755764,154673094.72
2026-03-19,STK0021,26.6034,26.7298,26.2026,26.3276,5480869,144298279.61
2026-03-20,STK0021,26.6462,26.7338,25.927,26.0125,6818492,177366183.58
2026-03-23,STK0021,25.9426,26.5829,25.2623,25.9017,8740065,226382291.21
2026-03-24,STK0021,25.7686,26.6762,25.611,26.5141,5111842,135535770.32
2026-03-25,STK0021,26.3354,26.851,26.0795,26.5926,2435517,64766801.24
2026-03-26,STK0021,26.5308,26.8918,25.9198,26.2773,3465761,91071013.02
2026-03-27,STK0021,26.168,26.6404,25.8903,26.3606,9472690,249705692.8
2026-03-30,STK0021,26.589,27.019,26.4763,26.905,2720048,73182844.56
2026-03-31,STK0021,26.7042,26.8785,26.3129,26.4858,5144672,136260798.43
2026-04-01,STK0021,26.2424,26.9059,25.8921,26.5515,1796650,47703744.49
2026-04-02,STK0021,26.6395,26.9617,25.7609,26.0762,2737526,71384216.74
2026-04-03,STK0021,26.0594,27.2585,25.5289,26.7146,6072529,162225125.42
2026-04-06,STK0021,26.6789,27.6058,26.4342,27.3549,4556532,124643516.15
2026-04-07,STK0021,27.4469,28.8949,26.7984,28.228,4007493,113123315.07
2026-04-08,STK0021,28.2511,28.4914,27.1441,27.377,3299227,90322845.93
2026-04-09,STK0021,27.3693,27.8792,27.106,27.6135,2234740,61709093.74
2026-04-10,STK0021,27.3816,29.1931,26.729,28.5135,5757844,164176388.2
2026-04-13,STK0021,28.2296,29.491,27.6274,28.875,4173642,120514020.77
2026-04-14,STK0021,28.7539,29.0211,28.3806,28.6467,2658118,76146427.84
2026-04-15,STK0021,28.461,28.7766,27.6983,28.009,4457241,124842921.35
2026-04-16,STK0021,28.0543,28.6539,27.1189,27.7111,5552211,153857930.51
2026-04-17,STK0021,27.4137,27.5228,26.9737,27.0815,4164623,112784216.77
2026-04-20,STK0021,27.0089,27.246,26.0462,26.2768,4631109,121690763.69
2026-04-21,STK0021,26.2495,27.598,25.8761,27.2109,4542398,123602770.53
2026-04-22,STK0021,27.2044,27.7775,25.8474,26.4035,3540705,93487129.82
2026-04-23,STK0021,26.4668,26.882,26.0702,26.4851,4696752,124393846.65
2026-04-24,STK0021,26.4332,27.0203,26.0826,26.6666,5980816,159487803.83
2025-07-21,STK0022,43.8791,44.2558,42.1642,42.5294,4225278,179698371.88
2025-07-22,STK0022,42.9477,44.2806,41.8986,43.2247,3699139,159894283.81
2025-07-23,STK0022,43.1203,44.1274,40.6951,41.6683,3384027,141006648.9
2025-07-24,STK0022,41.8814,43.0721,41.6896,42.8757,4736885,203097074.43
2025-07-25,STK0022,42.6608,43.5698,40.7385,41.6254,2983768,124200642.24
2025-07-28,STK0022,41.6307,41.8178,41.4731,41.66,3353828,139720594.63
2025-07-29,STK0022,41.3706,43.1145,40.4041,42.1302,3433651,144660516.3
2025-07-30,STK0022,42.133,42.8221,41.3192,42.0062,3741426,157163233.26
2025-07-31,STK0022,41.9769,42.6226,41.7321,42.3755,3501059,148359184.47
2025-08-01,STK0022,42.5304,43.4149,41.1201,41.9935,5692560,239050461.67
2025-08-04,STK0022,42.4439,43.5314,41.8555,42.9362,4736900,203384433.9
2025-08-05,STK0022,42.8361,45.1854,42.6918,45.0337,4939396,222439265.71
2025-08-06,STK0022,44.4966,45.4027,43.1263,44.0228,5193680,228640272.94
2025-08-07,STK0022,43.9694,44.8546,41.2126,42.0593,4055743,170581717.7
2025-08-08,STK0022,42.1349,42.6863,41.4202,41.9694,2935669,123208391.19
2025-08-11,STK0022,42.0203,42.8109,40.5151,41.292,7953618,328420695.88
2025-08-12,STK0022,41.253,41.3736,41.072,41.1925,5717110,235501796.62
2025-08-13,STK0022,41.5618,41.949,39.7929,40.1672,7232864,290523610.5
2025-08-14,STK0022,40.2,41.9059,39.4971,41.1858,5984996,246496882.9
2025-08-15,STK0022,41.1599,41.4605,39.8934,40.1869,3541236,142311235.38
2025-08-18,STK0022,39.9998,40.974,39.5054,40.4737,1820712,73691005.53
2025-08-19,STK0022,40.0518,41.6576,39.1132,40.7037,2771617,112815108.97
2025-08-20,STK0022,40.7842,42.3302,39.9271,41.4589,5240136,217250240.38
2025-08-21,STK0022,41.52,42.4145,40.9041,41.7945,4122461,172296158.9
2025-08-22,STK0022,41.5297,43.0185,40.8958,42.3718,3745044,158684085.11
2025-08-25,STK0022,42.3605,43.3094,41.3537,42.3013,1804998,76353762.6
2025-08-26,STK0022,42.2648,43.2142,41.3413,42.2902,4301292,181902336.19
2025-08-27,STK0022,42.132,43.0208,41.9622,42.848,2957489,126722600.7
2025-08-28,STK0022,42.6446,44.0756,42.1026,43.5225,3360730,146267227.93
2025-08-29,STK0022,43.6284,44.7301,43.3496,44.4461,5779462,256874712.2
2025-09-01,STK0022,44.386,44.5597,43.8668,44.0392,2974727,131004644.6
2025-09-02,STK0022,43.8833,44.2662,43.3739,43.7556,3059441,133867821.63
2025-09-03,STK0022,43.53,44.2284,42.0594,42.7453,4504727,192555772.01
2025-09-04,STK0022,42.7119,43.7419,41.8462,42.8728,5702128,244466239.01
2025-09-05,STK0022,43.1113,44.7384,42.1203,43.7331,3528784,154324763.82
2025-09-08,STK0022,43.7874,44.5496,43.2738,44.0332,6799782,299415923.1
2025-09-09,STK0022,43.9706,44.4856,42.9365,43.4454,2580334,112103590.16
2025-09-10,STK0022,43.5259,43.8329,43.2854,43.5921,2359693,102863888.13
2025-09-11,STK0022,43.9504,44.2352,42.8949,43.1747,2278347,98366927.93
2025-09-12,STK0022,43.3019,44.8087,43.1132,44.6143,2177596,97151963.45
2025-09-15,STK0022,44.684,47.5673,43.5917,46.4322,4452237,206727168.85
2025-09-16,STK0022,46.6104,47.7991,46.3804,47.5644,2787931,132606334.71
2025-09-17,STK0022,47.5194,48.4414,46.5722,47.4937,2420503,114958610.19
2025-09-18,STK0022,47.5462,49.6887,47.1036,49.2304,4623786,227630886.41
2025-09-19,STK0022,49.0862,50.2509,48.3816,49.5398,5350801,265077465.9
2025-09-22,STK0022,49.081,50.3453,47.9977,49.2581,5788956,285152948.26
2025-09-23,STK0022,49.3595,50.521,47.9604,49.1162,5586939,274409348.92
2025-09-24,STK0022,49.2185,49.5889,48.2764,48.6425,2992713,145573021.64
2025-09-25,STK0022,48.5586,50.1231,47.4437,48.9981,4571104,223975581.06
2025-09-26,STK0022,49.3036,49.866,48.9192,49.4801,4908258,242861339.07
2025-09-29,STK0022,49.2664,50.2769,47.4171,48.41,3529339,170855423.75
2025-09-30,STK0022,47.8982,48.4683,47.7856,48.3547,4412266,213353644.95
2025-10-01,STK0022,48.1528,48.8419,47.21,47.8954,2614773,125235473.81
2025-10-02,STK0022,47.4546,49.2452,46.5675,48.3415,3235732,156420253.88
2025-10-03,STK0022,48.4397,49.4712,47.1117,48.1368,4509981,217095897.98
2025-10-06,STK0022,47.92,49.1144,46.8971,48.0879,6722708,323280800.43
2025-10-07,STK0022,48.3728,48.8021,46.5229,46.9394,5853866,274776934.93
2025-10-08,STK0022,47.2116,48.2325,45.8751,46.8889,4965782,232840093.14
2025-10-09,STK0022,46.6294,47.0698,46.0428,46.4818,4054538,188462288.38
2025-10-10,STK0022,46.257,47.7421,45.9158,47.3925,3769306,178636987.95
2025-10-13,STK0022,47.5448,47.6415,46.7597,46.855,2314453,108443670.98
2025-10-14,STK0022,47.1313,47.481,45.6895,46.0311,2894217,133224104.43
2025-10-15,STK0022,45.4786,46.1618,45.2638,45.9447,2978330,136838594.5
2025-10-16,STK0022,46.0225,48.3527,45.216,47.52,4758780,226137159.92
2025-10-17,STK0022,46.8975,48.6172,46.6476,48.3594,5328639,257689817.69
2025-10-20,STK0022,48.2005,49.3823,47.4551,48.6303,5100964,248061598.35
2025-10-21,STK0022,48.9505,49.1908,47.3831,47.6169,5962057,283894553.11
2025-10-22,STK0022,48.4846,49.3671,45.9832,46.8357,4047682,189576138.59
2025-10-23,STK0022,46.7687,47.6764,46.368,47.2714,2766928,130796624.7
2025-10-24,STK0022,46.919,47.8881,46.4921,47.4563,3847853,182604790.91
2025-10-27,STK0022,47.3103,48.1812,46.5188,47.3884,3117481,147732573.59
2025-10-28,STK0022,47.4072,48.5258,46.1205,47.2351,5077326,239827811.88
2025-10-29,STK0022,47.0455,48.2125,45.3861,46.5407,3614045,168200026.68
2025-10-30,STK0022,46.2831,46.8487,45.8102,46.3749,3960843,183683654.0
2025-10-31,STK0022,46.2563,49.3666,45.157,48.2206,5146535,248168825.86
2025-11-03,STK0022,48.3352,49.1125,47.3263,48.1,3083065,148295276.81
2025-11-04,STK0022,48.0511,49.149,45.7667,46.8369,5506516,257908199.19
2025-11-05,STK0022,46.5898,46.7128,45.4616,45.582,2459968,112130279.05
2025-11-06,STK0022,45.3991,45.7319,45.2737,45.6059,4470312,203872479.26
2025-11-07,STK0022,45.4928,46.4535,45.3238,46.2816,3899179,180460160.46
2025-11-10,STK0022,46.0049,46.9888,45.0617,46.0449,5352338,246447601.99
2025-11-11,STK0022,45.8499,47.2631,45.6127,47.0199,2447552,115083531.93
2025-11-12,STK0022,47.2018,47.4879,46.6011,46.8853,2329547,109221520.52
2025-11-13,STK0022,46.8206,48.4293,46.0965,47.6918,5080423,242294666.1
2025-11-14,STK0022,47.1927,48.3263,45.4209,46.5388,3350282,155918211.72
2025-11-17,STK0022,46.8259,47.5303,45.4813,46.176,3771939,174172992.96
2025-11-18,STK0022,46.2916,47.1642,45.2092,46.0777,3078036,141828917.38
2025-11-19,STK0022,45.6969,46.8163,45.4082,46.5224,5313367,247190544.54
2025-11-20,STK0022,46.4205,47.7009,45.3516,46.6272,4275631,199360815.75
2025-11-21,STK0022,46.4062,47.2696,46.2537,47.1149,4234760,199520104.32
2025-11-24,STK0022,47.3066,48.3718,46.9043,47.9639,2591429,124295081.13
2025-11-25,STK0022,47.8571,48.4522,46.1642,46.7455,4599545,215008133.62
2025-11-26,STK0022,46.7251,47.0616,45.972,46.3055,2698104,124937104.51
2025-11-27,STK0022,46.253,47.0516,45.0841,45.8762,3023466,138705065.81
2025-11-28,STK0022,45.4706,46.2714,43.9961,44.7848,2371586,106211086.85
2025-12-01,STK0022,45.1641,45.4745,44.213,44.519,3618677,161099789.61
2025-12-02,STK0022,44.6962,44.7945,43.4913,43.5871,5537795,241376470.62
2025-12-03,STK0022,43.3921,43.553,41.5149,41.6694,4133267,172230827.32
2025-12-04,STK0022,41.7174,41.8013,41.6034,41.6872,3269196,136283707.37
2025-12-05,STK0022,41.9316,42.8886,39.6439,40.5699,3918375,158967913.43
2025-12-08,STK0022,40.5834,41.4814,39.922,40.8162,3976279,162296402.94
2025-12-09,STK0022,41.1992,42.19,40.9856,41.9724,3896080,163527933.57
2025-12-10,STK0022,42.7137,42.89,40.0874,40.2535,4058658,163375277.19
2025-12-11,STK0022,40.2231,41.0599,39.1816,40.0141,2569939,102833674.51
2025-12-12,STK0022,39.8744,40.762,39.0509,39.9372,3826463,152818138.67
2025-12-15,STK0022,39.7008,40.627,37.9831,38.8904,1961720,76291993.86
2025-12-16,STK0022,38.3773,39.332,38.1599,39.1105,4370781,170943433.27
2025-12-17,STK0022,39.4045,40.3138,38.8523,39.7567,2518954,100145238.33
2025-12-18,STK0022,39.6724,40.1898,39.4823,39.998,5616498,224648952.29
2025-12-19,STK0022,40.2087,41.0249,38.0305,38.8185,1609795,62489837.56
2025-12-22,STK0022,39.07,39.5188,36.9947,37.4246,6895147,258048176.46
2025-12-23,STK0022,37.1827,38.7811,36.5132,38.0952,2194140,83586307.81
2025-12-24,STK0022,37.8831,39.4032,37.7809,39.2972,2551176,100254055.92
2025-12-25,STK0022,39.7107,40.8499,38.9208,40.0531,4416279,176885863.39
2025-12-26,STK0022,40.0363,40.3277,39.6817,39.9727,5002202,199951306.6
2025-12-29,STK0022,39.8146,40.666,38.1894,39.0239,3650131,142442336.98
2025-12-30,STK0022,38.7799,39.9875,38.5366,39.7381,5530672,219778494.54
2025-12-31,STK0022,39.7044,40.5053,38.8869,39.6875,3055833,121278365.59
2026-01-01,STK0022,40.0482,40.8983,39.8446,40.6914,3513939,142987222.95
2026-01-02,STK0022,40.8591,41.5643,40.1461,40.8512,3633690,148440524.91
2026-01-05,STK0022,40.8958,41.7105,39.7388,40.5466,3364436,136416436.23
2026-01-06,STK0022,40.9349,41.86,40.4894,41.4093,2118770,87736757.45
2026-01-07,STK0022,41.7575,42.658,41.4394,42.3354,4059609,171865123.32
2026-01-08,STK0022,42.4203,42.953,41.9994,42.5309,4001235,170176082.51
2026-01-09,STK0022,43.2452,43.6267,41.8325,42.2048,6041764,254991243.77
2026-01-12,STK0022,42.1422,42.8401,39.8498,40.5208,2692032,109083398.99
2026-01-13,STK0022,40.7887,41.0025,40.6653,40.8789,3358797,137303890.85
2026-01-14,STK0022,40.7826,40.903,39.536,39.6531,6441675,255432274.88
2026-01-15,STK0022,39.8685,40.2121,39.3947,39.7372,4673158,185698369.32
2026-01-16,STK0022,39.6781,40.0102,38.8467,39.1746,4980389,195104589.6
2026-01-19,STK0022,39.2832,39.5217,38.6617,38.8979,4943193,192279641.99
2026-01-20,STK0022,39.4597,40.1892,38.2561,38.9766,4881358,190258796.23
2026-01-21,STK0022,39.1998,39.6317,39.1,39.531,7875796,311338402.22
2026-01-22,STK0022,39.6443,40.5663,38.4781,39.3943,4232021,166717468.44
2026-01-23,STK0022,39.2116,40.8417,38.45,40.0636,2819657,112965618.37
2026-01-26,STK0022,40.1089,40.6858,39.6569,40.2325,5008269,201494971.74
2026-01-27,STK0022,39.9899,40.9584,39.1199,40.0863,3255401,130496927.79
2026-01-28,STK0022,40.3002,40.9538,39.5256,40.1772,3753161,150791486.59
2026-01-29,STK0022,40.3855,42.2122,39.7751,41.5836,4437576,184530539.56
2026-01-30,STK0022,41.5388,43.3649,41.1567,42.9696,2860059,122895732.68
2026-02-02,STK0022,43.4007,44.1494,41.5849,42.3149,3195026,135197316.92
2026-02-03,STK0022,42.7034,42.926,42.4018,42.624,4503413,191953447.75
2026-02-04,STK0022,42.6623,43.3403,42.0619,42.7388,3031497,129562664.3
2026-02-05,STK0022,42.8841,44.0107,42.6838,43.8061,5123924,224459170.95
2026-02-06,STK0022,43.6517,45.2678,43.1175,44.7205,2598948,116226335.25
2026-02-09,STK0022,44.6476,47.0156,43.9254,46.2673,2554803,118203790.0
2026-02-10,STK0022,45.969,47.75,45.7126,47.4852,7092977,336811282.41
2026-02-11,STK0022,47.3491,48.0893,47.0125,47.7499,2144478,102398583.13
2026-02-12,STK0022,47.72,49.1012,46.732,48.1051,3574621,171957635.82
2026-02-13,STK0022,47.6283,48.0037,46.2873,46.655,6896714,321766171.97
2026-02-16,STK0022,46.8167,47.0133,46.4336,46.6293,3616091,168615821.33
2026-02-17,STK0022,46.9162,47.3668,46.1845,46.6325,5775495,269325741.6
2026-02-18,STK0022,46.6303,47.7265,44.8714,45.9517,4515578,207498390.64
2026-02-19,STK0022,45.214,46.0259,43.4473,44.2418,3646982,161348901.54
2026-02-20,STK0022,44.1747,44.8477,43.3554,44.0261,3448124,151807557.23
2026-02-23,STK0022,43.6596,46.3164,42.7283,45.3491,1730971,78497975.73
2026-02-24,STK0022,45.1835,45.96,43.8447,44.6113,3198131,142672801.5
2026-02-25,STK0022,45.0016,46.1441,44.0721,45.2103,3869471,174939810.3
2026-02-26,STK0022,44.5547,46.1549,43.7921,45.3783,3894729,176736153.84
2026-02-27,STK0022,45.1566,46.8088,44.1686,45.8066,8211412,376137249.97
2026-03-02,STK0022,46.0352,47.6025,45.2824,46.8367,3791625,177587015.38
2026-03-03,STK0022,46.6398,47.0172,45.855,46.229,4312209,199349290.59
2026-03-04,STK0022,46.0136,47.5297,45.8781,47.3901,5217530,247259279.76
2026-03-05,STK0022,47.9715,48.1837,47.0241,47.233,4160465,196511174.55
2026-03-06,STK0022,47.3403,48.8828,46.6877,48.218,3286310,158459334.86
2026-03-09,STK0022,48.4891,49.6698,47.1233,48.2995,3323086,160503305.08
2026-03-10,STK0022,48.443,51.0195,47.5,50.0452,3009411,150606715.22
2026-03-11,STK0022,50.0938,51.0874,47.2508,48.207,4007340,193181910.03
2026-03-12,STK0022,48.574,49.4127,47.6977,48.5358,3250292,157755576.96
2026-03-13,STK0022,49.0939,50.2122,47.8673,48.9831,4264707,208898587.42
2026-03-16,STK0022,48.4908,49.4226,47.5736,48.5051,2446243,118655317.9
2026-03-17,STK0022,48.4948,48.88,46.4361,46.8079,3633575,170080037.27
2026-03-18,STK0022,46.7958,47.427,45.9588,46.5872,6049045,281807997.83
2026-03-19,STK0022,46.4673,46.9924,44.9723,45.4863,3313079,150699818.92
2026-03-20,STK0022,45.7549,46.6079,45.4893,46.3389,6939978,321591216.71
2026-03-23,STK0022,46.4104,47.1014,46.0802,46.7686,3845196,179834585.86
2026-03-24,STK0022,47.3121,47.717,46.4536,46.8546,3698650,173298656.17
2026-03-25,STK0022,47.1649,47.4476,44.9901,45.2613,3938657,178268930.42
2026-03-26,STK0022,45.6335,46.0488,45.3141,45.7287,3402944,155612371.76
2026-03-27,STK0022,45.4009,47.5437,44.3532,46.4713,1896696,88141866.96
2026-03-30,STK0022,46.2471,47.3845,45.7895,46.9202,5075490,238143083.9
2026-03-31,STK0022,46.7169,48.5726,45.7343,47.572,8192652,389741056.42
2026-04-01,STK0022,47.9512,48.1181,46.9597,47.1237,4460907,210214409.54
2026-04-02,STK0022,46.851,49.7906,45.6993,48.596,4620294,224527933.43
2026-04-03,STK0022,48.3233,50.6925,47.3767,49.7185,3649105,181427932.31
2026-04-06,STK0022,49.3851,50.5138,47.9179,49.0387,5886522,288667116.0
2026-04-07,STK0022,49.8554,50.5582,47.2701,47.9459,3831723,183715529.87
2026-04-08,STK0022,47.905,49.998,47.1101,49.1818,4243848,208720272.27
2026-04-09,STK0022,49.3385,49.901,48.8303,49.3923,2146764,106033563.1
2026-04-10,STK0022,49.0554,49.6893,48.4698,49.1032,3079510,151213808.7
2026-04-13,STK0022,49.3866,50.3382,47.6443,48.5803,4265906,207238963.02
2026-04-14,STK0022,48.066,48.8695,47.9147,48.716,5134808,250147512.75
2026-04-15,STK0022,48.4307,48.5683,47.4498,47.5849,5139193,244548189.77
2026-04-16,STK0022,47.3766,49.0926,46.3285,48.03,2122273,101932767.93
2026-04-17,STK0022,48.0931,48.311,47.2978,47.513,2239401,106400759.77
2026-04-20,STK0022,47.2875,48.1663,46.1876,47.0622,4604638,216704566.99
2026-04-21,STK0022,47.4945,48.6849,47.1816,48.3662,2971604,143725297.83
2026-04-22,STK0022,48.5125,50.3579,48.0069,49.8384,5233243,260816561.98
2026-04-23,STK0022,49.6326,50.067,49.0148,49.4475,2169774,107289985.2
2026-04-24,STK0022,49.7444,50.4049,47.7701,48.4129,3684879,178395851.84
2025-07-21,STK0023,13.144,13.2779,12.9182,13.0512,2030433,26499558.44
2025-07-22,STK0023,13.0038,13.3593,12.9484,13.3027,910423,12111104.86
2025-07-23,STK0023,13.3972,13.675,13.1464,13.4238,1605296,21549120.42
2025-07-24,STK0023,13.4434,13.9971,13.1965,13.7446,1701535,23387001.53
2025-07-25,STK0023,13.7664,13.8702,13.1301,13.2299,1014725,13424746.13
2025-07-28,STK0023,13.3003,13.4252,13.0484,13.1721,1014206,13359214.47
2025-07-29,STK0023,13.225,13.3777,12.7923,12.9417,1457726,18865469.87
2025-07-30,STK0023,12.9645,13.0789,12.8588,12.9731,1658915,21521265.19
2025-07-31,STK0023,12.9584,13.0704,12.5187,12.6279,1658988,20949496.43
2025-08-01,STK0023,12.7791,13.0402,12.2651,12.521,1362533,17060295.32
2025-08-04,STK0023,12.466,13.1218,12.2255,12.8735,1352830,17415610.62
2025-08-05,STK0023,12.9312,13.3293,12.6994,13.0945,1451978,19012930.5
2025-08-06,STK0023,13.0879,13.3208,12.5924,12.8206,1849094,23706447.12
2025-08-07,STK0023,12.8556,13.0356,12.3412,12.5164,2524426,31596818.51
2025-08-08,STK0023,12.6094,12.8137,12.4824,12.686,773726,9815472.83
2025-08-11,STK0023,12.6623,13.2038,12.4271,12.963,2110000,27351968.75
2025-08-12,STK0023,13.0099,13.0708,12.727,12.7868,1637004,20932036.74
2025-08-13,STK0023,12.8072,13.2459,12.74,13.1768,2026695,26705271.21
2025-08-14,STK0023,13.1262,13.3466,13.0618,13.2815,2515043,33403422.13
2025-08-15,STK0023,13.3821,13.6344,12.5806,12.8223,1291695,16562540.72
2025-08-18,STK0023,12.8772,13.0781,12.2593,12.4536,2335809,29089312.32
2025-08-19,STK0023,12.4212,12.7155,12.2678,12.5603,1092264,13719167.96
2025-08-20,STK0023,12.6437,12.8935,12.48,12.7286,1735933,22096021.93
2025-08-21,STK0023,12.6653,13.3368,12.3989,13.0621,1560813,20387447.84
2025-08-22,STK0023,13.0598,13.1225,12.6818,12.743,1750334,22304468.3
2025-08-25,STK0023,12.7102,12.8759,12.5727,12.7381,1216807,15499851.58
2025-08-26,STK0023,12.7957,13.0539,12.5464,12.8044,2018423,25844644.6
2025-08-27,STK0023,12.7676,13.0375,12.5489,12.818,3051773,39117525.98
2025-08-28,STK0023,12.8764,13.0311,12.628,12.7815,1221790,15616348.49
2025-08-29,STK0023,12.8272,12.919,12.6604,12.7517,1881390,23991006.27
2025-09-01,STK0023,12.7231,13.3452,12.4207,13.0354,2392741,31190244.36
2025-09-02,STK0023,13.1793,13.3293,12.9188,13.0676,1581641,20668214.74
2025-09-03,STK0023,13.0093,13.3664,12.7206,13.0762,2778777,36335905.43
2025-09-04,STK0023,12.9661,13.5411,12.7082,13.277,1507253,20011829.5
2025-09-05,STK0023,13.3454,13.6365,12.7833,13.0684,1687324,22050548.44
2025-09-08,STK0023,12.9009,12.9317,12.7479,12.7785,1250423,15978474.66
2025-09-09,STK0023,12.8933,13.1772,12.726,13.0084,1851124,24080122.78
2025-09-10,STK0023,13.0163,13.12,12.6028,12.704,1746307,22185057.76
2025-09-11,STK0023,12.5957,12.7003,12.4309,12.535,2196005,27526928.12
2025-09-12,STK0023,12.4639,12.5756,12.3616,12.4732,1402756,17496912.58
2025-09-15,STK0023,12.3515,12.5529,12.2162,12.4169,1380005,17135320.14
2025-09-16,STK0023,12.4454,12.5879,12.0186,12.1577,2134672,25952731.18
2025-09-17,STK0023,12.0613,12.2613,11.7728,11.9713,2999644,35909713.68
2025-09-18,STK0023,12.0074,12.2505,11.9005,12.1423,2324563,28225547.11
2025-09-19,STK0023,12.1201,12.2603,12.0198,12.1597,3709068,45101212.63
2025-09-22,STK0023,12.1251,12.4265,12.0003,12.2999,2373374,29192155.16
2025-09-23,STK0023,12.3375,12.557,12.0695,12.2881,2347857,28850622.01
2025-09-24,STK0023,12.3341,12.5447,12.3094,12.5197,2457919,30772292.69
2025-09-25,STK0023,12.606,12.8478,12.2448,12.4843,3240196,40451512.62
2025-09-26,STK0023,12.4369,12.5587,11.9145,12.0324,2878350,34633328.91
2025-09-29,STK0023,12.0302,12.3224,11.8467,12.1373,1292032,15681723.79
2025-09-30,STK0023,12.0911,12.6206,11.8551,12.3791,2452539,30360108.92
2025-10-01,STK0023,12.3912,12.5615,11.9426,12.1091,2061298,24960491.43
2025-10-02,STK0023,12.0527,12.5542,11.8492,12.3457,1754008,21654484.81
2025-10-03,STK0023,12.3143,12.5995,11.8347,12.1153,1011274,12251904.87
2025-10-06,STK0023,12.0849,12.2345,12.0524,12.2017,1096414,13378092.69
2025-10-07,STK0023,12.2232,12.6938,12.1005,12.5677,1689324,21230835.99
2025-10-08,STK0023,12.5679,13.0417,12.2748,12.7445,1170495,14917380.88
2025-10-09,STK0023,12.7833,13.0551,12.3372,12.6052,1732015,21832388.1
2025-10-10,STK0023,12.5971,12.8979,12.3932,12.6925,2474739,31410503.56
2025-10-13,STK0023,12.6484,12.9831,12.5564,12.8894,1594626,20553699.08
2025-10-14,STK0023,12.9042,13.0768,12.7802,12.9525,1982913,25683621.06
2025-10-15,STK0023,12.8814,13.7809,12.6014,13.4877,1293755,17449823.61
2025-10-16,STK0023,13.5339,13.877,13.2894,13.6308,2104496,28686026.65
2025-10-17,STK0023,13.6075,13.7241,13.4443,13.5605,2306272,31274282.04
2025-10-20,STK0023,13.5772,13.6456,13.449,13.5172,1166119,15762651.65
2025-10-21,STK0023,13.535,13.8052,13.2292,13.4986,1483814,20029436.97
2025-10-22,STK0023,13.629,13.8368,12.7689,12.9667,1231252,15965298.57
2025-10-23,STK0023,12.9964,13.3104,12.6447,12.9577,2317749,30032734.93
2025-10-24,STK0023,12.9634,13.1105,12.6923,12.838,2087984,26805445.94
2025-10-27,STK0023,12.7847,12.9129,12.6318,12.7598,1929873,24624706.41
2025-10-28,STK0023,12.8213,13.2063,12.7099,13.0925,1848808,24205594.49
2025-10-29,STK0023,13.0713,13.2423,12.839,13.0092,2118221,27556322.75
2025-10-30,STK0023,12.8907,13.0121,12.5077,12.6267,2162938,27310707.68
2025-10-31,STK0023,12.6119,12.6584,12.3963,12.4421,1585609,19728296.38
2025-11-03,STK0023,12.4564,12.697,12.3421,12.5815,1518226,19101547.96
2025-11-04,STK0023,12.5199,12.6512,12.4318,12.5628,1879515,23612064.55
2025-11-05,STK0023,12.5539,13.2287,12.2934,12.9597,1781999,23094221.66
2025-11-06,STK0023,12.9542,13.3616,12.8581,13.2632,3907464,51825424.23
2025-11-07,STK0023,13.2587,13.6271,13.0923,13.4582,1685854,22688544.32
2025-11-10,STK0023,13.5583,13.7952,13.2298,13.465,2108328,28388736.86
2025-11-11,STK0023,13.3595,13.7375,13.2869,13.6633,2212097,30224563.35
2025-11-12,STK0023,13.8311,14.0277,13.2191,13.4097,3057307,40997669.3
2025-11-13,STK0023,13.4071,13.9002,13.119,13.6078,1437068,19555337.14
2025-11-14,STK0023,13.6553,13.866,13.2006,13.4075,3125385,41903744.09
2025-11-17,STK0023,13.4178,13.5935,12.952,13.1238,1854491,24338040.97
2025-11-18,STK0023,12.9886,13.4996,12.712,13.2181,4636631,61287675.2
2025-11-19,STK0023,13.1346,13.8858,12.8222,13.5632,2228635,30227343.36
2025-11-20,STK0023,13.5206,13.8091,13.2382,13.5267,1245222,16843684.73
2025-11-21,STK0023,13.6075,14.1321,13.4525,13.9729,1793462,25059913.8
2025-11-24,STK0023,13.8573,14.08,13.4277,13.647,3065434,41833986.24
2025-11-25,STK0023,13.5771,13.7687,13.1632,13.3516,2014642,26898738.0
2025-11-26,STK0023,13.3648,13.4848,13.1557,13.2749,1958068,25993129.05
2025-11-27,STK0023,13.3126,13.4725,13.0259,13.1842,2535367,33426855.43
2025-11-28,STK0023,13.2193,13.4979,12.5756,12.8463,1751470,22499992.78
2025-12-01,STK0023,12.7707,12.8845,12.6116,12.725,1820095,23160759.13
2025-12-02,STK0023,12.6036,12.8867,12.1887,12.4688,1401593,17476139.94
2025-12-03,STK0023,12.5092,12.8194,11.9844,12.2893,3605981,44314807.66
2025-12-04,STK0023,12.3954,12.5119,12.2831,12.3996,1277071,15835198.76
2025-12-05,STK0023,12.374,12.4336,12.1043,12.163,2084867,25358176.79
2025-12-08,STK0023,12.0797,12.3974,11.7896,12.1066,2357757,28544449.07
2025-12-09,STK0023,12.0754,12.1787,12.0038,12.1068,2029320,24568591.12
2025-12-10,STK0023,12.1355,12.3751,11.5834,11.8168,1320429,15603186.11
2025-12-11,STK0023,11.8002,12.0973,11.766,12.0623,1446299,17445751.76
2025-12-12,STK0023,12.1646,12.4376,12.0744,12.346,2422613,29909614.29
2025-12-15,STK0023,12.4147,12.6694,12.3156,12.5691,1572702,19767408.75
2025-12-16,STK0023,12.583,12.6942,12.4373,12.5482,1008014,12648725.67
2025-12-17,STK0023,12.4019,12.6889,12.088,12.3744,2388520,29556391.06
2025-12-18,STK0023,12.3231,12.4807,12.2487,12.4058,1539002,19092577.22
2025-12-19,STK0023,12.3651,12.5394,12.291,12.4646,2619135,32646579.5
2025-12-22,STK0023,12.4089,12.6312,11.7986,12.0138,1979663,23783263.21
2025-12-23,STK0023,12.0276,12.3151,11.6798,11.9659,1972877,23607174.94
2025-12-24,STK0023,11.9811,12.2017,11.8498,12.0695,2246498,27114204.49
2025-12-25,STK0023,11.9489,12.1853,11.4539,11.685,1486251,17366915.59
2025-12-26,STK0023,11.7416,11.8196,11.7097,11.7877,1702562,20069221.82
2025-12-29,STK0023,11.7888,12.0678,11.5418,11.8202,2108412,24921761.09
2025-12-30,STK0023,11.8455,12.0663,11.3284,11.5435,1545715,17843023.07
2025-12-31,STK0023,11.5952,11.8576,11.3079,11.5696,2888774,33422023.42
2026-01-01,STK0023,11.5165,11.7991,11.3246,11.6057,2023233,23481055.0
2026-01-02,STK0023,11.6937,11.9703,11.3988,11.6749,1388680,16212683.25
2026-01-05,STK0023,11.665,11.8478,11.537,11.7192,1874548,21968256.68
2026-01-06,STK0023,11.8261,12.0507,11.6032,11.8278,2364781,27970136.98
2026-01-07,STK0023,11.7645,12.0934,11.5447,11.8716,1957388,23237296.64
2026-01-08,STK0023,11.9745,12.1781,11.8765,12.0793,2669284,32243207.59
2026-01-09,STK0023,12.014,12.2924,11.6411,11.9173,2820658,33614501.5
2026-01-12,STK0023,12.1009,12.342,11.715,11.9532,5278342,63092863.03
2026-01-13,STK0023,11.8851,12.1994,11.6245,11.9377,3435946,41017264.71
2026-01-14,STK0023,12.0136,12.1688,11.8894,12.0442,1281058,15429377.68
2026-01-15,STK0023,12.0181,12.3918,11.7615,12.1327,1947998,23634560.51
2026-01-16,STK0023,12.1849,12.304,12.0723,12.1913,2069205,25226237.05
2026-01-19,STK0023,12.1883,12.8407,11.8936,12.5375,2816991,35318128.23
2026-01-20,STK0023,12.4557,12.4875,12.2919,12.3234,1708969,21060224.34
2026-01-21,STK0023,12.1183,12.4743,11.9215,12.2749,1993351,24468266.4
2026-01-22,STK0023,12.461,12.5181,12.1242,12.18,1568966,19110001.96
2026-01-23,STK0023,12.1853,12.4111,11.4748,11.6914,1975282,23093886.82
2026-01-26,STK0023,11.4868,11.6058,11.1654,11.2823,1995662,22515647.7
2026-01-27,STK0023,11.3028,11.6977,11.0539,11.4456,2196452,25139697.53
2026-01-28,STK0023,11.493,11.7467,10.9996,11.2479,1604508,18047275.58
2026-01-29,STK0023,11.1997,11.3459,11.0825,11.2283,3372881,37871875.42
2026-01-30,STK0023,11.1807,11.7341,10.9501,11.4969,2807655,32279443.78
2026-02-02,STK0023,11.4956,11.6987,11.2559,11.4583,1461344,16744540.06
2026-02-03,STK0023,11.5413,11.6864,11.405,11.55,2403802,27763844.5
2026-02-04,STK0023,11.5569,11.6712,11.2466,11.359,1352391,15361767.17
2026-02-05,STK0023,11.4591,11.5375,11.1515,11.2283,3774895,42385469.97
2026-02-06,STK0023,11.3047,11.392,11.2657,11.3528,4125944,46840861.83
2026-02-09,STK0023,11.3372,11.627,11.1796,11.4676,2316671,26566626.77
2026-02-10,STK0023,11.36,11.5239,10.9667,11.1271,1779018,19795366.56
2026-02-11,STK0023,11.112,11.3063,10.9763,11.1699,1913465,21373260.78
2026-02-12,STK0023,11.2053,11.4727,10.8682,11.1339,2040341,22716874.38
2026-02-13,STK0023,11.1379,11.1636,10.9811,11.0066,2348510,25849104.0
2026-02-16,STK0023,11.0486,11.6187,10.8104,11.3736,3982727,45297766.56
2026-02-17,STK0023,11.4326,11.6661,11.0732,11.304,3445832,38951748.3
2026-02-18,STK0023,11.3401,11.5607,10.889,11.105,3463337,38460443.7
2026-02-19,STK0023,11.0867,11.2427,10.9254,11.0814,2631867,29164657.06
2026-02-20,STK0023,11.116,11.3294,11.0451,11.2576,1647974,18552236.35
2026-02-23,STK0023,11.4096,11.6589,11.045,11.2917,1839186,20767511.78
2026-02-24,STK0023,11.1912,11.4167,10.9772,11.2024,2487673,27868010.49
2026-02-25,STK0023,11.2352,11.6792,10.9976,11.4373,1616190,18484779.2
2026-02-26,STK0023,11.5637,11.6495,11.0051,11.0874,2644110,29316240.76
2026-02-27,STK0023,11.0095,11.3434,10.8471,11.1785,3175274,35494800.87
2026-03-02,STK0023,11.2458,11.3759,10.6515,10.7761,2976711,32077436.16
2026-03-03,STK0023,10.8498,11.0311,10.4892,10.6675,2885937,30785687.75
2026-03-04,STK0023,10.5734,10.7775,10.357,10.5609,1257009,13275197.83
2026-03-05,STK0023,10.6062,10.6698,10.2328,10.2946,3841561,39547201.65
2026-03-06,STK0023,10.2778,10.6829,10.2161,10.6192,1426930,15152837.18
2026-03-09,STK0023,10.6153,10.775,10.5835,10.7427,2380862,25576986.78
2026-03-10,STK0023,10.7218,11.1233,10.6616,11.0612,3077873,34044853.48
2026-03-11,STK0023,11.1486,11.2325,10.7361,10.8175,2824664,30555665.11
2026-03-12,STK0023,10.8102,10.8498,10.5669,10.6058,1649014,17489158.39
2026-03-13,STK0023,10.5764,10.7812,10.4687,10.6726,1739566,18565625.78
2026-03-16,STK0023,10.644,10.9443,10.4574,10.7558,2824574,30380566.58
2026-03-17,STK0023,10.7338,10.9511,10.4326,10.6481,3078310,32778118.0
2026-03-18,STK0023,10.5793,10.6846,10.3975,10.502,1731370,18182844.16
2026-03-19,STK0023,10.4723,10.5134,10.1479,10.1879,3005036,30615110.41
2026-03-20,STK0023,10.1951,10.5897,9.9967,10.3875,1530273,15895772.69
2026-03-23,STK0023,10.4128,10.5273,10.2061,10.3196,3169244,32705188.64
2026-03-24,STK0023,10.3944,10.5528,10.3135,10.4713,1854727,19421396.86
2026-03-25,STK0023,10.4864,10.6415,10.3519,10.5068,2624937,27579569.44
2026-03-26,STK0023,10.4769,10.9728,10.2222,10.7125,2445661,26199033.3
2026-03-27,STK0023,10.6477,10.7602,10.4499,10.5615,3802534,40160479.9
2026-03-30,STK0023,10.5802,11.1755,10.3255,10.9128,2780474,30342820.27
2026-03-31,STK0023,10.9051,10.9905,10.6063,10.69,2034106,21744518.53
2026-04-01,STK0023,10.6846,10.9319,10.6373,10.8838,2821148,30704687.29
2026-04-02,STK0023,10.9009,10.9621,10.5989,10.6587,5292897,56415541.17
2026-04-03,STK0023,10.692,10.9037,10.4717,10.6832,3274287,34979940.89
2026-04-06,STK0023,10.7005,11.3119,10.5468,11.1517,2455344,27381347.45
2026-04-07,STK0023,11.1403,11.4901,10.9689,11.316,1876648,21236194.45
2026-04-08,STK0023,11.2617,11.5627,10.9886,11.2888,2016213,22760709.63
2026-04-09,STK0023,11.2474,11.4005,10.8051,10.9542,3208836,35150295.8
2026-04-10,STK0023,11.0101,11.0618,10.9184,10.9698,1869500,20508077.36
2026-04-13,STK0023,10.942,11.6229,10.7393,11.4115,2537148,28952606.47
2026-04-14,STK0023,11.3197,11.575,11.2429,11.497,4222566,48546914.41
2026-04-15,STK0023,11.5773,11.8294,11.3993,11.6503,2674399,31157583.18
2026-04-16,STK0023,11.5846,12.0746,11.3338,11.8187,1751113,20695965.52
2026-04-17,STK0023,11.8212,11.9746,11.5026,11.6538,5513855,64257520.33
2026-04-20,STK0023,11.6882,11.8397,11.5804,11.7314,4940368,57957639.04
2026-04-21,STK0023,11.7317,12.0381,11.5529,11.8575,3161197,37483762.71
2026-04-22,STK0023,11.6825,11.8453,11.625,11.7873,4136849,48762190.07
2026-04-23,STK0023,11.8149,11.9221,11.392,11.4963,2387552,27448113.75
2026-04-24,STK0023,11.5882,11.8438,11.4307,11.685,3326026,38864493.75
2025-07-21,STK0024,22.7394,23.239,22.5598,23.0569,4051983,93426133.54
2025-07-22,STK0024,23.0022,23.5127,22.2599,22.7652,5839603,132939584.99
2025-07-23,STK0024,22.6479,23.1517,22.2107,22.7133,4627596,105108025.39
2025-07-24,STK0024,22.9141,23.4774,21.9693,22.523,5031482,113323908.37
2025-07-25,STK0024,22.6089,23.0867,21.5121,21.9765,3302789,72583785.31
2025-07-28,STK0024,21.8307,21.9953,21.1076,21.268,4685424,99649389.11
2025-07-29,STK0024,21.2406,22.081,20.9982,21.8319,4163014,90886429.82
2025-07-30,STK0024,21.9805,22.9325,21.5843,22.5265,4028994,90759268.23
2025-07-31,STK0024,22.4394,22.6474,21.5663,21.7681,3390506,73804833.49
2025-08-01,STK0024,21.8796,22.1984,21.4351,21.752,5950011,129424610.42
2025-08-04,STK0024,21.9333,22.1904,21.7695,22.026,4928689,108559216.59
2025-08-05,STK0024,22.1873,22.644,21.8046,22.2601,4690693,104415224.58
2025-08-06,STK0024,22.2842,22.5041,21.8337,22.0513,8872497,195649899.04
2025-08-07,STK0024,22.2174,22.7505,22.1448,22.6764,4911682,111379166.52
2025-08-08,STK0024,22.6054,23.5016,22.0571,22.945,6153473,141191223.3
2025-08-11,STK0024,23.2898,23.7884,22.7389,23.2363,4485442,104225264.09
2025-08-12,STK0024,23.2699,23.479,22.8061,23.0129,3580262,82392272.86
2025-08-13,STK0024,23.1718,23.2872,22.1844,22.2955,2760864,61554787.55
2025-08-14,STK0024,22.2471,23.0703,21.8264,22.6422,4348943,98469464.98
2025-08-15,STK0024,22.7101,22.8708,22.1031,22.2606,1564061,34816933.12
2025-08-18,STK0024,22.3333,23.032,21.9776,22.6709,4306137,97624057.65
2025-08-19,STK0024,22.5449,22.994,21.2867,21.7194,4265168,92636709.11
2025-08-20,STK0024,21.5948,21.9397,21.4163,21.7598,3436389,74775111.64
2025-08-21,STK0024,21.7331,21.9189,21.3257,21.5095,3630329,78086691.92
2025-08-22,STK0024,21.6527,21.7267,21.2523,21.3252,2404651,51279710.08
2025-08-25,STK0024,21.0922,21.5824,20.8948,21.3823,6139963,131286484.45
2025-08-26,STK0024,21.3358,21.9816,20.9999,21.641,3337860,72234542.06
2025-08-27,STK0024,21.8117,22.093,21.6899,21.9703,2687092,59036200.07
2025-08-28,STK0024,21.8085,22.8941,21.2868,22.3592,4560547,101970247.15
2025-08-29,STK0024,22.5281,22.9474,21.9652,22.3818,3920591,87750054.23
2025-09-01,STK0024,22.2309,23.816,22.0822,23.6578,3331612,78818525.88
2025-09-02,STK0024,23.528,24.5402,23.1938,24.1965,3189219,77167912.47
2025-09-03,STK0024,24.1751,24.4411,23.7183,23.9822,3675797,88153717.45
2025-09-04,STK0024,24.2533,24.5151,23.5319,23.7887,5967160,141950787.86
2025-09-05,STK0024,23.6975,24.1318,23.3449,23.778,4497312,106937239.96
2025-09-08,STK0024,23.5321,24.2724,23.4265,24.164,3865086,93395869.12
2025-09-09,STK0024,23.9616,24.1282,23.576,23.741,5228266,124124435.69
2025-09-10,STK0024,23.8742,24.0041,23.143,23.2696,3874305,90153524.27
2025-09-11,STK0024,23.0812,23.2197,22.118,22.2516,4379608,97453130.7
2025-09-12,STK0024,22.4107,22.7933,21.8421,22.2214,4001515,88919198.54
2025-09-15,STK0024,22.2307,23.3681,21.6769,22.8001,4661861,106290831.07
2025-09-16,STK0024,22.7957,23.2391,22.4087,22.8512,3198149,73081601.61
2025-09-17,STK0024,22.892,23.4563,22.15,22.7098,2452374,55692811.08
2025-09-18,STK0024,22.6009,23.2313,22.2557,22.8819,5022725,114929474.56
2025-09-19,STK0024,22.9008,23.0959,22.318,22.5097,5872876,132196756.42
2025-09-22,STK0024,22.3492,23.073,21.8561,22.575,2363045,53345646.14
2025-09-23,STK0024,22.7584,23.1954,22.6777,23.1134,3635296,84024150.95
2025-09-24,STK0024,22.9714,23.4005,22.8713,23.299,2952157,68782241.46
2025-09-25,STK0024,23.3604,24.4242,22.8045,23.8565,4780465,114045155.51
2025-09-26,STK0024,23.7088,24.8506,23.3069,24.4363,3887437,94994406.54
2025-09-29,STK0024,24.3582,25.3831,23.789,24.8035,11368458,281977575.46
2025-09-30,STK0024,24.7479,24.8731,24.5017,24.6262,3138354,77285802.17
2025-10-01,STK0024,25.0707,25.5638,23.738,24.2143,5900480,142876127.2
2025-10-02,STK0024,24.2122,25.2118,24.033,25.0266,6131358,153446860.44
2025-10-03,STK0024,24.9035,25.3427,24.657,25.0943,4068875,102105589.17
2025-10-06,STK0024,25.0275,25.6374,24.4599,25.0689,3492053,87541882.71
2025-10-07,STK0024,24.8436,25.1283,24.3662,24.6487,3545731,87397612.23
2025-10-08,STK0024,24.6246,25.3499,24.1956,24.9158,3468165,86412122.86
2025-10-09,STK0024,25.1941,25.7586,24.5249,25.087,5002748,125504054.42
2025-10-10,STK0024,25.1377,25.8604,24.5839,25.303,2444938,61864217.72
2025-10-13,STK0024,25.4405,25.4966,24.7031,24.7576,3048084,75463376.05
2025-10-14,STK0024,24.6228,24.7617,24.4447,24.5833,2966581,72928487.26
2025-10-15,STK0024,24.5534,25.7488,23.9855,25.1667,1785332,44931003.5
2025-10-16,STK0024,25.1976,25.9893,24.8212,25.6068,4450258,113956948.0
2025-10-17,STK0024,25.4956,26.3568,25.163,26.0174,4784181,124471806.57
2025-10-20,STK0024,26.0799,26.4996,25.9886,26.4072,2660047,70244330.48
2025-10-21,STK0024,26.5049,26.5731,25.7327,25.7991,4738900,122259512.73
2025-10-22,STK0024,25.8833,26.5026,25.2325,25.8511,1892550,48924529.04
2025-10-23,STK0024,25.8277,26.8922,25.4946,26.5497,3317507,88078874.1
2025-10-24,STK0024,26.7241,27.2609,25.8746,26.405,3166806,83619552.09
2025-10-27,STK0024,26.3642,26.8141,26.1781,26.6262,3435312,91469183.61
2025-10-28,STK0024,26.5705,26.8696,26.3725,26.6708,3576762,95395113.57
2025-10-29,STK0024,26.9025,27.303,26.4963,26.8966,3468862,93300756.98
2025-10-30,STK0024,26.7186,27.645,26.1268,27.0459,3029475,81934973.01
2025-10-31,STK0024,26.771,27.7695,26.5398,27.5317,3333145,91767111.0
2025-11-03,STK0024,27.3887,27.6506,26.7222,26.9802,5545586,149621146.75
2025-11-04,STK0024,27.043,27.4396,26.531,26.9258,2864876,77139156.01
2025-11-05,STK0024,27.134,27.4072,27.0548,27.3274,7688377,210103136.96
2025-11-06,STK0024,27.2193,27.9244,26.9277,27.6284,2815099,77776755.6
2025-11-07,STK0024,27.9309,28.5472,27.5177,28.1311,3692374,103870378.51
2025-11-10,STK0024,28.1356,28.232,28.0763,28.1726,4053040,114184514.83
2025-11-11,STK0024,28.153,28.6225,27.3093,27.7724,3091990,85872035.41
2025-11-12,STK0024,27.6311,27.7188,26.8227,26.9081,5559511,149595899.03
2025-11-13,STK0024,27.225,27.7303,26.22,26.7158,4085852,109156835.05
2025-11-14,STK0024,26.6917,27.2803,26.1462,26.7339,3153880,84315369.63
2025-11-17,STK0024,26.5211,27.8056,25.9564,27.2259,5389734,146740143.34
2025-11-18,STK0024,27.6303,28.1135,26.0078,26.4707,2327700,61615778.74
2025-11-19,STK0024,26.5333,27.4626,26.1375,27.059,2666040,72140335.32
2025-11-20,STK0024,27.189,27.4357,26.4658,26.7082,3910176,104433611.44
2025-11-21,STK0024,26.979,27.2964,26.4478,26.7627,4224711,113064825.02
2025-11-24,STK0024,26.8616,26.9691,26.5411,26.6478,3633389,96821775.92
2025-11-25,STK0024,26.8041,27.3379,26.3146,26.8475,3125804,83920146.62
2025-11-26,STK0024,26.8563,26.9253,26.7548,26.8236,3021584,81049888.21
2025-11-27,STK0024,26.942,27.4684,26.6319,27.1558,4900760,133084174.57
2025-11-28,STK0024,27.1503,28.1024,26.7799,27.7242,3632354,100704136.92
2025-12-01,STK0024,27.7208,28.1908,27.1608,27.6292,2428700,67103013.61
2025-12-02,STK0024,27.649,27.9226,26.8141,27.0821,2354159,63755477.37
2025-12-03,STK0024,27.0177,27.4456,26.6885,27.1152,5570444,151043965.39
2025-12-04,STK0024,27.1974,28.6271,26.7756,28.1899,2539607,71591342.66
2025-12-05,STK0024,28.2749,29.0027,27.618,28.3442,3592413,101824065.44
2025-12-08,STK0024,28.4838,29.2687,27.9866,28.7666,5226405,150345774.0
2025-12-09,STK0024,28.8772,29.1039,28.0374,28.2593,4012625,113394071.68
2025-12-10,STK0024,28.6005,29.215,27.7881,28.3983,2596376,73732564.59
2025-12-11,STK0024,28.5782,28.6715,28.3529,28.4459,2349978,66847123.59
2025-12-12,STK0024,28.4105,28.6453,27.6849,27.9155,6283718,175413344.79
2025-12-15,STK0024,27.9915,28.1171,27.7547,27.8798,2244361,62572332.34
2025-12-16,STK0024,28.1171,28.4624,27.4069,27.7477,2626704,72884973.92
2025-12-17,STK0024,27.59,28.0493,26.9289,27.3848,3677475,100707014.38
2025-12-18,STK0024,27.7178,28.1117,27.2859,27.6793,3031478,83909152.39
2025-12-19,STK0024,27.5509,28.1201,26.6796,27.2424,3939380,107318180.94
2025-12-22,STK0024,27.39,28.1201,26.9777,27.7031,1906280,52809945.87
2025-12-23,STK0024,27.7042,28.094,27.5006,27.8889,2895185,80743662.35
2025-12-24,STK0024,27.8804,28.3694,27.4807,27.9684,3958620,110716392.97
2025-12-25,STK0024,27.7506,28.6989,27.2257,28.1661,3960643,111555873.5
2025-12-26,STK0024,28.3199,28.8722,27.9356,28.4857,2584440,73619487.26
2025-12-29,STK0024,28.2663,28.7308,27.9224,28.3854,2224931,63155664.7
2025-12-30,STK0024,28.1408,28.5395,27.0203,27.4087,3460030,94834943.1
2025-12-31,STK0024,27.6001,28.0926,27.197,27.6882,1981760,54871399.59
2026-01-01,STK0024,27.9871,28.243,27.3487,27.601,4871722,134464566.91
2026-01-02,STK0024,27.4908,28.1226,26.8957,27.5267,3331022,91692033.91
2026-01-05,STK0024,27.6929,27.8805,27.3237,27.5102,2450332,67409012.12
2026-01-06,STK0024,27.6419,28.3161,27.5658,28.2383,2109853,59578743.48
2026-01-07,STK0024,28.2228,29.8196,27.6851,29.2621,2475009,72423867.08
2026-01-08,STK0024,29.4975,30.128,28.4876,29.1097,1772656,51601553.2
2026-01-09,STK0024,29.0812,29.5692,28.155,28.6356,3699757,105944642.09
2026-01-12,STK0024,28.7246,29.2751,28.3574,28.9055,2348606,67887699.67
2026-01-13,STK0024,28.6889,30.1056,27.988,29.3876,3562794,104702097.16
2026-01-14,STK0024,29.1749,29.482,28.213,28.5132,3816176,108811400.06
2026-01-15,STK0024,28.7139,29.0394,28.0613,28.383,4347787,123403307.21
2026-01-16,STK0024,28.477,28.948,28.0329,28.5034,3459859,98617906.93
2026-01-19,STK0024,28.4791,28.818,27.4836,27.8146,4652120,129396778.82
2026-01-20,STK0024,28.1348,28.5504,26.6485,27.048,5109314,138196920.11
2026-01-21,STK0024,27.3577,28.0206,26.2375,26.889,3451742,92813898.53
2026-01-22,STK0024,26.9599,27.1611,26.5597,26.7594,3502865,93734592.8
2026-01-23,STK0024,26.5267,26.9505,26.383,26.8052,2548613,68316205.67
2026-01-26,STK0024,26.7873,27.1018,26.1459,26.4565,2180271,57682406.51
2026-01-27,STK0024,26.3247,26.9284,25.9669,26.5673,4752285,126255227.64
2026-01-28,STK0024,26.5815,28.3785,26.0923,27.8657,3862595,107633966.06
2026-01-29,STK0024,27.7096,28.509,27.0454,27.8417,3945210,109841322.93
2026-01-30,STK0024,27.6426,28.674,27.1495,28.1714,2567025,72316727.66
2026-02-02,STK0024,27.7916,29.3382,27.105,28.6308,5659165,162026580.91
2026-02-03,STK0024,28.6596,29.1627,28.4399,28.9409,2975264,86106707.77
2026-02-04,STK0024,28.5444,28.8915,28.3502,28.6963,2429458,69716396.61
2026-02-05,STK0024,28.6412,29.9989,28.382,29.7298,2639088,78459689.21
2026-02-06,STK0024,29.854,30.4542,29.1345,29.7323,5639069,167662365.62
2026-02-09,STK0024,29.6037,29.7899,28.441,28.621,2208784,63217666.68
2026-02-10,STK0024,28.4353,28.7408,28.2502,28.5548,2447127,69877324.4
2026-02-11,STK0024,28.5432,28.8706,27.9283,28.2523,8542137,241335139.05
2026-02-12,STK0024,28.1122,29.5007,27.8507,29.2287,4404078,128725679.11
2026-02-13,STK0024,29.2613,30.3016,28.7677,29.7989,2356264,70214173.43
2026-02-16,STK0024,29.6148,30.2804,28.293,28.9435,2091906,60547065.65
2026-02-17,STK0024,28.9254,29.5905,28.7753,29.4377,1694883,49893449.73
2026-02-18,STK0024,29.3766,30.0025,28.9484,29.5715,3156487,93341916.57
2026-02-19,STK0024,29.5694,29.6887,29.1907,29.3089,3869701,113416812.39
2026-02-20,STK0024,29.5979,29.8079,29.0689,29.2766,5130534,150204475.36
2026-02-23,STK0024,29.3117,30.7373,29.0447,30.4598,1558659,47476449.07
2026-02-24,STK0024,30.5521,31.0202,28.9981,29.4492,1982289,58376909.74
2026-02-25,STK0024,29.3391,30.3792,28.9059,29.9372,3029031,90680789.15
2026-02-26,STK0024,29.9774,30.9464,29.474,30.4354,8550532,260238666.64
2026-02-27,STK0024,30.3852,31.0183,29.5006,30.1283,4296903,129458472.74
2026-03-02,STK0024,30.1337,30.4654,29.9437,30.2745,3645925,110378448.72
2026-03-03,STK0024,30.3926,30.973,29.6047,30.1811,2091331,63118635.47
2026-03-04,STK0024,30.0906,30.805,29.5688,30.2799,1535069,46481757.18
2026-03-05,STK0024,30.2077,30.3235,29.5588,29.6726,3281896,97382325.68
2026-03-06,STK0024,29.5861,30.5757,29.2924,30.2751,3207974,97121860.93
2026-03-09,STK0024,30.1834,30.263,29.6632,29.7416,3035915,90293044.43
2026-03-10,STK0024,29.7726,29.8939,29.0506,29.1695,2884443,84137636.52
2026-03-11,STK0024,29.1058,29.5935,28.8576,29.3433,2512606,73728242.97
2026-03-12,STK0024,29.6083,29.833,28.8385,29.0591,2347443,68214642.48
2026-03-13,STK0024,29.53,30.2005,27.8043,28.4503,5411580,153960944.88
2026-03-16,STK0024,28.3535,29.0019,27.7139,28.3621,2384456,67628211.58
2026-03-17,STK0024,28.4122,29.3197,27.9777,28.8781,2975238,85919223.9
2026-03-18,STK0024,29.0585,29.6079,28.2623,28.8069,3180579,91622580.22
2026-03-19,STK0024,28.761,29.4798,27.31,28.01,4155832,116404763.85
2026-03-20,STK0024,27.8434,28.3133,27.525,27.9932,2379976,66623200.52
2026-03-23,STK0024,28.2867,28.9796,27.8902,28.579,4496651,128509999.56
2026-03-24,STK0024,28.6969,30.6437,28.2098,30.1321,2585590,77909320.81
2026-03-25,STK0024,30.1898,31.7037,29.4902,30.9857,3061658,94867544.16
2026-03-26,STK0024,31.2565,31.892,29.8053,30.4239,5793478,176260196.87
2026-03-27,STK0024,30.5648,31.0971,30.4584,30.9892,2366318,73330285.04
2026-03-30,STK0024,30.9803,32.0544,30.4103,31.4753,4465181,140542848.66
2026-03-31,STK0024,31.2914,31.5353,30.6639,30.9047,4934785,152508244.45
2026-04-01,STK0024,30.8134,31.2295,30.5711,30.9859,3957804,122635940.29
2026-04-02,STK0024,31.2107,32.8494,30.7554,32.3771,3372308,109185519.9
2026-04-03,STK0024,32.5099,33.8153,31.9242,33.2169,7534956,250288061.6
2026-04-06,STK0024,33.1797,33.3676,32.8478,33.0348,3520482,116298445.65
2026-04-07,STK0024,33.3868,33.6951,32.8087,33.1145,3798456,125783880.4
2026-04-08,STK0024,33.0833,33.726,32.4722,33.1144,3169064,104941651.3
2026-04-09,STK0024,33.3112,33.4943,31.6058,31.7805,3798145,120706987.13
2026-04-10,STK0024,31.8225,32.5081,30.5756,31.2488,4952969,154774319.14
2026-04-13,STK0024,31.6133,32.1815,31.2185,31.7845,3168264,100701691.09
2026-04-14,STK0024,31.9284,32.4226,31.3659,31.859,1683250,53626692.28
2026-04-15,STK0024,31.8678,31.9905,30.6335,30.7519,4191029,128882098.28
2026-04-16,STK0024,30.7189,32.0972,29.9831,31.3464,2350949,73693696.37
2026-04-17,STK0024,31.3435,32.4385,30.6265,31.7131,4440773,140830674.63
2026-04-20,STK0024,31.5754,31.7766,31.1912,31.3912,3417549,107281000.34
2026-04-21,STK0024,31.1348,32.1519,30.5977,31.6066,4768964,150730786.86
2026-04-22,STK0024,31.6652,32.503,31.0243,31.8581,2479505,78992371.99
2026-04-23,STK0024,31.7563,32.2874,31.6037,32.133,2885323,92714029.95
2026-04-24,STK0024,32.0298,32.5192,30.6888,31.165,3053929,95175831.81
2025-07-21,STK0025,47.3784,47.9975,46.3709,46.9849,6743257,316831252.32
2025-07-22,STK0025,46.5788,46.9811,44.939,45.3305,2942133,133368288.2
2025-07-23,STK0025,45.0917,46.4781,44.2889,45.6651,7837751,357911788.34
2025-07-24,STK0025,45.7798,46.6318,45.546,46.3948,2883147,133763086.08
2025-07-25,STK0025,46.1097,46.4642,43.6705,44.0089,2138414,94109194.87
2025-07-28,STK0025,43.8657,44.0158,42.542,42.6881,4083096,174299573.68
2025-07-29,STK0025,42.7091,42.8352,41.5732,41.6963,6049125,252226371.56
2025-07-30,STK0025,41.7671,43.0807,40.9015,42.2059,5178453,218561403.48
2025-07-31,STK0025,41.9416,42.8993,39.8762,40.808,5771118,235507846.86
2025-08-01,STK0025,40.8425,41.6418,39.6728,40.4647,5140383,208004003.88
2025-08-04,STK0025,40.5616,42.2702,39.6734,41.3644,2856543,118159241.53
2025-08-05,STK0025,41.0496,42.0101,40.8858,41.8431,4989808,208789114.66
2025-08-06,STK0025,41.8971,42.8464,40.6338,41.5758,3960742,164670975.17
2025-08-07,STK0025,41.3974,42.8526,40.8709,42.3144,2994183,126697104.51
2025-08-08,STK0025,42.3459,44.1911,41.5126,43.3382,4048604,175459280.01
2025-08-11,STK0025,43.5266,44.2301,42.2546,42.9487,3716300,159610421.05
2025-08-12,STK0025,42.9033,43.3344,41.0148,41.431,6332887,262378043.52
2025-08-13,STK0025,41.6587,42.2976,41.3217,41.9582,3201382,134324146.2
2025-08-14,STK0025,42.1577,42.8474,41.9589,42.6462,3150449,134354796.52
2025-08-15,STK0025,42.8792,43.3719,42.1493,42.6393,2977952,126977729.9
2025-08-18,STK0025,42.7425,43.3138,40.5629,41.1123,7500447,308360601.19
2025-08-19,STK0025,41.3847,42.4033,39.6696,40.6706,3087287,125561764.54
2025-08-20,STK0025,40.7647,40.8812,40.4127,40.5285,6017470,243879082.59
2025-08-21,STK0025,40.1251,40.75,39.0123,39.6295,2664176,105579836.23
2025-08-22,STK0025,39.4416,39.9967,38.8558,39.4105,4547525,179220125.21
2025-08-25,STK0025,39.3606,39.46,38.8411,38.9394,4263251,166008607.25
2025-08-26,STK0025,38.9191,39.2921,38.4654,38.8376,5984437,232421354.59
2025-08-27,STK0025,38.9211,39.991,38.4646,39.5275,5571558,220229572.92
2025-08-28,STK0025,39.3365,40.4315,38.8107,39.8981,3946713,157466314.84
2025-08-29,STK0025,40.3819,40.6795,39.4452,39.7381,3264270,129715797.58
2025-09-01,STK0025,39.7137,40.2331,39.6031,40.1214,7083042,284181215.29
2025-09-02,STK0025,40.1195,40.4709,39.3322,39.6797,3156586,125252423.28
2025-09-03,STK0025,39.5203,40.3596,38.5153,39.351,1776577,69910071.96
2025-09-04,STK0025,39.1148,40.3156,38.3098,39.5026,2049168,80947489.59
2025-09-05,STK0025,39.4727,39.7157,38.7855,39.0258,2230848,87060560.98
2025-09-08,STK0025,39.0322,41.2062,38.3739,40.5228,4864001,197102703.03
2025-09-09,STK0025,40.5016,41.8966,39.5602,40.9449,8527277,349148289.88
2025-09-10,STK0025,41.3535,41.5999,38.4768,38.7074,1897402,73443540.79
2025-09-11,STK0025,38.6781,38.8699,38.3145,38.5055,2988749,115083240.25
2025-09-12,STK0025,38.4856,39.6061,38.3891,39.507,3987062,157516757.67
2025-09-15,STK0025,39.7007,40.3353,39.4639,40.0961,6558692,262977783.01
2025-09-16,STK0025,40.0549,40.8849,39.2073,40.0369,2849487,114084545.19
2025-09-17,STK0025,40.1666,40.999,38.9575,39.7819,4659370,185358557.72
2025-09-18,STK0025,39.4778,40.6095,38.9081,40.0319,3476987,139190264.06
2025-09-19,STK0025,39.7277,41.0641,39.3435,40.6707,9577882,389539608.56
2025-09-22,STK0025,40.7005,41.5372,38.9468,39.7642,3997867,158971856.81
2025-09-23,STK0025,39.7089,39.9665,39.4315,39.6889,4224360,167660214.04
2025-09-24,STK0025,39.4967,41.2126,39.2907,40.9987,3816021,156451921.39
2025-09-25,STK0025,41.0287,41.4871,40.8624,41.3197,3195810,132049985.76
2025-09-26,STK0025,41.3716,43.4546,40.4788,42.5367,5168445,219848446.94
2025-09-29,STK0025,42.3559,45.877,41.5748,45.0463,2409024,108517602.59
2025-09-30,STK0025,44.9063,45.6878,44.1714,44.9521,1806471,81204694.36
2025-10-01,STK0025,45.0106,45.8537,42.6271,43.4408,3407847,148039663.37
2025-10-02,STK0025,43.1755,43.4043,42.9154,43.1441,4732174,204165259.25
2025-10-03,STK0025,42.988,44.3292,42.5216,43.8534,2954328,129557203.67
2025-10-06,STK0025,43.9941,45.5414,43.0823,44.6168,3739930,166863569.96
2025-10-07,STK0025,44.6104,47.4733,43.5805,46.4021,2296506,106562644.15
2025-10-08,STK0025,46.2694,47.7118,45.6308,47.0623,5131232,241487675.42
2025-10-09,STK0025,46.808,47.3659,46.583,47.1393,4389873,206935420.71
2025-10-10,STK0025,46.8536,48.1538,45.7054,47.002,3494994,164271768.63
2025-10-13,STK0025,46.9649,47.4855,43.7798,44.2705,3750158,166021552.17
2025-10-14,STK0025,44.8119,45.2303,43.7289,44.141,2235433,98674298.14
2025-10-15,STK0025,44.2911,44.5019,43.1318,43.338,2307223,99990540.48
2025-10-16,STK0025,42.9928,44.223,42.8944,44.1219,3646429,160887377.87
2025-10-17,STK0025,44.3095,45.0134,42.2915,42.9741,4508130,193732892.48
2025-10-20,STK0025,42.7789,43.467,42.0704,42.7582,4481271,191610883.17
2025-10-21,STK0025,42.7569,43.1807,42.441,42.864,3236713,138738591.27
2025-10-22,STK0025,42.7129,43.252,42.4683,43.0058,4828520,207654298.58
2025-10-23,STK0025,43.5309,44.1466,42.7388,43.3519,5948348,257872428.09
2025-10-24,STK0025,43.0579,45.3325,42.5406,44.7943,3458745,154932209.7
2025-10-27,STK0025,44.8787,45.985,44.4755,45.5756,3927845,179013735.9
2025-10-28,STK0025,45.3885,45.7071,44.2729,44.5859,3294677,146895989.93
2025-10-29,STK0025,44.7839,46.5379,43.8093,45.5466,3401662,154934210.47
2025-10-30,STK0025,45.6269,48.4389,44.5032,47.2746,3729191,176296017.37
2025-10-31,STK0025,47.6318,48.1166,46.7929,47.2741,6396069,302368523.47
2025-11-03,STK0025,47.4782,48.5207,46.6209,47.6601,4771763,227422614.6
2025-11-04,STK0025,47.4622,48.5104,46.4224,47.4704,4594166,218086898.17
2025-11-05,STK0025,48.3083,48.4349,46.9106,47.0338,2881154,135511577.85
2025-11-06,STK0025,47.1908,48.2708,45.8146,46.8877,2460552,115369574.71
2025-11-07,STK0025,46.733,48.5655,46.103,47.9196,3815521,182838092.48
2025-11-10,STK0025,47.9787,49.266,47.2684,48.5473,5198689,252382248.15
2025-11-11,STK0025,48.7314,49.434,47.1241,47.8134,6146571,293888741.58
2025-11-12,STK0025,47.9838,48.3479,46.5508,46.9067,1420315,66622310.0
2025-11-13,STK0025,47.0465,47.9871,45.2259,46.1484,8101583,373875373.03
2025-11-14,STK0025,46.4168,47.2915,44.6865,45.5447,4004898,182402046.76
2025-11-17,STK0025,45.7826,46.747,45.5902,46.5513,4731187,220242845.99
2025-11-18,STK0025,46.3152,47.0073,44.9949,45.6775,1855796,84768186.8
2025-11-19,STK0025,46.2589,47.5879,45.1482,46.472,3085334,143381591.56
2025-11-20,STK0025,47.0242,48.0605,45.8546,46.8879,4466412,209420628.19
2025-11-21,STK0025,47.1138,48.0211,46.3413,47.2464,2230088,105363696.25
2025-11-24,STK0025,47.2574,48.7873,46.9469,48.4689,1189553,57656310.26
2025-11-25,STK0025,48.4851,49.7008,48.001,49.2093,3601874,177245840.73
2025-11-26,STK0025,49.1138,49.3819,47.5742,47.8353,3123212,149399807.97
2025-11-27,STK0025,47.7795,48.7784,45.9375,46.9183,5177287,242909336.49
2025-11-28,STK0025,46.3067,47.2286,45.1224,46.039,2957932,136180270.52
2025-12-01,STK0025,46.4637,47.5295,44.7073,45.7569,3042996,139238084.66
2025-12-02,STK0025,46.0813,46.5236,45.922,46.3633,3997011,185314500.96
2025-12-03,STK0025,45.8992,47.144,44.789,46.0306,4532821,208648415.44
2025-12-04,STK0025,46.277,48.8387,45.1559,47.6835,2441900,116438244.3
2025-12-05,STK0025,47.6813,48.5162,45.9098,46.7281,4352388,203378629.16
2025-12-08,STK0025,46.6723,47.7122,45.1287,46.1571,2566373,118456213.03
2025-12-09,STK0025,46.2937,47.0651,45.7343,46.5031,3111647,144701292.16
2025-12-10,STK0025,46.0194,46.4431,45.2926,45.7135,3916810,179051202.57
2025-12-11,STK0025,45.7104,47.3019,45.4567,47.0408,4089113,192355016.28
2025-12-12,STK0025,47.0632,47.1915,44.285,44.4061,3392661,150654781.45
2025-12-15,STK0025,44.4275,44.5593,43.8304,43.9608,2078076,91353946.09
2025-12-16,STK0025,43.6016,45.3215,42.8209,44.5242,1582907,70477680.0
2025-12-17,STK0025,44.6438,45.0786,43.7446,44.1749,2865776,126595325.8
2025-12-18,STK0025,44.4567,45.5774,44.3125,45.4301,4253558,193239562.25
2025-12-19,STK0025,45.5413,46.7655,45.3327,46.5522,3584629,166872468.93
2025-12-22,STK0025,46.4883,47.6608,45.6839,46.8502,3359588,157397452.65
2025-12-23,STK0025,47.6122,49.1275,46.4891,47.9953,3045846,146186207.57
2025-12-24,STK0025,47.7298,50.468,47.1864,49.9,3344386,166884847.82
2025-12-25,STK0025,50.1321,51.129,48.6488,49.6359,2098963,104183926.21
2025-12-26,STK0025,49.7084,50.9209,48.4591,49.6707,3820461,189765114.32
2025-12-29,STK0025,50.2741,51.2011,49.3545,50.2814,3922103,197208832.33
2025-12-30,STK0025,50.3982,52.4819,49.4593,51.5221,2621721,135076458.41
2025-12-31,STK0025,51.7082,52.5441,50.7095,51.5427,3534069,182155476.4
2026-01-01,STK0025,51.6993,53.1797,50.4334,51.9087,1636181,84931949.44
2026-01-02,STK0025,51.5801,53.9429,51.1212,53.4673,3215478,171922910.67
2026-01-05,STK0025,53.1893,54.2535,51.6955,52.751,2885311,152203001.1
2026-01-06,STK0025,52.6638,54.6589,52.0557,54.035,4531346,244851314.14
2026-01-07,STK0025,54.3463,54.7547,54.0433,54.4512,2706826,147389902.62
2026-01-08,STK0025,54.5274,58.1221,53.4911,57.0381,3906645,222827576.52
2026-01-09,STK0025,56.9674,58.168,55.4673,56.6615,2559721,145037590.26
2026-01-12,STK0025,57.1299,58.3789,54.8107,56.0358,1301619,72937222.15
2026-01-13,STK0025,55.3732,59.0749,54.0884,57.7352,2700002,155885287.65
2026-01-14,STK0025,57.2881,58.3842,54.9295,56.001,3125046,175005621.65
2026-01-15,STK0025,55.1684,56.6252,54.3885,55.836,3009247,168024261.4
2026-01-16,STK0025,56.2423,58.3168,54.9155,56.9728,3000253,170932833.73
2026-01-19,STK0025,56.9398,57.3281,54.646,55.0213,2426208,133493103.37
2026-01-20,STK0025,55.3412,55.5503,54.5585,54.7654,2579726,141279844.45
2026-01-21,STK0025,54.7296,57.0271,54.0768,56.355,1974580,111277406.04
2026-01-22,STK0025,56.702,57.5747,55.3969,56.2629,1474811,82977114.29
2026-01-23,STK0025,56.2201,57.2118,53.6658,54.6295,2838731,155078324.66
2026-01-26,STK0025,54.764,55.9006,52.7904,53.9093,2226755,120042828.49
2026-01-27,STK0025,53.9946,54.1358,53.1651,53.3045,4145534,220975464.56
2026-01-28,STK0025,53.4126,54.9373,52.3204,53.8365,1352791,72829492.62
2026-01-29,STK0025,54.3834,55.4846,53.524,54.6214,3221982,175989083.79
2026-01-30,STK0025,54.0916,56.9858,52.7978,55.6547,5957516,331563488.37
2026-02-02,STK0025,55.6318,56.9547,55.0754,56.3907,2692974,151858700.39
2026-02-03,STK0025,56.4577,58.4685,55.5437,57.537,2792334,160662392.24
2026-02-04,STK0025,57.5536,58.6834,55.6778,56.7927,3204862,182012834.48
2026-02-05,STK0025,56.6573,59.1905,55.8711,58.3803,3297778,192525296.94
2026-02-06,STK0025,58.1933,59.9978,57.8682,59.6645,2488041,148447823.22
2026-02-09,STK0025,60.2148,60.4042,58.6779,58.8631,2041755,120183989.52
2026-02-10,STK0025,58.8381,59.1408,58.5697,58.8722,3625274,213427786.33
2026-02-11,STK0025,59.7397,60.5392,57.6179,58.3995,1480057,86434585.16
2026-02-12,STK0025,58.5849,59.5639,56.5192,57.4797,3915636,225069693.06
2026-02-13,STK0025,57.3799,58.8623,56.5122,57.9854,2606208,151122121.58
2026-02-16,STK0025,58.178,59.2484,55.8186,56.8647,2981394,169536133.51
2026-02-17,STK0025,56.9019,57.0667,56.6993,56.864,2469632,140433224.02
2026-02-18,STK0025,57.3237,57.6182,54.2086,54.4884,4837462,263585629.79
2026-02-19,STK0025,54.108,55.521,53.0525,54.4587,3230744,175942050.5
2026-02-20,STK0025,53.8733,54.949,51.904,52.9615,2686771,142295447.61
2026-02-23,STK0025,53.0763,55.535,52.1129,54.5448,2584164,140952828.82
2026-02-24,STK0025,54.819,55.8685,53.2352,54.2742,2756773,149621725.42
2026-02-25,STK0025,54.3674,55.6809,53.0273,54.3402,6597187,358492188.92
2026-02-26,STK0025,54.5599,56.5563,53.2659,55.246,1802180,99563259.52
2026-02-27,STK0025,55.4205,56.3528,53.4595,54.3743,4097666,222807521.35
2026-03-02,STK0025,53.8934,54.5498,53.3898,54.0447,3354972,181318560.23
2026-03-03,STK0025,54.136,54.2618,53.4136,53.5381,4794136,256668694.31
2026-03-04,STK0025,53.9627,56.0698,53.0709,55.1582,3476927,191780949.57
2026-03-05,STK0025,55.2151,56.4915,54.5569,55.826,2790592,155787614.26
2026-03-06,STK0025,55.389,57.4743,55.0909,57.1667,4009080,229185720.85
2026-03-09,STK0025,57.0523,57.4488,55.874,56.2651,3084944,173574755.99
2026-03-10,STK0025,56.4534,59.4217,55.1245,58.0551,3684261,213890120.96
2026-03-11,STK0025,58.6839,58.8907,57.1593,57.3614,4635609,265905212.83
2026-03-12,STK0025,56.6921,57.8322,55.4306,56.5683,2887502,163340961.15
2026-03-13,STK0025,56.691,57.9806,55.183,56.4675,2449044,138291358.72
2026-03-16,STK0025,56.1525,58.2645,55.1512,57.2437,2265683,129696099.57
2026-03-17,STK0025,57.4184,57.6142,56.1418,56.3339,3308626,186387958.53
2026-03-18,STK0025,56.533,58.2788,55.3201,57.0548,2090385,119266405.81
2026-03-19,STK0025,56.975,57.945,55.4432,56.4035,2585049,145805760.93
2026-03-20,STK0025,56.6176,57.0916,54.8902,55.3536,2084734,115397583.83
2026-03-23,STK0025,55.7335,57.5325,54.8149,56.5997,3480470,196993429.76
2026-03-24,STK0025,56.5438,56.9547,56.2531,56.6634,2305135,130616728.98
2026-03-25,STK0025,56.2106,60.2658,55.1833,59.1841,1950302,115426938.01
2026-03-26,STK0025,59.6925,61.0517,57.6411,58.9841,2111380,124537803.22
2026-03-27,STK0025,59.2781,60.1848,58.4483,59.3539,2531272,150240824.85
2026-03-30,STK0025,59.555,63.3036,58.1317,61.826,2589591,160104171.18
2026-03-31,STK0025,61.5703,62.9557,60.8267,62.2045,3254704,202457117.37
2026-04-01,STK0025,62.5733,64.741,61.214,63.3645,2857647,181073289.04
2026-04-02,STK0025,64.1458,65.4154,60.6387,61.8632,3446401,213205308.29
2026-04-03,STK0025,61.8182,62.0675,61.4238,61.6726,3450168,212780815.0
2026-04-06,STK0025,61.7076,64.514,60.2889,63.0641,3888063,245197078.97
2026-04-07,STK0025,62.6623,65.95,61.2248,64.471,1531024,98706704.03
2026-04-08,STK0025,64.1933,65.3409,63.5461,64.6887,2005586,129738689.36
2026-04-09,STK0025,64.2729,66.0216,62.9715,64.7112,3532410,228586549.91
2026-04-10,STK0025,64.762,67.5194,64.2979,67.039,3155501,211541597.92
2026-04-13,STK0025,66.9021,68.9538,66.7215,68.7682,4156221,285815879.93
2026-04-14,STK0025,68.9222,69.3897,65.6663,66.1148,1718675,113629781.08
2026-04-15,STK0025,65.7619,68.5616,64.8983,67.6729,2482788,168017559.04
2026-04-16,STK0025,67.6049,67.8576,67.3799,67.6325,2749311,185942663.54
2026-04-17,STK0025,67.2466,67.7622,66.8647,67.3795,3175071,213934546.43
2026-04-20,STK0025,67.4553,69.0648,65.4986,67.0996,3000468,201330272.52
2026-04-21,STK0025,66.4457,68.5234,65.5581,67.6201,3528992,238630958.94
2026-04-22,STK0025,67.6817,69.0983,64.7201,66.1038,2833434,187300682.19
2026-04-23,STK0025,65.9933,66.4389,63.4596,63.891,4690847,299702760.12
2026-04-24,STK0025,63.9604,64.2185,62.4564,62.7095,5334480,334522368.75
2025-07-21,STK0026,10.9611,11.1123,10.8012,10.9522,3150901,34509435.62
2025-07-22,STK0026,10.9576,11.1945,10.5782,10.8119,2685813,29038757.39
2025-07-23,STK0026,10.9004,11.1069,10.6681,10.8741,2651815,28836064.84
2025-07-24,STK0026,10.8806,11.2533,10.7686,11.1386,2844682,31685849.55
2025-07-25,STK0026,11.2669,11.4598,10.8545,11.0435,2103310,23227990.11
2025-07-28,STK0026,11.0327,11.2965,10.4889,10.7459,3247699,34899488.66
2025-07-29,STK0026,10.7479,11.1327,10.5376,10.919,2779816,30352767.33
2025-07-30,STK0026,10.8543,11.0531,10.3784,10.572,3742803,39568936.03
2025-07-31,STK0026,10.55,10.6249,10.4419,10.5166,4736281,49809577.37
2025-08-01,STK0026,10.4418,10.6623,10.0174,10.2335,2910106,29780635.72
2025-08-04,STK0026,10.1391,10.272,10.0279,10.1606,2149212,21837244.96
2025-08-05,STK0026,10.0893,10.7705,9.9243,10.5972,1911837,20260103.36
2025-08-06,STK0026,10.6026,10.7891,10.1513,10.333,5182568,53551726.91
2025-08-07,STK0026,10.2875,10.431,10.145,10.2885,5026320,51713102.25
2025-08-08,STK0026,10.2577,10.493,10.1981,10.4324,4003297,41764056.89
2025-08-11,STK0026,10.4581,10.6468,10.0892,10.2746,2989019,30710959.38
2025-08-12,STK0026,10.1796,10.4227,10.1013,10.3432,3897931,40316970.02
2025-08-13,STK0026,10.3482,10.6173,10.2643,10.5319,4618400,48640710.57
2025-08-14,STK0026,10.5857,10.7981,10.5336,10.7452,2349200,25242704.61
2025-08-15,STK0026,10.8057,10.9813,10.4841,10.6574,2931947,31246862.24
2025-08-18,STK0026,10.6905,10.7407,10.5718,10.6217,1966511,20887768.98
2025-08-19,STK0026,10.6184,10.7737,10.5129,10.6676,2751606,29353148.61
2025-08-20,STK0026,10.6278,11.1574,10.3891,10.9123,4858943,53022289.58
2025-08-21,STK0026,10.9069,11.0445,10.7714,10.909,4181858,45619758.14
2025-08-22,STK0026,11.0177,11.2664,10.6995,10.9466,3029084,33158048.93
2025-08-25,STK0026,10.9645,11.1383,10.8183,10.9917,1157804,12726261.64
2025-08-26,STK0026,10.9847,11.0989,10.9175,11.0315,2375414,26204285.75
2025-08-27,STK0026,11.0688,11.2842,10.7406,10.9537,3078022,33715838.25
2025-08-28,STK0026,10.957,11.2611,10.846,11.1482,2727755,30409628.32
2025-08-29,STK0026,11.1633,11.5289,10.8929,11.2562,2977933,33520321.74
2025-09-01,STK0026,11.2396,11.3298,10.9639,11.0527,3231539,35717112.11
2025-09-02,STK0026,11.0252,11.2557,10.6314,10.8585,2453690,26643311.91
2025-09-03,STK0026,10.9236,11.0695,10.5811,10.7243,2885481,30944859.82
2025-09-04,STK0026,10.5996,10.8444,10.3731,10.6175,2715394,28830757.66
2025-09-05,STK0026,10.6481,10.9831,10.5819,10.9154,2237573,24423893.37
2025-09-08,STK0026,10.8842,11.878,10.7038,11.6843,5522526,64526985.93
2025-09-09,STK0026,11.5515,11.6047,11.1234,11.1748,2395445,26768615.18
2025-09-10,STK0026,11.1096,11.3912,10.8816,11.1621,1290891,14409034.41
2025-09-11,STK0026,11.1597,11.2425,11.0215,11.1039,5321557,59089855.36
2025-09-12,STK0026,11.1106,11.2695,10.9791,11.1377,2105709,23452799.49
2025-09-15,STK0026,11.1873,11.5207,10.9961,11.3272,3845921,43563484.81
2025-09-16,STK0026,11.3822,11.5673,11.2343,11.4188,2187349,24976998.44
2025-09-17,STK0026,11.3134,11.5387,11.0623,11.287,3395190,38321603.34
2025-09-18,STK0026,11.3126,11.525,11.1109,11.3232,2781981,31500800.22
2025-09-19,STK0026,11.3728,11.5135,11.3159,11.4563,4088170,46835172.99
2025-09-22,STK0026,11.4713,11.8105,11.2443,11.5814,2628269,30438904.6
2025-09-23,STK0026,11.6163,11.854,11.4799,11.7165,2245560,26310079.48
2025-09-24,STK0026,11.5814,11.8073,11.399,11.6242,2990293,34759800.64
2025-09-25,STK0026,11.5554,12.3955,11.4747,12.3095,2394514,29475324.45
2025-09-26,STK0026,12.4108,12.5564,12.2593,12.4049,1406081,17442236.86
2025-09-29,STK0026,12.3841,12.8785,12.1265,12.6161,2291155,28905480.25
2025-09-30,STK0026,12.7855,13.0835,12.285,12.5781,7514645,94520281.18
2025-10-01,STK0026,12.482,12.7765,12.1769,12.4711,1431872,17856977.77
2025-10-02,STK0026,12.5886,12.8165,12.2595,12.4855,2953507,36876110.06
2025-10-03,STK0026,12.4399,12.4873,11.9762,12.022,2433514,29255766.72
2025-10-06,STK0026,12.0844,12.2316,11.6664,11.8102,5051474,59659064.04
2025-10-07,STK0026,11.7893,11.8652,11.56,11.6349,1817414,21145428.15
2025-10-08,STK0026,11.643,11.878,11.4329,11.6675,2725127,31795400.47
2025-10-09,STK0026,11.7093,11.7761,11.302,11.3669,3350859,38089024.65
2025-10-10,STK0026,11.3252,11.7603,11.0479,11.4793,2430535,27900782.55
2025-10-13,STK0026,11.5346,11.6841,11.4599,11.609,2019504,23444398.57
2025-10-14,STK0026,11.5905,11.6475,11.5533,11.6102,2629587,30530113.6
2025-10-15,STK0026,11.6226,11.8714,11.1457,11.3895,2355306,26825760.65
2025-10-16,STK0026,11.2102,11.3192,11.1356,11.2444,2309697,25971186.36
2025-10-17,STK0026,11.2217,11.2735,11.193,11.2448,3589486,40362926.88
2025-10-20,STK0026,11.3303,11.4958,10.8834,11.0447,3045488,33636520.72
2025-10-21,STK0026,11.0908,11.3603,10.8101,11.0792,3171404,35136633.53
2025-10-22,STK0026,11.1383,11.4067,11.0475,11.3144,2915569,32988037.25
2025-10-23,STK0026,11.3181,11.4471,11.16,11.2887,3593539,40566411.59
2025-10-24,STK0026,11.4028,11.4878,11.2087,11.2929,4149562,46860630.02
2025-10-27,STK0026,11.3125,11.4803,10.9257,11.0902,2310658,25625718.24
2025-10-28,STK0026,11.0464,11.1505,10.7629,10.8653,3469395,37696025.35
2025-10-29,STK0026,10.9212,11.0916,10.6542,10.8231,1645167,17805800.02
2025-10-30,STK0026,10.8832,11.0246,10.6082,10.7479,1175700,12636265.27
2025-10-31,STK0026,10.7885,11.0406,10.3647,10.6127,4877175,51759821.09
2025-11-03,STK0026,10.587,10.7714,10.1958,10.3765,2298468,23849952.57
2025-11-04,STK0026,10.394,10.578,10.1737,10.357,2790824,28904497.39
2025-11-05,STK0026,10.4439,10.7188,10.3062,10.5793,1690495,17884233.29
2025-11-06,STK0026,10.6096,10.8769,10.5145,10.7801,1691070,18229984.41
2025-11-07,STK0026,10.685,11.1531,10.5865,11.0512,2025974,22389501.58
2025-11-10,STK0026,11.0096,11.1593,10.8193,10.9684,3289077,36075784.26
2025-11-11,STK0026,10.924,11.1523,10.8539,11.0813,2180285,24160303.25
2025-11-12,STK0026,11.0312,11.0869,10.7818,10.8365,2324473,25189206.54
2025-11-13,STK0026,10.7001,11.0624,10.5871,10.9467,2061262,22564092.37
2025-11-14,STK0026,11.0716,11.2226,11.0162,11.1667,3982113,44467171.79
2025-11-17,STK0026,11.1082,11.4052,11.027,11.3224,3638860,41200731.4
2025-11-18,STK0026,11.2679,11.7929,11.1067,11.6266,2282086,26532791.22
2025-11-19,STK0026,11.4919,11.7429,11.2601,11.5107,3424900,39423154.67
2025-11-20,STK0026,11.5707,11.6537,11.4557,11.5385,2487578,28702854.95
2025-11-21,STK0026,11.5322,11.7652,11.1709,11.4013,2417482,27562525.28
2025-11-24,STK0026,11.3774,11.509,11.3505,11.482,2627662,30170737.66
2025-11-25,STK0026,11.4615,11.8232,11.1757,11.5356,3318538,38281322.61
2025-11-26,STK0026,11.5764,11.7371,11.3465,11.5063,1908741,21962640.26
2025-11-27,STK0026,11.4733,11.6218,11.2605,11.4082,3096903,35330097.85
2025-11-28,STK0026,11.2729,11.4641,10.962,11.1512,6353319,70846978.77
2025-12-01,STK0026,11.0651,11.2316,10.922,11.0882,2850652,31608670.18
2025-12-02,STK0026,10.9992,11.1244,10.8132,10.9377,2649757,28982368.38
2025-12-03,STK0026,10.9558,11.0712,10.5162,10.6282,2530476,26894357.08
2025-12-04,STK0026,10.6877,10.9494,10.0612,10.3138,3091772,31887790.26
2025-12-05,STK0026,10.4049,10.6318,9.9098,10.1308,1505146,15248276.36
2025-12-08,STK0026,10.0319,10.1679,9.7224,9.856,4750025,46816189.36
2025-12-09,STK0026,9.8927,10.1028,9.6165,9.8252,3624166,35608125.1
2025-12-10,STK0026,9.789,9.8421,9.6742,9.727,2049884,19939176.75
2025-12-11,STK0026,9.8991,10.0394,9.6315,9.77,2619388,25591496.4
2025-12-12,STK0026,9.8515,9.9732,9.4638,9.5822,2139024,20496493.7
2025-12-15,STK0026,9.6805,10.0508,9.5888,9.9565,2848760,28363666.56
2025-12-16,STK0026,10.0045,10.2359,9.4363,9.6596,2691083,25994885.86
2025-12-17,STK0026,9.6818,10.058,9.4771,9.8497,2849121,28063079.07
2025-12-18,STK0026,9.826,10.1255,9.6013,9.8992,1840398,18218473.15
2025-12-19,STK0026,9.8637,10.0275,9.4836,9.6438,2206537,21279453.36
2025-12-22,STK0026,9.5976,9.8938,9.4954,9.7895,3965701,38822408.97
2025-12-23,STK0026,9.8259,10.0166,9.5475,9.7365,2221790,21632436.99
2025-12-24,STK0026,9.8281,9.8723,9.5102,9.5531,1066771,10190995.73
2025-12-25,STK0026,9.5327,9.9603,9.3266,9.7495,2508951,24461106.22
2025-12-26,STK0026,9.7074,9.7332,9.359,9.384,6252727,58675384.64
2025-12-29,STK0026,9.3008,9.4998,9.1072,9.3061,3659976,34060021.72
2025-12-30,STK0026,9.3198,9.5333,9.1502,9.363,2250432,21070730.93
2025-12-31,STK0026,9.4323,9.6502,9.3942,9.6114,2713985,26085327.68
2026-01-01,STK0026,9.6855,9.7376,9.6303,9.6824,3500678,33895114.01
2026-01-02,STK0026,9.7629,10.269,9.6417,10.1431,1488228,15095312.26
2026-01-05,STK0026,10.1685,10.2894,10.078,10.1987,2110318,21522423.35
2026-01-06,STK0026,10.2042,10.4281,9.5799,9.7948,3247041,31804276.62
2026-01-07,STK0026,9.8705,9.934,9.5048,9.5664,4848160,46379312.25
2026-01-08,STK0026,9.5029,9.8402,9.3927,9.7274,2365920,23014306.05
2026-01-09,STK0026,9.7017,9.7793,9.5279,9.6047,4736931,45496714.45
2026-01-12,STK0026,9.7038,9.7843,9.656,9.7363,2142166,20856766.64
2026-01-13,STK0026,9.6737,9.8648,9.5966,9.7867,835739,8179136.88
2026-01-14,STK0026,9.7847,9.9978,9.2798,9.4864,3516287,33356939.05
2026-01-15,STK0026,9.5224,9.6982,9.1065,9.2777,3284023,30468237.06
2026-01-16,STK0026,9.2823,9.5673,9.0686,9.3519,3584498,33522011.09
2026-01-19,STK0026,9.4167,9.5233,8.8912,8.9931,3573829,32139661.43
2026-01-20,STK0026,9.0758,9.1441,8.993,9.0612,3068070,27800458.53
2026-01-21,STK0026,9.0873,9.3195,9.0637,9.2953,2634090,24484558.26
2026-01-22,STK0026,9.3731,9.4986,9.1047,9.2283,2661335,24559565.76
2026-01-23,STK0026,9.177,9.2037,8.864,8.8899,2478768,22035961.07
2026-01-26,STK0026,8.8815,8.9252,8.8628,8.9065,2479998,22088130.61
2026-01-27,STK0026,9.036,9.1797,8.7178,8.8587,1475334,13069566.82
2026-01-28,STK0026,8.9626,9.0145,8.6386,8.6889,1844821,16029478.05
2026-01-29,STK0026,8.6226,9.2918,8.4943,9.1556,2673401,24476528.97
2026-01-30,STK0026,9.1549,9.3878,9.0158,9.2474,1310889,12122264.25
2026-02-02,STK0026,9.2549,9.4275,8.8752,9.0439,1404216,12699546.78
2026-02-03,STK0026,9.0665,9.1645,8.9212,9.0188,2571518,23191898.75
2026-02-04,STK0026,9.088,9.2535,8.6876,8.8488,2791655,24702728.71
2026-02-05,STK0026,8.947,9.2107,8.8538,9.1158,2615380,23841244.2
2026-02-06,STK0026,9.1178,9.1566,8.9577,8.996,1272809,11450146.59
2026-02-09,STK0026,9.0567,9.1394,8.8287,8.91,5066936,45146586.53
2026-02-10,STK0026,8.9448,8.9642,8.903,8.9224,1757454,15680785.3
2026-02-11,STK0026,8.9213,9.0626,8.8086,8.9495,2169323,19414411.14
2026-02-12,STK0026,8.8588,9.2487,8.6902,9.076,1866602,16941250.19
2026-02-13,STK0026,9.1316,9.3222,8.9485,9.139,4544975,41536306.51
2026-02-16,STK0026,9.1722,9.2395,9.0923,9.1595,3270089,29952436.55
2026-02-17,STK0026,9.181,9.2216,8.9759,9.0159,2401536,21651927.52
2026-02-18,STK0026,8.9629,9.0827,8.9068,9.0262,2372643,21415895.8
2026-02-19,STK0026,9.1329,9.3578,8.716,8.9361,3105484,27750870.12
2026-02-20,STK0026,8.9443,9.1514,8.8622,9.0682,1900283,17232058.86
2026-02-23,STK0026,9.0063,9.5594,8.8993,9.4472,3400186,32122237.36
2026-02-24,STK0026,9.3737,9.4087,9.3144,9.3494,2492679,23304991.19
2026-02-25,STK0026,9.3875,10.0514,9.1983,9.8528,3627169,35737923.29
2026-02-26,STK0026,9.8947,10.0166,9.5723,9.6917,3472233,33651754.27
2026-02-27,STK0026,9.6648,9.7035,9.4399,9.4779,2421598,22951749.69
2026-03-02,STK0026,9.5043,9.6267,9.3748,9.4971,1433821,13617140.46
2026-03-03,STK0026,9.5352,9.7107,9.344,9.5192,2652334,25248133.13
2026-03-04,STK0026,9.5272,9.8404,9.4045,9.7153,1712513,16637501.02
2026-03-05,STK0026,9.6745,10.0338,9.4396,9.796,3034566,29726507.47
2026-03-06,STK0026,9.8526,10.1376,9.6354,9.9189,2716528,26944874.82
2026-03-09,STK0026,9.9688,10.3626,9.8309,10.2212,2381504,24341744.39
2026-03-10,STK0026,10.256,10.5443,10.0137,10.3009,1840123,18954881.32
2026-03-11,STK0026,10.2495,10.4613,9.9738,10.1842,4386995,44678176.97
2026-03-12,STK0026,10.1032,10.209,9.9711,10.0766,2490829,25098987.58
2026-03-13,STK0026,10.0812,10.3662,9.8822,10.1655,6680993,67915748.66
2026-03-16,STK0026,10.2224,10.3618,10.0644,10.2036,2926742,29863172.02
2026-03-17,STK0026,10.2674,10.4361,10.1196,10.288,3285366,33799724.08
2026-03-18,STK0026,10.3241,10.4684,9.9575,10.0986,2918233,29470210.8
2026-03-19,STK0026,10.0714,10.4091,9.8651,10.2001,3295335,33612876.27
2026-03-20,STK0026,10.151,10.6944,9.9163,10.4527,4289811,44840005.87
2026-03-23,STK0026,10.4516,10.5787,10.3539,10.4807,4258391,44631005.3
2026-03-24,STK0026,10.4803,11.1684,10.3046,10.9843,1575281,17303287.04
2026-03-25,STK0026,11.0575,11.3636,10.8755,11.1797,3966639,44345834.21
2026-03-26,STK0026,11.1476,11.8916,10.8977,11.6309,3474223,40408411.38
2026-03-27,STK0026,11.6033,11.9117,11.4607,11.7671,2988841,35170033.86
2026-03-30,STK0026,11.9131,12.0142,11.8372,11.9381,5425734,64773084.43
2026-03-31,STK0026,12.0498,12.2326,11.9694,12.1516,5602742,68082137.62
2026-04-01,STK0026,12.0874,12.1258,11.984,12.0222,4208256,50592443.99
2026-04-02,STK0026,12.1286,12.2881,12.0762,12.2353,2526901,30917285.69
2026-04-03,STK0026,12.1532,12.6991,12.0447,12.5868,1963058,24708567.07
2026-04-06,STK0026,12.554,13.0098,12.4993,12.9534,3891179,50403930.31
2026-04-07,STK0026,12.9285,13.2612,12.6436,12.9753,4833815,62720054.31
2026-04-08,STK0026,12.9692,13.1032,12.7601,12.8933,1477774,19053361.1
2026-04-09,STK0026,12.9413,13.0769,12.7895,12.9249,4202196,54312885.96
2026-04-10,STK0026,12.9331,13.55,12.6819,13.2918,2654838,35287705.0
2026-04-13,STK0026,13.341,13.8064,13.2218,13.6842,1520067,20800835.59
2026-04-14,STK0026,13.6512,14.0095,13.3994,13.7557,3409209,46896017.92
2026-04-15,STK0026,13.7866,14.075,13.2343,13.517,4079552,55143439.53
2026-04-16,STK0026,13.5234,13.6744,13.3844,13.5352,2614147,35382994.29
2026-04-17,STK0026,13.4229,13.7024,13.2486,13.5267,2055282,27801178.28
2026-04-20,STK0026,13.566,13.762,13.4383,13.6337,5420623,73902898.22
2026-04-21,STK0026,13.6415,14.0563,13.4815,13.8933,2374625,32991365.5
2026-04-22,STK0026,13.8339,14.0464,13.4774,13.6876,4509696,61727111.63
2026-04-23,STK0026,13.6528,13.796,13.5157,13.6588,1756094,23986201.74
2026-04-24,STK0026,13.6261,13.7988,13.1937,13.363,3403102,45475791.6
2025-07-21,STK0027,24.5697,25.0257,24.4086,24.8626,4588293,114076927.64
2025-07-22,STK0027,24.9467,25.6121,24.485,25.1467,5143468,129341499.98
2025-07-23,STK0027,25.1254,25.5823,24.4279,24.8803,9730611,242100870.14
2025-07-24,STK0027,24.9623,25.2462,24.8024,25.0855,3146232,78924917.8
2025-07-25,STK0027,25.1794,25.3761,24.814,25.0093,3772896,94357551.08
2025-07-28,STK0027,24.9749,25.9735,24.4073,25.3964,3257164,82720150.85
2025-07-29,STK0027,25.5639,27.0288,25.2354,26.686,6001933,160167375.88
2025-07-30,STK0027,26.6494,27.2366,26.2583,26.8427,6274795,168432286.76
2025-07-31,STK0027,26.8461,27.4917,25.8995,26.5377,3653611,96958390.46
2025-08-01,STK0027,26.3825,26.5609,25.6689,25.8436,8951555,231340493.95
2025-08-04,STK0027,25.8017,26.2254,25.167,25.5873,3399538,86984830.38
2025-08-05,STK0027,25.9207,26.434,24.8738,25.3763,6120144,155306491.73
2025-08-06,STK0027,25.2396,25.4755,23.8842,24.1096,7109747,171412860.1
2025-08-07,STK0027,24.173,24.393,23.7893,24.0078,2593804,62271631.57
2025-08-08,STK0027,23.9425,24.9603,23.4007,24.4081,5131943,125260729.32
2025-08-11,STK0027,24.086,24.423,23.9827,24.3188,1631252,39670043.61
2025-08-12,STK0027,24.4005,24.5376,24.1418,24.2782,5741495,139393393.97
2025-08-13,STK0027,24.1974,24.4745,23.1778,23.4463,2922085,68512177.01
2025-08-14,STK0027,23.4913,24.5348,23.0129,24.0451,5299939,127437761.98
2025-08-15,STK0027,24.1883,24.5765,23.8868,24.2739,5583240,135527070.43
2025-08-18,STK0027,24.3081,24.508,24.0537,24.2531,6437055,156118793.92
2025-08-19,STK0027,24.301,24.5845,22.9497,23.2207,5999743,139317968.12
2025-08-20,STK0027,23.1,23.4985,22.8172,23.2142,4426905,102767011.13
2025-08-21,STK0027,23.3128,23.824,22.8764,23.3862,3830235,89574556.88
2025-08-22,STK0027,23.3596,23.873,22.8099,23.3225,4333617,101070911.13
2025-08-25,STK0027,23.0445,23.5825,22.8282,23.3632,3013246,70398955.5
2025-08-26,STK0027,23.4794,24.1838,23.0498,23.7493,4084462,97003053.7
2025-08-27,STK0027,23.9113,24.3448,23.4532,23.8863,3983670,95154975.95
2025-08-28,STK0027,24.0995,24.7227,23.6262,24.2465,3374872,81828776.64
2025-08-29,STK0027,24.5644,24.9385,23.5973,23.9623,2387784,57216678.75
2025-09-01,STK0027,24.0737,24.13,23.7285,23.7841,2766938,65809265.07
2025-09-02,STK0027,23.8576,24.3488,23.45,23.9398,1447668,34656926.92
2025-09-03,STK0027,24.0971,24.5577,23.7096,24.1689,3963332,95789558.69
2025-09-04,STK0027,24.0407,24.6709,23.6544,24.2808,5172023,125580773.65
2025-09-05,STK0027,24.0384,24.6577,23.8348,24.4506,1800702,44028183.31
2025-09-08,STK0027,24.3807,24.6064,24.277,24.5023,4912530,120368138.71
2025-09-09,STK0027,24.6908,24.8477,24.4353,24.5915,4466789,109845246.58
2025-09-10,STK0027,24.4942,24.8109,24.3234,24.6391,3137719,77310461.42
2025-09-11,STK0027,24.708,24.864,24.5599,24.7159,3952545,97690615.28
2025-09-12,STK0027,24.801,26.2271,24.6119,26.0287,6537852,170171764.18
2025-09-15,STK0027,26.0669,26.1602,25.6481,25.7402,3194682,82231819.61
2025-09-16,STK0027,25.5437,27.6164,25.3343,27.3919,4676842,128107577.76
2025-09-17,STK0027,27.4483,28.1332,26.0131,26.6787,4956213,132225458.42
2025-09-18,STK0027,26.6113,27.2914,26.2451,26.921,3286339,88471385.14
2025-09-19,STK0027,27.1974,27.4673,26.1218,26.3836,6310137,166483885.47
2025-09-22,STK0027,26.5641,27.0764,26.0708,26.5827,4894417,130107005.64
2025-09-23,STK0027,26.5212,27.5753,26.1818,27.2269,3934498,107124220.83
2025-09-24,STK0027,27.5169,27.5906,27.2254,27.2985,9955155,271761092.43
2025-09-25,STK0027,27.3549,28.3278,26.9558,27.9204,6126717,171060505.32
2025-09-26,STK0027,27.6418,27.9861,27.3932,27.7367,2341521,64945975.07
2025-09-29,STK0027,27.7236,28.1433,26.3923,26.7979,3639396,97528350.06
2025-09-30,STK0027,27.0622,27.3926,26.9002,27.2296,9499758,258674848.16
2025-10-01,STK0027,27.096,27.4509,26.649,27.0027,2827195,76341847.46
2025-10-02,STK0027,26.9916,27.1658,26.5579,26.7304,4094150,109438175.56
2025-10-03,STK0027,26.5132,26.7484,26.2329,26.4677,6042997,159944249.65
2025-10-06,STK0027,26.2776,27.0397,25.8098,26.5667,5007544,133034038.22
2025-10-07,STK0027,26.4341,26.6254,25.9591,26.1483,5274774,137926593.15
2025-10-08,STK0027,25.9565,26.9074,25.6555,26.599,5187381,137978934.41
2025-10-09,STK0027,26.5005,27.1365,26.4029,27.0369,4018583,108650087.88
2025-10-10,STK0027,27.3204,28.7555,26.8339,28.2525,3052245,86233519.83
2025-10-13,STK0027,28.2464,29.0891,27.8397,28.6763,4781305,137110024.68
2025-10-14,STK0027,28.8118,29.4086,28.119,28.7139,3544728,101782819.63
2025-10-15,STK0027,28.9025,29.316,28.4814,28.8948,3488165,100789826.65
2025-10-16,STK0027,28.7033,29.5306,27.9895,28.814,7016709,202179706.63
2025-10-17,STK0027,28.6706,28.9398,28.4543,28.7231,3677924,105641390.37
2025-10-20,STK0027,28.8554,29.9055,28.3052,29.346,7830283,229787119.53
2025-10-21,STK0027,29.2345,29.5836,28.7867,29.1346,4663769,135877186.01
2025-10-22,STK0027,29.2572,29.5687,28.9445,29.256,4006551,117215611.58
2025-10-23,STK0027,29.5519,30.1082,28.387,28.9317,2216283,64120773.45
2025-10-24,STK0027,28.6801,30.345,27.9924,29.6344,8888896,263417465.32
2025-10-27,STK0027,29.571,30.1441,28.6693,29.2358,4206692,122986213.93
2025-10-28,STK0027,29.2011,29.8958,28.921,29.6117,1884301,55797416.95
2025-10-29,STK0027,29.5184,29.9236,28.6819,29.0811,6043486,175751091.91
2025-10-30,STK0027,28.9752,29.1778,28.5962,28.7976,4318260,124355470.13
2025-10-31,STK0027,28.7127,30.0193,28.2457,29.5389,3156694,93245205.74
2025-11-03,STK0027,29.5362,29.8687,29.0263,29.3568,5935150,174237097.25
2025-11-04,STK0027,29.3859,29.5988,28.2707,28.477,1805566,51417187.81
2025-11-05,STK0027,28.6404,28.7116,27.9246,27.9942,3455815,96742620.32
2025-11-06,STK0027,27.9899,29.227,27.3383,28.562,4020924,114845811.27
2025-11-07,STK0027,28.7543,29.0245,28.6447,28.9143,6026362,174247771.76
2025-11-10,STK0027,28.8118,29.0876,28.3478,28.6219,9679023,277031709.17
2025-11-11,STK0027,28.4163,28.5976,28.0129,28.1928,4030960,113643920.94
2025-11-12,STK0027,28.1413,28.8662,27.7652,28.4855,5211251,148444969.23
2025-11-13,STK0027,28.5646,29.3014,28.3794,29.1127,11531264,335705950.48
2025-11-14,STK0027,29.2634,29.8174,28.321,28.8676,4442773,128252042.53
2025-11-17,STK0027,29.1216,29.4767,28.9128,29.2668,5226234,152955056.01
2025-11-18,STK0027,29.3178,29.8428,29.1341,29.6569,2831750,83981025.53
2025-11-19,STK0027,29.7912,31.0649,29.583,30.8493,8881704,273994294.38
2025-11-20,STK0027,31.1037,31.3788,30.0585,30.3267,3517159,106663832.56
2025-11-21,STK0027,30.1852,30.6912,29.5647,30.0687,4983613,149850952.72
2025-11-24,STK0027,30.0308,30.2357,29.7386,29.9429,4975685,148986294.87
2025-11-25,STK0027,30.4448,30.9937,29.8425,30.3904,4588052,139432730.24
2025-11-26,STK0027,30.547,30.9103,29.828,30.1871,3796880,114616706.95
2025-11-27,STK0027,30.2797,30.5574,30.082,30.3591,4700853,142713728.96
2025-11-28,STK0027,30.5223,30.7519,29.8839,30.1103,8006245,241070588.98
2025-12-01,STK0027,29.87,30.292,29.4241,29.8458,9663595,288417648.11
2025-12-02,STK0027,29.7302,30.0486,29.3463,29.664,4099475,121606688.48
2025-12-03,STK0027,29.4843,30.4556,29.077,30.0406,3790605,113872051.98
2025-12-04,STK0027,30.1161,30.7392,29.0019,29.6146,3268430,96793376.53
2025-12-05,STK0027,29.5492,29.6394,29.2891,29.3788,10974081,322405436.67
2025-12-08,STK0027,29.3956,29.7205,28.3719,28.689,4511800,129439150.87
2025-12-09,STK0027,28.6355,29.4042,28.3047,29.0683,6396992,185949684.54
2025-12-10,STK0027,28.786,29.1405,28.5623,28.9158,5417653,156655681.96
2025-12-11,STK0027,29.0697,29.9976,28.7161,29.6371,9362573,277479289.74
2025-12-12,STK0027,29.3254,29.9148,28.8845,29.4718,4056144,119541744.48
2025-12-15,STK0027,29.3434,29.7969,28.7636,29.2151,3021755,88280925.64
2025-12-16,STK0027,28.9854,29.49,28.4194,28.9229,8343507,241318026.89
2025-12-17,STK0027,28.7706,29.8978,28.6622,29.7856,5984834,178261848.27
2025-12-18,STK0027,29.8217,30.1969,28.7652,29.1317,5144230,149860032.12
2025-12-19,STK0027,29.3483,29.9184,27.9448,28.4984,7473896,212994085.77
2025-12-22,STK0027,28.2327,28.9712,27.8808,28.6144,5333316,152609873.23
2025-12-23,STK0027,28.5189,29.0066,27.8642,28.3489,7706266,218464271.5
2025-12-24,STK0027,28.053,28.9505,27.6159,28.5064,5005032,142675417.16
2025-12-25,STK0027,28.403,28.7634,27.8684,28.2266,6369784,179797065.58
2025-12-26,STK0027,28.2387,28.4951,28.131,28.3868,5608378,159203816.81
2025-12-29,STK0027,28.5177,28.9901,27.8957,28.3655,4220619,119719980.85
2025-12-30,STK0027,28.0072,28.778,27.6069,28.3725,4503738,127782090.03
2025-12-31,STK0027,28.4663,28.527,27.6818,27.7409,4274975,118591751.21
2026-01-01,STK0027,27.5795,28.3278,27.3931,28.1376,5376637,151285698.02
2026-01-02,STK0027,27.933,28.0283,27.1389,27.2318,4135933,112629074.49
2026-01-05,STK0027,27.2429,27.6547,26.3368,26.741,5556548,148587806.34
2026-01-06,STK0027,26.8418,27.0883,26.7788,27.0248,5293432,143054120.73
2026-01-07,STK0027,27.0086,28.2569,26.4312,27.6655,4954116,137058304.4
2026-01-08,STK0027,27.4847,29.8277,26.8308,29.1345,4955417,144373693.35
2026-01-09,STK0027,29.1169,29.8284,28.3748,29.0856,3741297,108817933.99
2026-01-12,STK0027,28.9593,29.1682,28.5125,28.7196,4196828,120531400.12
2026-01-13,STK0027,28.8239,29.678,28.438,29.286,2577001,75469928.82
2026-01-14,STK0027,29.4755,30.7486,28.8124,30.0721,4562232,137195776.0
2026-01-15,STK0027,30.2551,31.3511,29.7163,30.8025,3340551,102897378.21
2026-01-16,STK0027,30.7989,31.0721,29.8025,30.0693,4814123,144757267.3
2026-01-19,STK0027,30.2725,30.9137,29.3006,29.9346,3552564,106344620.16
2026-01-20,STK0027,29.7518,30.6004,29.2996,30.1422,2249812,67814266.55
2026-01-21,STK0027,30.4664,31.369,29.8939,30.7905,10321298,317797648.94
2026-01-22,STK0027,30.6014,31.8487,29.8579,31.0933,4288505,133343709.61
2026-01-23,STK0027,30.7168,31.483,29.8041,30.5665,7594688,232143012.36
2026-01-26,STK0027,30.8179,31.2374,30.285,30.7029,3894193,119562997.25
2026-01-27,STK0027,30.5724,31.4783,30.4011,31.3029,8302176,259882567.92
2026-01-28,STK0027,31.3249,31.8339,30.4657,30.9689,3108797,96276092.88
2026-01-29,STK0027,30.778,32.6943,30.2606,32.1539,4905596,157733904.07
2026-01-30,STK0027,32.6131,33.8866,32.1187,33.3806,3165847,105677760.26
2026-02-02,STK0027,33.7474,34.1425,32.6592,33.0461,11718115,387237979.72
2026-02-03,STK0027,33.3542,33.9178,32.8413,33.4042,4352620,145395654.65
2026-02-04,STK0027,33.4219,33.9258,32.9445,33.4481,6318925,211355930.56
2026-02-05,STK0027,33.6455,34.8514,32.8471,34.0436,5653271,192457973.08
2026-02-06,STK0027,34.0328,35.5996,33.3091,34.8583,4806351,167541273.0
2026-02-09,STK0027,35.0938,35.4818,34.3932,34.7777,6142970,213638442.18
2026-02-10,STK0027,34.6921,35.3943,34.1672,34.8668,8038477,280275807.73
2026-02-11,STK0027,35.1999,35.7286,32.739,33.2383,6150924,204445990.61
2026-02-12,STK0027,33.1465,34.6388,32.6908,34.1691,5230481,178720638.78
2026-02-13,STK0027,34.0979,34.9742,33.9842,34.8579,5923520,206481461.5
2026-02-16,STK0027,34.7605,36.3596,34.1212,35.7031,9770040,348820231.29
2026-02-17,STK0027,35.7443,36.417,34.2335,34.8901,4249059,148250218.99
2026-02-18,STK0027,34.809,35.596,34.3517,35.1344,2571611,90352063.37
2026-02-19,STK0027,35.2373,36.5036,34.4361,35.6921,3375278,120470780.86
2026-02-20,STK0027,35.5893,36.4658,34.4155,35.2845,3436158,121243218.99
2026-02-23,STK0027,35.4523,37.1532,34.7186,36.3998,3622364,131853449.8
2026-02-24,STK0027,36.733,37.615,35.8756,36.7571,3592091,132034780.3
2026-02-25,STK0027,36.7742,37.2601,35.4264,35.9007,4820195,173048608.09
2026-02-26,STK0027,36.3818,37.2196,35.3503,36.1836,5415971,195969108.22
2026-02-27,STK0027,36.4292,37.2855,34.6003,35.4332,5296400,187668466.87
2026-03-02,STK0027,35.8907,36.4773,33.6258,34.1845,3702935,126582803.42
2026-03-03,STK0027,34.1719,34.4557,33.9851,34.2683,6892520,236195120.65
2026-03-04,STK0027,33.9284,34.9178,33.7417,34.7267,5754009,199817798.61
2026-03-05,STK0027,34.5799,35.9017,34.1351,35.4457,8405651,297944565.82
2026-03-06,STK0027,35.3175,36.4546,34.6493,35.7777,6505467,232750666.62
2026-03-09,STK0027,35.5737,36.579,35.0923,36.0906,4253206,153500675.39
2026-03-10,STK0027,35.6182,37.4138,34.8917,36.6659,7759578,284512220.29
2026-03-11,STK0027,36.8921,38.1999,36.1651,37.4617,5483175,205408906.65
2026-03-12,STK0027,37.0459,37.2935,36.6062,36.8525,6615514,243798309.42
2026-03-13,STK0027,37.0585,37.2458,36.8092,36.9962,6233795,230626431.03
2026-03-16,STK0027,37.4845,38.168,36.0963,36.7667,4688003,172362419.67
2026-03-17,STK0027,36.5954,37.6817,36.2526,37.332,4995815,186503684.68
2026-03-18,STK0027,37.4189,38.2953,36.5386,37.4149,4586669,171609950.09
2026-03-19,STK0027,37.3256,38.1458,35.9233,36.7305,3563395,130885179.72
2026-03-20,STK0027,36.9132,37.3701,35.7774,36.2258,2332781,84506883.95
2026-03-23,STK0027,35.9671,37.9545,35.415,37.3806,3861569,144347905.24
2026-03-24,STK0027,37.3511,38.1535,35.867,36.6545,5166896,189389798.46
2026-03-25,STK0027,36.9019,38.0055,36.0885,37.1859,7203474,267867621.42
2026-03-26,STK0027,37.175,38.582,36.6244,38.0189,6580372,250178685.65
2026-03-27,STK0027,37.6492,39.4491,36.7323,38.5112,4567997,175919130.93
2026-03-30,STK0027,38.7992,40.8298,38.2567,40.2668,4060084,163486609.78
2026-03-31,STK0027,39.9549,41.1562,39.8372,41.0353,4963732,203688456.87
2026-04-01,STK0027,41.0547,41.8496,40.4413,41.2335,3707973,152892603.97
2026-04-02,STK0027,41.3779,42.2001,40.3897,41.2086,2436417,100401281.98
2026-04-03,STK0027,41.2382,42.6756,40.2216,41.6488,3012316,125459404.51
2026-04-06,STK0027,42.2878,42.8007,42.1007,42.6122,8337242,355268498.58
2026-04-07,STK0027,42.8003,43.3195,42.1728,42.6907,9845810,420324774.34
2026-04-08,STK0027,42.6389,43.2995,41.1652,41.813,6580104,275133946.27
2026-04-09,STK0027,41.9645,42.8992,39.6728,40.5766,4995694,202708181.89
2026-04-10,STK0027,40.6277,41.9373,39.8775,41.1769,3150050,129709316.84
2026-04-13,STK0027,41.1879,41.4893,40.2742,40.5711,4836701,196230179.19
2026-04-14,STK0027,40.6305,41.5148,39.3294,40.2045,6208677,249616835.71
2026-04-15,STK0027,40.0999,40.7928,37.7454,38.409,6823686,262090798.66
2026-04-16,STK0027,38.4581,40.2752,37.5894,39.3855,6519911,256790276.42
2026-04-17,STK0027,39.2663,40.7927,38.4342,39.9462,7955737,317801702.4
2026-04-20,STK0027,39.4943,39.9914,39.2979,39.7935,9964539,396523469.0
2026-04-21,STK0027,40.0666,42.3197,39.1014,41.3241,4384580,181188976.14
2026-04-22,STK0027,41.1842,42.7804,40.6715,42.2544,13342540,563781023.7
2026-04-23,STK0027,42.2903,43.6933,41.25,42.6443,2466160,105167659.83
2026-04-24,STK0027,42.4502,42.8049,42.1827,42.5369,3862751,164309477.76
2025-07-21,STK0028,58.409,58.9154,56.2195,56.7112,3222843,182771248.04
2025-07-22,STK0028,56.6038,56.776,55.1512,55.3196,2144416,118628172.26
2025-07-23,STK0028,55.4852,57.5074,54.8311,56.8373,3346874,190227315.76
2025-07-24,STK0028,57.6402,58.1498,56.3022,56.8043,4147210,235579497.85
2025-07-25,STK0028,56.4717,58.0148,55.5077,57.0411,4347783,248002457.71
2025-07-28,STK0028,57.5678,58.1742,56.6716,57.275,2368223,135639963.08
2025-07-29,STK0028,57.1061,59.5879,55.8219,58.2774,4162668,242589463.62
2025-07-30,STK0028,58.747,59.3699,57.8729,58.4931,5298292,309913667.12
2025-07-31,STK0028,58.7344,59.3625,57.4313,58.0521,3009665,174717348.21
2025-08-01,STK0028,58.2616,59.3953,56.3764,57.4953,3548135,204000925.81
2025-08-04,STK0028,57.4432,59.5415,56.5488,58.6286,1699638,99647355.21
2025-08-05,STK0028,58.5405,59.0013,56.3835,56.8309,2539640,144329932.04
2025-08-06,STK0028,56.5852,59.197,55.5913,58.1753,3747800,218029208.33
2025-08-07,STK0028,58.1774,59.1113,57.3078,58.2407,4723128,275078116.92
2025-08-08,STK0028,58.1764,58.6661,57.9208,58.4095,2710847,158339226.79
2025-08-11,STK0028,58.4765,59.2219,57.1844,57.9227,8508633,492842974.34
2025-08-12,STK0028,57.4345,59.4334,56.106,58.0898,3736769,217068198.38
2025-08-13,STK0028,58.0977,58.4969,55.9032,56.29,2109851,118763430.23
2025-08-14,STK0028,56.718,57.5528,56.0637,56.8964,5255727,299031910.33
2025-08-15,STK0028,57.2196,57.9881,56.742,57.5081,2155194,123941018.09
2025-08-18,STK0028,57.516,58.3413,54.5711,55.3656,3833955,212269144.5
2025-08-19,STK0028,56.2234,57.5968,52.4771,53.7911,2477696,133277950.58
2025-08-20,STK0028,53.6051,55.7716,53.1158,55.2672,2135067,117999154.7
2025-08-21,STK0028,55.2385,57.1103,54.0699,55.9272,4773066,266944000.35
2025-08-22,STK0028,55.4425,57.2383,54.2627,56.0456,3140984,176038246.78
2025-08-25,STK0028,55.91,56.3554,54.7776,55.2175,6296204,347660683.17
2025-08-26,STK0028,55.813,57.3254,54.7096,56.214,2441376,137239624.8
2025-08-27,STK0028,56.0909,57.4779,53.8416,55.2067,2068936,114219082.4
2025-08-28,STK0028,54.7029,56.6136,53.3932,55.2898,2986562,165126394.73
2025-08-29,STK0028,55.5798,56.4653,53.3644,54.2283,9804936,531705362.58
2025-09-01,STK0028,54.3551,55.4022,54.0567,55.0997,4815573,265336574.33
2025-09-02,STK0028,55.375,55.6377,53.6653,53.9212,4396104,237043128.99
2025-09-03,STK0028,53.8252,54.8854,53.3872,54.4424,4418441,240550604.53
2025-09-04,STK0028,54.1144,55.3716,53.2578,54.5088,3017620,164486695.05
2025-09-05,STK0028,54.4487,55.0413,53.6711,54.2616,9213577,499943332.09
2025-09-08,STK0028,54.4425,56.9116,53.4583,55.901,4123407,230502702.8
2025-09-09,STK0028,55.8768,57.001,53.8116,54.9164,3940307,216387614.99
2025-09-10,STK0028,55.0444,55.3829,54.1741,54.5093,4888485,266467778.0
2025-09-11,STK0028,54.334,55.574,52.3288,53.5509,2192797,117426223.14
2025-09-12,STK0028,53.6876,54.7844,53.5055,54.5992,2533436,138323500.01
2025-09-15,STK0028,54.5982,56.0634,54.1563,55.6133,3165377,176036948.31
2025-09-16,STK0028,55.3782,58.4098,54.2297,57.223,4892502,279963637.2
2025-09-17,STK0028,57.2711,57.6276,56.6505,57.0054,2186535,124644310.8
2025-09-18,STK0028,56.8733,57.275,53.7964,54.1791,3367249,182434601.93
2025-09-19,STK0028,54.3801,55.7092,52.5216,53.8374,3192687,171885991.43
2025-09-22,STK0028,54.1202,56.7794,52.8763,55.5037,2002944,111170793.51
2025-09-23,STK0028,55.671,56.823,54.468,55.6189,2888945,160680086.27
2025-09-24,STK0028,55.076,55.4063,53.5353,53.8583,4197288,226058889.26
2025-09-25,STK0028,53.5475,55.0669,53.1261,54.6371,2025690,110677731.15
2025-09-26,STK0028,54.4288,55.6194,54.0255,55.2104,5638980,311330295.25
2025-09-29,STK0028,54.9472,55.2961,54.3043,54.6514,4019522,219672359.87
2025-09-30,STK0028,54.4736,56.0598,53.1488,54.7288,3799104,207920419.97
2025-10-01,STK0028,55.0335,55.3537,52.9414,53.2513,3318281,176702721.24
2025-10-02,STK0028,53.475,54.6579,52.4496,53.6296,2216655,118878314.52
2025-10-03,STK0028,53.4934,53.6631,53.3203,53.4901,2569461,137440618.17
2025-10-06,STK0028,53.6803,54.4591,51.3582,52.1142,3744240,195128081.76
2025-10-07,STK0028,52.2171,52.4067,51.8153,52.0041,2600855,135255035.52
2025-10-08,STK0028,51.9938,52.187,51.816,52.0091,3376516,175609445.58
2025-10-09,STK0028,52.3686,53.4079,51.9866,53.0211,2320205,123019768.41
2025-10-10,STK0028,52.8111,55.6207,51.5812,54.3549,3660321,198956207.23
2025-10-13,STK0028,54.3721,55.2797,52.5854,53.4782,3803420,203399893.43
2025-10-14,STK0028,53.142,54.332,52.2396,53.4248,1778491,95015468.9
2025-10-15,STK0028,53.1042,54.9902,52.6345,54.508,3205615,174731649.47
2025-10-16,STK0028,54.0648,55.6545,53.0568,54.6359,1871466,102249316.2
2025-10-17,STK0028,54.3137,56.7361,53.3537,55.7506,1677337,93512580.48
2025-10-20,STK0028,55.7784,58.3975,55.0746,57.6698,2565142,147931243.98
2025-10-21,STK0028,57.5652,58.5841,56.0062,57.0154,8267303,471363288.22
2025-10-22,STK0028,56.9231,59.8058,55.674,58.5216,3967039,232157566.07
2025-10-23,STK0028,58.4167,61.8926,57.0095,60.4367,5118795,309363196.03
2025-10-24,STK0028,61.083,62.6053,59.1225,60.6336,3840827,232883058.15
2025-10-27,STK0028,60.2213,61.0181,58.7319,59.5195,3394628,202046403.78
2025-10-28,STK0028,59.0768,59.3809,58.9142,59.2179,4287450,253893742.93
2025-10-29,STK0028,58.9183,59.3467,58.0925,58.518,2465161,144256168.22
2025-10-30,STK0028,58.4927,58.8745,57.5824,57.9608,3636824,210793190.99
2025-10-31,STK0028,58.1401,59.1378,57.6219,58.6154,4634438,271649508.43
2025-11-03,STK0028,58.8334,59.4389,57.3169,57.913,3968374,229820296.17
2025-11-04,STK0028,58.2421,59.2544,56.377,57.3742,4858586,278757364.8
2025-11-05,STK0028,57.3369,58.1449,56.3361,57.1412,3322882,189873537.08
2025-11-06,STK0028,57.0055,57.9714,55.1287,56.0789,5515440,309299781.15
2025-11-07,STK0028,56.6312,58.0103,55.2418,56.6207,2785659,157725836.03
2025-11-10,STK0028,55.6826,56.8117,55.5084,56.6346,6075845,344102761.58
2025-11-11,STK0028,56.6559,57.8038,56.5238,57.6693,3524626,203262870.3
2025-11-12,STK0028,57.8183,58.819,56.2701,57.2611,2520491,144326092.98
2025-11-13,STK0028,57.9085,58.7518,55.8556,56.6811,1875728,106318408.81
2025-11-14,STK0028,56.1192,56.8546,54.4945,55.2181,2095811,115726625.29
2025-11-17,STK0028,55.079,56.713,53.8879,55.5125,1987186,110313646.22
2025-11-18,STK0028,55.0621,55.6696,54.7508,55.3566,2669698,147785500.76
2025-11-19,STK0028,54.7626,56.9833,53.9305,56.1305,1757579,98653863.86
2025-11-20,STK0028,56.0617,57.7782,54.7479,56.4552,4292118,242312589.55
2025-11-21,STK0028,56.7382,59.5959,56.0428,58.8744,2848518,167704748.99
2025-11-24,STK0028,59.3019,60.6422,58.3924,59.7261,2784641,166315723.18
2025-11-25,STK0028,59.5358,59.7507,58.438,58.6497,1793824,105207244.05
2025-11-26,STK0028,58.8847,59.4754,56.7693,57.3445,2003399,114883920.8
2025-11-27,STK0028,57.2765,58.0549,57.1074,57.884,1204572,69725478.14
2025-11-28,STK0028,58.0777,58.9584,55.1873,56.0371,4621945,259000292.89
2025-12-01,STK0028,56.4266,57.3058,55.091,55.963,1593157,89157803.13
2025-12-02,STK0028,55.8978,57.5953,54.5636,56.2526,1683592,94706408.94
2025-12-03,STK0028,56.6173,57.6733,55.6727,56.7269,4426673,251111492.6
2025-12-04,STK0028,56.3155,56.432,55.9466,56.0626,3084341,172916068.06
2025-12-05,STK0028,56.2838,57.7792,55.0926,56.5817,2830449,160151664.24
2025-12-08,STK0028,56.9337,57.4793,56.2066,56.7504,3154924,179043081.7
2025-12-09,STK0028,57.068,58.1196,55.7416,56.7881,3925628,222928897.29
2025-12-10,STK0028,56.3857,56.9319,55.9306,56.476,2815853,159028042.56
2025-12-11,STK0028,56.4063,58.4615,55.3072,57.3441,1594488,91434490.5
2025-12-12,STK0028,57.4482,58.7886,54.9124,56.2242,3491103,196284560.86
2025-12-15,STK0028,56.3739,56.6705,56.1583,56.4546,3042211,171746893.96
2025-12-16,STK0028,56.4939,58.3303,55.6736,57.4955,4056301,233218869.79
2025-12-17,STK0028,57.9906,59.1982,57.1538,58.3562,1777601,103733997.89
2025-12-18,STK0028,57.9043,59.3973,57.407,58.8915,2103499,123878287.41
2025-12-19,STK0028,58.8067,59.3865,57.7176,58.2923,3072905,179126665.85
2025-12-22,STK0028,57.705,58.9888,56.6921,57.9713,1929413,111850553.15
2025-12-23,STK0028,58.1878,58.6958,57.081,57.5837,1163022,66971141.18
2025-12-24,STK0028,57.7757,57.9319,55.5994,55.7502,2833625,157975174.96
2025-12-25,STK0028,56.8816,58.0017,54.244,55.3336,3578866,198031406.84
2025-12-26,STK0028,55.6754,56.9946,54.7634,56.0761,2485965,139403213.44
2025-12-29,STK0028,56.1877,56.6237,55.3408,55.7737,3085054,172064723.97
2025-12-30,STK0028,55.859,57.2061,53.706,55.0332,2969234,163406423.95
2025-12-31,STK0028,54.9287,56.382,53.6838,55.1325,2634927,145270072.33
2026-01-01,STK0028,55.1757,58.6738,53.8415,57.2886,2749080,157490835.62
2026-01-02,STK0028,57.3836,58.928,56.5928,58.1269,4201047,244193903.78
2026-01-05,STK0028,57.4457,58.0378,57.0201,57.611,1887183,108722516.02
2026-01-06,STK0028,57.6791,60.2507,57.3332,59.8915,3466575,207618377.87
2026-01-07,STK0028,59.9278,64.5194,58.5006,63.0186,1795417,113144578.93
2026-01-08,STK0028,63.6853,65.1175,61.816,63.2382,2015014,127425889.97
2026-01-09,STK0028,63.1883,64.648,61.9851,63.44,4097121,259921353.43
2026-01-12,STK0028,63.1493,65.3475,62.2815,64.4616,1762193,113593837.66
2026-01-13,STK0028,64.5656,65.2656,63.5454,64.2419,2431784,156222310.83
2026-01-14,STK0028,64.2705,65.769,63.1021,64.5947,6254869,404031381.44
2026-01-15,STK0028,64.5441,64.6873,64.2419,64.3848,4061732,261513627.15
2026-01-16,STK0028,63.8926,65.2337,62.9943,64.3293,2184831,140548755.08
2026-01-19,STK0028,64.2692,65.4009,62.3623,63.4802,2335394,148251177.57
2026-01-20,STK0028,63.2599,64.4832,60.679,61.8755,2663420,164800451.4
2026-01-21,STK0028,61.7952,62.5599,59.3128,60.056,4453444,267455825.14
2026-01-22,STK0028,60.3204,62.7697,59.1659,61.5909,1948253,119994685.88
2026-01-23,STK0028,61.3422,62.142,61.0843,61.8818,1871138,115789374.72
2026-01-26,STK0028,61.7997,62.5752,61.3445,62.1176,3580998,222443144.97
2026-01-27,STK0028,62.3197,63.0378,61.9878,62.7038,1548038,97067898.31
2026-01-28,STK0028,62.6025,63.2171,60.0225,60.6175,2028442,122959121.15
2026-01-29,STK0028,61.574,62.1846,60.2623,60.8659,2675687,162858150.76
2026-01-30,STK0028,60.9569,62.8098,60.3107,62.151,2731907,169790704.92
2026-02-02,STK0028,61.6896,62.4739,60.4186,61.1967,1676424,102591617.9
2026-02-03,STK0028,60.8893,61.6221,58.1723,58.8809,3023706,178038671.46
2026-02-04,STK0028,58.5498,59.3274,56.0716,56.8263,3185137,180999610.06
2026-02-05,STK0028,56.5457,58.1333,55.4538,57.032,2121661,121002563.58
2026-02-06,STK0028,57.216,57.5174,56.4101,56.7088,4667191,264670749.76
2026-02-09,STK0028,56.3335,58.0399,55.7665,57.4614,2887717,165932363.35
2026-02-10,STK0028,57.3474,59.4662,57.2325,59.3473,1749254,103813584.13
2026-02-11,STK0028,59.7557,60.1962,59.5974,60.0372,4326735,259764860.13
2026-02-12,STK0028,59.8502,61.3886,58.8957,60.425,2028879,122594951.42
2026-02-13,STK0028,60.6689,63.9109,59.3252,62.5261,2632462,164597599.99
2026-02-16,STK0028,61.8979,62.4572,60.165,60.7136,2078425,126188729.11
2026-02-17,STK0028,60.5788,61.2599,57.3374,57.9894,3047369,176715028.83
2026-02-18,STK0028,57.6819,58.0757,55.8941,56.2783,2078796,116991185.05
2026-02-19,STK0028,56.3797,57.1934,56.0817,56.8927,2109351,120006771.46
2026-02-20,STK0028,56.5406,58.3379,55.2778,57.0634,2396086,136728861.45
2026-02-23,STK0028,57.7764,58.6523,55.9366,56.7976,2107034,119674411.3
2026-02-24,STK0028,56.2416,57.2659,55.1232,56.1458,3677763,206490824.27
2026-02-25,STK0028,56.5297,57.7894,54.1605,55.3949,1647631,91270293.13
2026-02-26,STK0028,55.6875,56.5525,53.1231,53.9613,2502446,135035181.76
2026-02-27,STK0028,54.0617,55.2871,53.7294,54.9493,2622332,144095406.17
2026-03-02,STK0028,54.9673,55.979,53.3765,54.3773,2414800,131310416.92
2026-03-03,STK0028,54.9859,56.8832,53.9302,55.8116,3554638,198390210.08
2026-03-04,STK0028,56.6453,57.2979,55.3191,55.9638,1498524,83863132.88
2026-03-05,STK0028,55.8943,56.9947,54.9895,56.0868,3088018,173197067.78
2026-03-06,STK0028,56.1399,57.4944,55.402,56.7485,1609127,91315510.37
2026-03-09,STK0028,56.5607,57.785,56.0144,57.2322,2141076,122538434.05
2026-03-10,STK0028,56.8321,58.9951,55.8394,57.9824,1610403,93375075.87
2026-03-11,STK0028,58.1438,59.6963,57.6966,59.2407,2243674,132916823.46
2026-03-12,STK0028,59.3295,60.3492,58.764,59.7794,2045551,122281736.56
2026-03-13,STK0028,59.2046,59.8754,57.9567,58.6209,4340092,254420029.06
2026-03-16,STK0028,58.7815,60.0439,57.833,59.0904,2692337,159091291.57
2026-03-17,STK0028,59.1909,60.5123,57.9123,59.2328,2885014,170887589.69
2026-03-18,STK0028,59.0196,59.9723,57.2672,58.2069,1678733,97713817.05
2026-03-19,STK0028,57.9746,59.4359,56.8905,58.3449,3164697,184643783.3
2026-03-20,STK0028,58.4934,59.2093,57.9827,58.6968,4313183,253169920.32
2026-03-23,STK0028,59.2661,60.1854,57.3951,58.2993,3335334,194447657.01
2026-03-24,STK0028,58.4388,59.008,58.1824,58.7502,1578915,92761599.41
2026-03-25,STK0028,59.026,59.773,56.6783,57.4048,2151551,123509351.57
2026-03-26,STK0028,57.1189,58.1394,54.5445,55.5368,2568514,142647062.3
2026-03-27,STK0028,55.3989,55.795,55.0591,55.4548,2014875,111734529.91
2026-03-30,STK0028,55.6575,58.2057,54.3914,56.9111,6006912,341859857.19
2026-03-31,STK0028,56.4491,57.1119,55.7946,56.4572,2067925,116749351.61
2026-04-01,STK0028,56.5275,58.7539,55.5419,57.747,2352043,135823437.89
2026-04-02,STK0028,57.9182,58.8535,57.1764,58.1093,1898526,110322021.17
2026-04-03,STK0028,58.0959,59.2336,57.0012,58.1381,2598004,151043127.76
2026-04-06,STK0028,58.2497,59.536,57.3503,58.6308,3817535,223825133.43
2026-04-07,STK0028,58.6511,60.0836,58.3685,59.7955,2451488,146587903.37
2026-04-08,STK0028,59.5727,60.9588,56.827,58.1808,2176017,126602409.99
2026-04-09,STK0028,57.771,58.7636,56.4047,57.3908,1609583,92375176.21
2026-04-10,STK0028,57.3597,58.4072,56.6221,57.6658,3561347,205367775.79
2026-04-13,STK0028,58.1189,59.1396,56.9456,57.9636,2244741,130113169.57
2026-04-14,STK0028,58.3209,58.7875,57.4718,57.9353,2212390,128175419.84
2026-04-15,STK0028,57.8154,58.9535,56.5164,57.6513,1031903,59490554.44
2026-04-16,STK0028,57.5248,60.204,56.8657,59.522,2239554,133302635.27
2026-04-17,STK0028,59.3651,60.5831,57.7613,58.9711,1996215,117719012.59
2026-04-20,STK0028,58.8158,59.6223,58.3274,59.1314,1221008,72199864.31
2026-04-21,STK0028,59.2335,60.8741,58.0384,59.6702,3237910,193206613.96
2026-04-22,STK0028,60.05,62.4099,58.6776,61.0155,1881141,114778740.8
2026-04-23,STK0028,61.8495,63.3685,59.2165,60.7074,4438687,269460982.17
2026-04-24,STK0028,60.4058,61.6058,59.1234,60.3216,3727934,224874942.23
2025-07-21,STK0029,64.0533,64.3969,63.8547,64.1979,1889207,121283135.96
2025-07-22,STK0029,65.2782,65.5856,64.5409,64.8463,3022376,195989817.33
2025-07-23,STK0029,64.7991,67.0834,64.3994,66.6721,1128175,75217814.44
2025-07-24,STK0029,66.8062,70.333,66.401,69.9089,1788399,125025055.57
2025-07-25,STK0029,70.1633,71.6639,66.6829,68.1402,988482,67355350.96
2025-07-28,STK0029,68.9544,69.718,65.7424,66.4786,1533434,101940533.31
2025-07-29,STK0029,66.0877,68.4923,65.2116,67.5962,1942320,131293507.95
2025-07-30,STK0029,68.6819,68.9605,68.3711,68.6496,1039694,71374527.98
2025-07-31,STK0029,68.5191,70.0281,66.2449,67.7367,1545788,104706609.11
2025-08-01,STK0029,67.2628,68.1007,67.1124,67.9488,1965815,133574674.78
2025-08-04,STK0029,67.8203,72.2011,67.5548,71.9195,1894983,136286172.89
2025-08-05,STK0029,71.571,74.0598,70.091,72.5594,2014428,146165613.95
2025-08-06,STK0029,72.7421,74.255,72.3781,73.8853,1300542,96090923.12
2025-08-07,STK0029,73.1564,78.3048,71.6752,76.7508,2016737,154786154.13
2025-08-08,STK0029,76.816,81.4689,76.0433,80.6576,1479179,119306974.76
2025-08-11,STK0029,80.9795,82.587,78.9596,80.5587,2398429,193214272.98
2025-08-12,STK0029,81.2786,82.9729,81.0219,82.7116,815383,67441672.12
2025-08-13,STK0029,83.0501,83.8681,80.2264,81.0244,1628267,131929350.6
2025-08-14,STK0029,81.7183,82.7863,80.6237,81.6914,1856306,151644182.11
2025-08-15,STK0029,81.395,82.7292,79.7564,81.0855,2869630,232685312.17
2025-08-18,STK0029,81.2775,83.0033,76.6812,78.3447,1919168,150356720.57
2025-08-19,STK0029,77.3038,77.8931,75.2141,75.7918,1962251,148722557.15
2025-08-20,STK0029,75.74,78.5035,74.4407,77.1795,2054536,158568130.21
2025-08-21,STK0029,77.3588,78.2172,76.9341,77.7901,2754322,214258891.03
2025-08-22,STK0029,78.0131,79.5959,74.6224,76.1678,1559569,118788871.09
2025-08-25,STK0029,75.4518,80.0319,73.6814,78.1971,1098964,85935791.04
2025-08-26,STK0029,78.0142,78.2551,76.8029,77.0407,1016896,78342389.68
2025-08-27,STK0029,76.9249,77.9906,76.6297,77.6925,2242589,174232447.37
2025-08-28,STK0029,77.4928,79.0514,75.8779,77.4354,1978746,153225000.85
2025-08-29,STK0029,77.773,79.6522,76.0429,77.9188,1673887,130427335.74
2025-09-01,STK0029,77.8175,81.9492,76.5017,80.5866,1498628,120769287.98
2025-09-02,STK0029,80.6346,82.5443,79.618,81.5166,2016391,164369376.79
2025-09-03,STK0029,81.2775,83.9375,79.6773,82.3168,2015668,165923272.3
2025-09-04,STK0029,82.8444,83.5811,82.0055,82.7413,2190296,181228013.47
2025-09-05,STK0029,83.3088,85.3758,79.3139,81.3317,1247345,101448726.99
2025-09-08,STK0029,81.1814,85.6197,79.4357,83.8173,983759,82456048.01
2025-09-09,STK0029,85.2632,87.1735,80.3983,82.2409,1289278,106031355.85
2025-09-10,STK0029,81.8635,83.6369,79.8653,81.6337,1108482,90489481.52
2025-09-11,STK0029,82.1285,84.055,78.7912,80.6838,1092116,88116025.82
2025-09-12,STK0029,80.2247,81.9665,79.9452,81.6819,3082562,251789607.98
2025-09-15,STK0029,82.0617,83.9407,79.6507,81.5173,807845,65853368.17
2025-09-16,STK0029,81.858,82.4897,81.0754,81.706,2113476,172683637.02
2025-09-17,STK0029,81.2115,84.6327,80.3782,83.7731,2414867,202300860.67
2025-09-18,STK0029,83.7075,84.5883,81.2057,82.0693,2494622,204731875.35
2025-09-19,STK0029,82.9942,83.6038,81.6158,82.2198,1961939,161310196.33
2025-09-22,STK0029,81.8191,82.8077,79.8258,80.8022,2759126,222943521.45
2025-09-23,STK0029,80.9973,83.544,79.8935,82.4209,3317072,273396015.5
2025-09-24,STK0029,82.587,83.0345,81.1277,81.5697,1569213,128000311.06
2025-09-25,STK0029,81.5491,82.9784,80.7116,82.135,2005507,164722237.11
2025-09-26,STK0029,81.2863,82.0997,79.5161,80.3199,2688112,215908897.82
2025-09-29,STK0029,80.7202,83.9177,79.3062,82.473,1282288,105754155.88
2025-09-30,STK0029,82.4788,84.3409,81.2121,83.0652,1610072,133740938.53
2025-10-01,STK0029,83.6172,85.1616,80.8991,82.4215,1421019,117122494.67
2025-10-02,STK0029,82.5362,85.2096,80.8829,83.5363,2062581,172300317.72
2025-10-03,STK0029,83.5686,85.0178,80.0468,81.4594,904755,73700827.5
2025-10-06,STK0029,81.6417,82.258,79.6393,80.245,2893058,232153562.2
2025-10-07,STK0029,79.771,81.4882,78.6902,80.3989,2114751,170023732.39
2025-10-08,STK0029,81.1541,82.1873,77.865,78.8691,2158934,170273107.93
2025-10-09,STK0029,78.6916,78.983,75.8377,76.1196,762160,58015330.15
2025-10-10,STK0029,75.9542,77.6687,73.9312,75.6386,1204789,91128505.99
2025-10-13,STK0029,76.2273,76.5401,72.9166,73.2171,2841223,208025987.35
2025-10-14,STK0029,73.3258,75.1192,70.8717,72.6485,1604689,116578302.39
2025-10-15,STK0029,72.5455,73.6994,72.3475,73.4988,938064,68946541.11
2025-10-16,STK0029,73.6815,76.3152,72.2975,74.9082,1790425,134117501.49
2025-10-17,STK0029,75.1901,78.5606,74.5424,77.8897,2126523,165634191.85
2025-10-20,STK0029,77.8344,80.2007,76.0591,78.4123,2017804,158220557.93
2025-10-21,STK0029,78.8474,80.4995,76.8512,78.4959,1567204,123019073.03
2025-10-22,STK0029,77.8998,78.4594,77.6992,78.2579,2420565,189428348.52
2025-10-23,STK0029,78.3809,79.5089,78.1846,79.3102,1259262,99872350.16
2025-10-24,STK0029,79.692,81.1085,78.427,79.8412,1918011,153136215.45
2025-10-27,STK0029,80.1396,80.8991,79.7036,80.4614,1644696,132334485.99
2025-10-28,STK0029,79.3867,81.3585,79.2021,81.1698,1536072,124682602.23
2025-10-29,STK0029,81.1081,83.4082,79.1406,81.4328,1417262,115411613.63
2025-10-30,STK0029,80.8418,85.4722,79.5034,84.0802,1479433,124391058.83
2025-10-31,STK0029,84.7314,84.922,84.1059,84.2954,1693150,142724834.25
2025-11-03,STK0029,84.0981,85.2151,82.7852,83.8996,1524305,127888531.52
2025-11-04,STK0029,84.493,84.9681,82.566,83.033,2154061,178858080.23
2025-11-05,STK0029,82.4288,84.7617,80.7375,83.0574,1378044,114456734.95
2025-11-06,STK0029,83.2523,83.4737,81.709,81.9269,2874667,235512418.92
2025-11-07,STK0029,81.9308,82.7936,80.0611,80.9132,1367661,110661879.27
2025-11-10,STK0029,82.2663,82.8812,79.0323,79.6275,2310866,184008405.61
2025-11-11,STK0029,80.1922,82.1618,77.8323,79.792,2358415,188182588.82
2025-11-12,STK0029,80.327,80.632,79.8512,80.1555,1792567,143684150.91
2025-11-13,STK0029,81.1367,82.6424,76.0529,77.491,1729652,134032409.49
2025-11-14,STK0029,77.623,78.6317,74.9682,75.9552,1296710,98491850.18
2025-11-17,STK0029,75.9099,80.503,74.3325,78.8643,1382590,109036975.45
2025-11-18,STK0029,78.7633,80.104,78.2177,79.5529,1818647,144678556.78
2025-11-19,STK0029,79.7095,82.0323,77.982,80.2922,1650097,132489934.05
2025-11-20,STK0029,78.9687,81.6121,77.0847,79.7104,2548857,203170319.0
2025-11-21,STK0029,79.7115,81.034,79.1613,80.4785,1433488,115365007.06
2025-11-24,STK0029,80.5881,81.5643,79.977,80.9504,1487703,120430145.92
2025-11-25,STK0029,80.8747,82.829,77.8864,79.8151,925593,73876267.98
2025-11-26,STK0029,79.0853,80.0331,77.9821,78.928,2085720,164621811.8
2025-11-27,STK0029,78.8571,80.5297,76.6291,78.2897,1983142,155259584.84
2025-11-28,STK0029,77.5726,79.2307,73.6982,75.3079,2313809,174248196.52
2025-12-01,STK0029,76.1137,76.8101,72.1241,72.7901,2354718,171400074.02
2025-12-02,STK0029,72.6778,73.122,71.4241,71.8634,2114195,151933138.06
2025-12-03,STK0029,70.9794,71.7198,69.568,70.3012,2156525,151606372.28
2025-12-04,STK0029,70.2142,71.3105,69.1097,70.2059,2002696,140601032.93
2025-12-05,STK0029,70.5841,71.5322,66.8867,67.7975,2106303,142802008.59
2025-12-08,STK0029,67.8691,69.9498,66.5833,68.6492,844717,57989137.19
2025-12-09,STK0029,68.2738,73.1103,67.2755,72.0567,1097933,79113384.54
2025-12-10,STK0029,71.764,74.7758,70.2909,73.2718,1055391,77330361.93
2025-12-11,STK0029,73.1458,75.6086,72.8246,75.278,2549443,191917072.36
2025-12-12,STK0029,75.0797,76.5744,74.1713,75.659,1261717,95460229.75
2025-12-15,STK0029,75.0894,76.1554,74.9114,75.9754,1333685,101327215.74
2025-12-16,STK0029,75.9446,76.3075,75.2509,75.6122,1695053,128166697.71
2025-12-17,STK0029,75.0095,75.7315,73.5413,74.256,1090427,80970748.28
2025-12-18,STK0029,74.68,77.4689,72.9822,75.7468,1906088,144379996.09
2025-12-19,STK0029,76.2351,77.0542,74.8588,75.6718,778614,58919140.6
2025-12-22,STK0029,75.2177,75.9939,74.5942,75.3692,1086290,81872757.02
2025-12-23,STK0029,75.0458,77.63,73.7379,76.3002,1737727,132588961.75
2025-12-24,STK0029,76.1068,77.4904,73.717,75.0819,1071958,80484685.2
2025-12-25,STK0029,75.0677,76.0489,72.5231,73.4836,2574566,189188260.7
2025-12-26,STK0029,73.5969,75.2748,72.9613,74.6303,1643517,122656130.84
2025-12-29,STK0029,74.8379,75.648,74.1687,74.9776,2424394,181775264.58
2025-12-30,STK0029,75.1757,75.6469,74.4031,74.8724,1882150,140921075.99
2025-12-31,STK0029,75.5737,76.3551,73.7204,74.4906,1671856,124537482.05
2026-01-01,STK0029,74.5175,76.1724,74.0801,75.7278,1203451,91134756.3
2026-01-02,STK0029,75.1384,76.3997,71.9744,73.2032,2358411,172643332.76
2026-01-05,STK0029,72.4999,74.1368,70.0947,71.7139,1986221,142439623.58
2026-01-06,STK0029,72.4212,72.9896,69.7134,70.2648,3638597,255665396.27
2026-01-07,STK0029,70.48,71.0136,69.9344,70.4679,2404316,169427167.64
2026-01-08,STK0029,70.5553,74.3374,68.9567,72.6904,1582407,115025870.54
2026-01-09,STK0029,72.8865,74.9759,71.7885,73.8632,2046099,151131438.19
2026-01-12,STK0029,73.9343,75.3231,72.0797,73.4596,2171165,159493020.82
2026-01-13,STK0029,73.6508,75.3043,71.7775,73.426,2763398,202905138.66
2026-01-14,STK0029,73.262,74.529,70.603,71.8455,2919714,209768328.65
2026-01-15,STK0029,72.3018,75.5996,70.9225,74.1845,1776404,131781572.07
2026-01-16,STK0029,73.9512,74.7573,73.0141,73.8187,1241916,91676587.3
2026-01-19,STK0029,73.4197,75.6776,71.6886,73.9344,992320,73366568.33
2026-01-20,STK0029,73.1881,74.5194,69.2125,70.4948,1303330,91877972.01
2026-01-21,STK0029,70.3943,70.6512,69.1654,69.4187,1587536,110204659.72
2026-01-22,STK0029,69.9486,71.0461,68.2249,69.3124,3343961,231777984.94
2026-01-23,STK0029,69.1225,69.4112,67.7014,67.9854,3380702,229838236.16
2026-01-26,STK0029,67.4254,68.631,66.4808,67.6829,2802270,189665648.02
2026-01-27,STK0029,67.7986,68.3343,67.525,68.0597,3108697,211576898.31
2026-01-28,STK0029,67.7943,70.4516,66.6807,69.313,1608772,111508791.74
2026-01-29,STK0029,69.9599,70.8341,67.2748,68.1261,1238806,84395033.11
2026-01-30,STK0029,68.5668,69.5761,67.362,68.3685,1470286,100521177.98
2026-02-02,STK0029,67.8491,69.6912,66.7007,68.5313,1031370,70681123.26
2026-02-03,STK0029,68.4598,68.9909,66.7661,67.2881,1451003,97635257.48
2026-02-04,STK0029,66.9839,67.6101,65.2706,65.8866,1791557,118039618.29
2026-02-05,STK0029,65.4294,67.0837,64.5731,66.2171,2223048,147203774.03
2026-02-06,STK0029,66.1949,67.1895,64.0138,64.9903,2169102,140970572.9
2026-02-09,STK0029,65.3101,66.8282,63.5581,65.0706,1604700,104418765.59
2026-02-10,STK0029,65.0387,66.1261,64.3822,65.4654,2475813,162079978.25
2026-02-11,STK0029,65.2629,66.5579,64.2442,65.5349,1586594,103977345.83
2026-02-12,STK0029,64.6731,68.5598,63.1715,67.004,2044587,136995575.05
2026-02-13,STK0029,66.7369,67.9722,63.3797,64.575,1375798,88842164.86
2026-02-16,STK0029,64.7892,65.408,63.2715,63.8817,3026715,193351554.05
2026-02-17,STK0029,63.3694,65.2064,62.6382,64.4626,2047832,132008535.57
2026-02-18,STK0029,64.9606,66.4035,61.3213,62.7143,2564539,160833324.68
2026-02-19,STK0029,62.4951,63.2492,60.6837,61.4249,1323244,81280147.35
2026-02-20,STK0029,61.4963,61.9758,60.8418,61.3199,2179210,133628955.92
2026-02-23,STK0029,61.1732,63.0757,60.3149,62.2029,2548195,158505132.72
2026-02-24,STK0029,61.7654,62.1532,61.3417,61.7293,1011708,62452001.0
2026-02-25,STK0029,61.8926,65.3506,60.9402,64.3603,3160496,203410474.38
2026-02-26,STK0029,64.1298,66.1075,62.5391,64.5074,1322294,85297787.36
2026-02-27,STK0029,64.1858,65.7451,61.4224,62.9517,2233459,140600092.01
2026-03-02,STK0029,62.0606,63.0608,59.9639,60.9462,3801199,231668672.24
2026-03-03,STK0029,61.4244,62.7994,59.7421,61.1101,2859184,174724904.88
2026-03-04,STK0029,61.1123,62.4223,59.8443,61.1535,1235875,75578079.59
2026-03-05,STK0029,61.5609,64.7389,60.0917,63.2299,1982293,125340174.01
2026-03-06,STK0029,63.4656,65.6123,62.0642,64.1948,3169834,203486864.82
2026-03-09,STK0029,64.6224,66.0891,62.9952,64.4581,1536334,99029224.47
2026-03-10,STK0029,64.2403,65.753,63.7727,65.2778,1822240,118951836.25
2026-03-11,STK0029,64.7425,67.2491,64.3777,66.8723,1823194,121921234.96
2026-03-12,STK0029,67.1791,67.3814,63.8427,64.0355,2559985,163929950.44
2026-03-13,STK0029,64.0856,65.1855,61.6287,62.705,1184732,74288622.15
2026-03-16,STK0029,62.5298,65.1168,61.0622,63.6235,2571715,163621573.5
2026-03-17,STK0029,63.9077,67.2868,62.319,65.6547,1695705,111331085.68
2026-03-18,STK0029,65.7762,67.1973,62.665,64.0487,2105528,134856247.96
2026-03-19,STK0029,64.2947,65.6521,60.1652,61.4629,1960615,120505093.96
2026-03-20,STK0029,61.087,61.9551,60.2358,61.1037,2636434,161095766.74
2026-03-23,STK0029,61.4631,62.5481,60.7013,61.7823,2168534,133976973.71
2026-03-24,STK0029,61.7806,63.8165,60.7471,62.7665,3630339,227863847.36
2026-03-25,STK0029,63.1764,63.3358,62.6795,62.838,3091346,194253847.21
2026-03-26,STK0029,63.2041,64.4852,59.5496,60.7816,1664735,101185305.17
2026-03-27,STK0029,61.0324,62.0774,59.528,60.565,3545633,214741434.45
2026-03-30,STK0029,60.5247,61.3498,60.1669,60.9893,2458763,149958284.89
2026-03-31,STK0029,61.2495,62.2676,59.5453,60.5518,2272402,137597959.66
2026-04-01,STK0029,60.9567,61.919,57.4466,58.3681,2904014,169501753.74
2026-04-02,STK0029,58.581,60.7475,57.4021,59.5491,1525604,90848389.83
2026-04-03,STK0029,59.6216,62.0355,58.3539,60.744,1376157,83593261.51
2026-04-06,STK0029,61.004,61.4816,60.179,60.6539,2282092,138417666.37
2026-04-07,STK0029,60.4628,61.8521,59.2093,60.5958,1828256,110784583.07
2026-04-08,STK0029,61.1487,61.5271,59.1814,59.55,4681201,278765310.53
2026-04-09,STK0029,58.9521,59.6045,57.8206,58.4676,1764930,103191240.79
2026-04-10,STK0029,58.4797,60.6003,57.7001,59.803,2369600,141709304.78
2026-04-13,STK0029,59.6576,62.486,58.4338,61.2299,2555167,156452673.57
2026-04-14,STK0029,60.9949,63.8186,59.6088,62.4006,3639277,227092909.63
2026-04-15,STK0029,62.5149,63.622,62.3651,63.47,1652945,104912359.55
2026-04-16,STK0029,63.0428,65.2678,61.8477,64.0536,1325041,84873618.21
2026-04-17,STK0029,64.886,68.3922,63.4466,66.908,3741823,250357772.73
2026-04-20,STK0029,66.3674,70.0326,64.7779,68.3947,2316090,158408170.2
2026-04-21,STK0029,68.0054,68.5604,67.4368,67.9917,3010597,204695545.02
2026-04-22,STK0029,67.5664,68.4127,67.1625,68.0061,3078926,209385860.8
2026-04-23,STK0029,68.0872,69.0047,64.7947,65.6797,3283576,215664393.29
2026-04-24,STK0029,66.0808,67.5823,64.2006,65.6933,2016743,132486553.9
2025-07-21,STK0030,70.558,72.2244,68.8908,70.5572,3184661,224700726.81
2025-07-22,STK0030,70.5907,70.8815,68.0212,68.3026,4852628,331446986.9
2025-07-23,STK0030,68.2523,69.2536,66.4955,67.4856,2794734,188604202.08
2025-07-24,STK0030,68.0375,69.4214,65.9784,67.3483,4481364,301812191.18
2025-07-25,STK0030,67.4687,68.7036,66.6129,67.843,6335440,429815471.43
2025-07-28,STK0030,67.6176,68.5146,66.7378,67.6345,4230771,286146205.5
2025-07-29,STK0030,67.6943,70.6274,66.0483,68.9509,5728117,394958743.33
2025-07-30,STK0030,69.8032,70.3129,68.1734,68.6748,2422296,166350807.0
2025-07-31,STK0030,68.9317,69.904,67.708,68.6767,2399022,164757005.28
2025-08-01,STK0030,68.5163,69.2665,68.198,68.9463,5540726,382012637.43
2025-08-04,STK0030,68.9279,69.7212,68.3106,69.1023,7048783,487086857.35
2025-08-05,STK0030,69.2947,70.7894,67.1795,68.6606,4510218,309674067.47
2025-08-06,STK0030,68.4873,69.7528,65.6423,66.8781,10416636,696644571.96
2025-08-07,STK0030,66.6739,67.7458,65.5528,66.6238,3050828,203257795.36
2025-08-08,STK0030,66.6193,68.1473,66.3115,67.8339,4008141,271887993.88
2025-08-11,STK0030,68.455,70.5265,66.9787,69.0376,5278500,364414907.24
2025-08-12,STK0030,69.366,69.9804,67.6392,68.2436,5823897,397443868.18
2025-08-13,STK0030,68.0761,69.05,64.8295,65.7703,4032399,265212174.76
2025-08-14,STK0030,66.1141,67.7371,65.6269,67.2415,3346079,224995468.52
2025-08-15,STK0030,67.245,68.2534,66.3051,67.3126,5958946,401112017.55
2025-08-18,STK0030,67.4519,68.4589,64.6539,65.6337,5006680,328607160.9
2025-08-19,STK0030,65.7337,66.3799,61.2029,61.8106,4208865,260152411.91
2025-08-20,STK0030,61.0329,62.0418,60.2006,61.2072,5716171,349870898.88
2025-08-21,STK0030,60.0982,61.3369,59.4168,60.6492,4526391,274521824.97
2025-08-22,STK0030,60.7317,61.8274,58.1881,59.2572,4356579,258158890.32
2025-08-25,STK0030,58.9548,60.7473,58.0994,59.8785,4193386,251093515.1
2025-08-26,STK0030,59.2924,60.6085,57.8925,59.2066,3345690,198086965.11
2025-08-27,STK0030,58.9153,59.5444,58.7302,59.358,3200416,189970153.32
2025-08-28,STK0030,59.6882,62.2734,59.5322,62.1112,3609954,224218439.9
2025-08-29,STK0030,62.2447,62.808,61.8502,62.4126,4519008,282042864.66
2025-09-01,STK0030,62.7022,63.4032,62.4058,63.1048,2350324,148316816.92
2025-09-02,STK0030,63.2766,64.1685,61.9653,62.8512,6292027,395461343.45
2025-09-03,STK0030,62.5056,63.841,62.0929,63.4222,4565721,289568293.85
2025-09-04,STK0030,63.7184,63.8901,63.5675,63.7391,3112305,198375652.47
2025-09-05,STK0030,63.9635,64.5073,62.3054,62.8396,7807978,490650097.98
2025-09-08,STK0030,62.7953,63.6734,61.9343,62.8121,4569601,287026412.52
2025-09-09,STK0030,62.8343,63.9922,60.8832,62.0262,2858412,177296375.44
2025-09-10,STK0030,62.3218,63.0748,60.6624,61.4044,7675326,471298758.86
2025-09-11,STK0030,61.1289,64.6717,59.6531,63.1472,7138544,450778933.05
2025-09-12,STK0030,63.5607,64.5351,63.142,64.1127,3248795,208289063.54
2025-09-15,STK0030,64.3305,65.2197,63.4283,64.3174,3968898,255269090.67
2025-09-16,STK0030,64.3182,66.5153,63.8151,65.999,3907255,257874945.64
2025-09-17,STK0030,66.6082,67.9772,64.6079,65.9637,2438803,160872475.4
2025-09-18,STK0030,65.4534,65.867,63.7393,64.1446,5263518,337626459.09
2025-09-19,STK0030,63.9678,67.7444,62.4251,66.1491,6294131,416351313.3
2025-09-22,STK0030,65.8789,67.279,64.6613,66.0582,5862779,387284418.33
2025-09-23,STK0030,66.2002,67.1805,62.8285,63.7729,4669287,297773845.11
2025-09-24,STK0030,64.2269,65.1418,61.17,62.0539,6331182,392874562.58
2025-09-25,STK0030,61.689,64.2523,61.0513,63.595,3083185,196074998.1
2025-09-26,STK0030,64.8688,65.0299,61.6867,61.8403,8927660,552088897.33
2025-09-29,STK0030,61.5948,64.9419,60.1752,63.4789,3690560,234272623.74
2025-09-30,STK0030,63.6164,65.1173,62.326,63.8227,3882549,247794875.53
2025-10-01,STK0030,63.8238,64.413,63.4981,64.0861,3859017,247309261.84
2025-10-02,STK0030,64.1038,64.412,63.3679,63.674,3658006,232919828.24
2025-10-03,STK0030,63.372,64.683,62.7962,64.1006,4359157,279424521.21
2025-10-06,STK0030,64.5125,65.7738,62.9688,64.2246,4406219,282987515.97
2025-10-07,STK0030,63.8964,64.9499,63.0291,64.0801,5041495,323059563.99
2025-10-08,STK0030,63.4036,64.5245,62.3228,63.443,3600962,228455692.71
2025-10-09,STK0030,63.0173,63.6622,62.8823,63.5261,5187963,329571239.45
2025-10-10,STK0030,64.0794,65.569,60.4136,61.8513,3379352,209017403.14
2025-10-13,STK0030,62.3171,62.6792,61.9031,62.2649,6506237,405110360.06
2025-10-14,STK0030,61.5195,62.9484,60.9453,62.3662,6300136,392915492.96
2025-10-15,STK0030,62.6714,64.4561,61.1808,62.9587,4911951,309249876.46
2025-10-16,STK0030,62.2144,63.3876,59.1459,60.2826,4026596,242733748.48
2025-10-17,STK0030,60.2728,61.1018,58.5194,59.3356,5680980,337084208.29
2025-10-20,STK0030,58.9072,60.3792,57.6202,59.0882,3787757,223811930.38
2025-10-21,STK0030,59.4049,59.8928,59.2024,59.6893,5233527,312385772.57
2025-10-22,STK0030,59.8883,60.1132,58.3073,58.527,4910875,287418831.12
2025-10-23,STK0030,58.872,61.9436,58.5442,61.6006,13277798,817920260.07
2025-10-24,STK0030,61.4916,61.9887,60.7498,61.245,3407947,208719776.46
2025-10-27,STK0030,61.1748,62.2947,58.5854,59.678,2035019,121445889.56
2025-10-28,STK0030,59.1436,59.9861,58.2349,59.0765,4111293,242880917.69
2025-10-29,STK0030,58.7124,59.4051,57.0757,57.7572,2820196,162886593.61
2025-10-30,STK0030,58.0868,59.2485,55.5818,56.7161,3891318,220700543.04
2025-10-31,STK0030,56.8413,58.3515,56.3129,57.8141,3221656,186257132.08
2025-11-03,STK0030,57.8503,58.8347,57.6209,58.6023,3687755,216110830.05
2025-11-04,STK0030,59.0477,59.7047,58.3462,59.0027,3531350,208359068.59
2025-11-05,STK0030,58.5442,61.6255,57.3951,60.4392,6956285,420432406.42
2025-11-06,STK0030,60.7009,61.9996,59.9176,61.2098,4945559,302716558.38
2025-11-07,STK0030,60.7782,62.2658,58.4721,59.939,7477790,448211420.89
2025-11-10,STK0030,60.4729,62.2044,59.1612,60.8838,5239759,319016522.97
2025-11-11,STK0030,61.083,62.3164,58.229,59.429,7153229,425109309.97
2025-11-12,STK0030,59.7739,60.9564,57.6335,58.7967,4710455,276959274.86
2025-11-13,STK0030,58.5497,59.5197,57.65,58.6189,9325010,546622189.61
2025-11-14,STK0030,59.3915,60.7412,56.7283,58.0475,6342605,368172595.03
2025-11-17,STK0030,58.7478,59.6623,55.5009,56.3785,4130828,232889986.67
2025-11-18,STK0030,56.5243,57.1217,54.6697,55.2536,6910015,381803453.54
2025-11-19,STK0030,55.6446,56.0066,54.8822,55.2416,5681250,313841415.39
2025-11-20,STK0030,55.1416,56.2831,53.669,54.8035,5180001,283882089.1
2025-11-21,STK0030,54.388,56.6748,53.8149,56.0839,5860823,328697635.13
2025-11-24,STK0030,56.3523,58.8118,55.2145,57.6479,7357823,424162776.7
2025-11-25,STK0030,57.3308,58.7416,55.0798,56.4695,2697152,152306753.58
2025-11-26,STK0030,56.9151,57.5509,55.7616,56.3915,5013328,282709055.33
2025-11-27,STK0030,56.7472,58.5701,56.1889,57.9995,7303816,423617981.87
2025-11-28,STK0030,58.0815,58.4248,56.9378,57.2765,6440296,368877384.03
2025-12-01,STK0030,57.3381,58.0797,55.6385,56.3675,3982174,224465197.49
2025-12-02,STK0030,56.7031,57.7636,55.7367,56.7957,2646699,150321099.7
2025-12-03,STK0030,56.8893,57.4124,55.6648,56.1813,11021230,619186964.05
2025-12-04,STK0030,56.0451,58.3863,55.307,57.6274,5812745,334973203.05
2025-12-05,STK0030,57.1061,57.9257,55.8937,56.7076,10574288,599642455.43
2025-12-08,STK0030,57.0348,57.5099,55.6352,56.1026,8160935,457849637.88
2025-12-09,STK0030,56.2261,57.5089,56.0832,57.3632,4817179,276328569.86
2025-12-10,STK0030,58.3195,58.7253,56.9502,57.3493,2626450,150625173.13
2025-12-11,STK0030,57.3163,58.9074,56.1429,57.7256,5309833,306513256.85
2025-12-12,STK0030,57.8303,58.3158,55.0008,55.4664,6046245,335363589.65
2025-12-15,STK0030,55.5749,55.7037,54.9246,55.0522,7309773,402418854.9
2025-12-16,STK0030,55.2675,56.2544,54.6168,55.5998,4328519,240664783.73
2025-12-17,STK0030,55.2782,56.2564,53.7461,54.7144,6834150,373926360.2
2025-12-18,STK0030,54.689,56.7736,53.6333,55.6984,6733173,375026683.46
2025-12-19,STK0030,55.9756,56.6205,54.7521,55.3902,8933906,494850703.52
2025-12-22,STK0030,55.2797,56.1819,54.4421,55.3433,5656743,313062927.99
2025-12-23,STK0030,55.6063,57.8883,54.5417,56.8008,7240857,411286358.31
2025-12-24,STK0030,56.8338,58.1098,54.9943,56.2575,6810008,383113701.81
2025-12-25,STK0030,56.3933,57.336,54.5737,55.5015,8427345,467730679.69
2025-12-26,STK0030,55.8862,56.886,54.3317,55.3214,4613470,255223646.41
2025-12-29,STK0030,55.246,55.4819,54.9943,55.2301,2107548,116400003.09
2025-12-30,STK0030,54.751,56.7377,54.1121,56.0832,5533265,310323276.65
2025-12-31,STK0030,55.9937,57.2505,53.4033,54.6295,5686128,310630590.35
2026-01-01,STK0030,54.3596,56.3574,54.05,56.0382,4087220,229040365.89
2026-01-02,STK0030,55.328,56.5432,54.8229,56.0317,3662804,205233207.4
2026-01-05,STK0030,55.9959,57.2387,55.0107,56.2491,5092329,286438989.68
2026-01-06,STK0030,56.3163,60.1316,55.0353,58.7942,6017736,353808035.48
2026-01-07,STK0030,59.1554,59.354,58.1437,58.3396,6368335,371525873.33
2026-01-08,STK0030,57.9421,59.2181,56.2795,57.5467,2736481,157475569.2
2026-01-09,STK0030,57.5773,58.458,57.1704,58.0478,3259987,189234968.54
2026-01-12,STK0030,58.442,59.8265,57.168,58.5501,8945824,523778974.22
2026-01-13,STK0030,58.3486,61.3607,57.0385,60.0132,5750989,345135413.51
2026-01-14,STK0030,60.2066,61.4009,57.8432,59.0138,6180392,364728249.52
2026-01-15,STK0030,59.5822,60.9674,56.5732,57.9197,3827028,221660350.14
2026-01-16,STK0030,57.2761,58.6568,54.6829,56.0336,6101271,341876417.28
2026-01-19,STK0030,56.1254,57.4319,53.2783,54.5481,5351324,291904627.29
2026-01-20,STK0030,54.93,55.6882,52.9556,53.6967,4889449,262547357.27
2026-01-21,STK0030,53.5838,54.4784,52.9052,53.7971,3638941,195764562.4
2026-01-22,STK0030,54.2466,56.012,54.0069,55.7655,4530443,252642415.8
2026-01-23,STK0030,55.9781,56.3683,53.2437,53.6174,12112011,649414567.16
2026-01-26,STK0030,54.1896,55.1111,52.7049,53.6166,5346747,286674379.13
2026-01-27,STK0030,53.8043,54.0695,52.7659,53.0273,8084121,428678892.52
2026-01-28,STK0030,53.62,54.8894,52.2509,53.5179,5765144,308538531.16
2026-01-29,STK0030,53.6143,54.0271,53.2271,53.6397,5643562,302718837.42
2026-01-30,STK0030,53.2013,55.8538,52.9873,55.63,5148435,286407558.23
2026-02-02,STK0030,55.4198,57.2403,55.0091,56.8193,10093149,573485279.54
2026-02-03,STK0030,57.1675,57.3461,56.1943,56.3705,7212281,406559645.97
2026-02-04,STK0030,56.7093,57.4448,56.3792,57.1124,4764667,272121462.12
2026-02-05,STK0030,57.006,58.8998,56.1215,57.9998,5374532,311721724.44
2026-02-06,STK0030,58.6311,59.6979,58.1239,59.1859,8884779,525853509.93
2026-02-09,STK0030,59.0603,60.2667,57.7925,58.9976,2247395,132590989.9
2026-02-10,STK0030,59.1614,60.4775,58.4923,59.8012,6736352,402842198.28
2026-02-11,STK0030,59.9573,61.0618,57.8505,58.9362,7227549,425963992.23
2026-02-12,STK0030,58.4676,59.537,57.3356,58.4039,4604912,268944787.25
2026-02-13,STK0030,58.3652,61.1172,58.0662,60.8057,6555750,398627275.79
2026-02-16,STK0030,61.6804,61.884,59.3814,59.5781,7215018,429856826.27
2026-02-17,STK0030,59.2493,60.5152,57.4932,58.7484,4000873,235044792.94
2026-02-18,STK0030,58.9692,60.0376,55.1889,56.2073,8263230,464453914.6
2026-02-19,STK0030,55.8193,56.1556,54.8685,55.201,6784490,374510742.37
2026-02-20,STK0030,54.893,55.8613,53.254,54.2103,5622386,304791072.07
2026-02-23,STK0030,53.7522,54.6626,53.2374,54.144,6224314,337009252.14
2026-02-24,STK0030,54.4506,54.6663,54.2706,54.4862,7520565,409767006.63
2026-02-25,STK0030,54.2021,55.7567,53.8085,55.3547,13372269,740218580.02
2026-02-26,STK0030,55.7773,56.8585,53.1516,54.2022,7554500,409470377.27
2026-02-27,STK0030,54.0297,54.6233,52.4772,53.0602,7949619,421808309.79
2026-03-02,STK0030,53.101,54.5769,52.3293,53.7952,6518733,350676523.47
2026-03-03,STK0030,53.9281,55.5185,53.6509,55.2346,11856843,654907922.17
2026-03-04,STK0030,54.7013,57.4749,54.4754,57.2385,3535364,202358825.48
2026-03-05,STK0030,57.3085,57.7384,54.8821,55.297,3157407,174595133.07
2026-03-06,STK0030,55.4132,57.519,54.7001,56.7882,6135409,348418920.87
2026-03-09,STK0030,57.178,59.6551,55.9498,58.4006,7371217,430483723.29
2026-03-10,STK0030,58.0654,59.201,55.858,56.9723,2320324,132194223.66
2026-03-11,STK0030,56.6937,58.5668,56.3716,58.2359,5709296,332486036.66
2026-03-12,STK0030,58.4668,58.6799,58.2105,58.4234,5432938,317410886.49
2026-03-13,STK0030,58.9206,59.3441,57.6552,58.0725,7622356,442649555.07
2026-03-16,STK0030,57.8665,59.2115,56.6163,57.9593,6783513,393167928.29
2026-03-17,STK0030,57.5314,59.4009,56.7337,58.5886,3120948,182851856.93
2026-03-18,STK0030,58.4773,60.8905,57.2751,59.6638,4092193,244155977.81
2026-03-19,STK0030,59.3022,61.0537,58.6795,60.4192,4560862,275563801.03
2026-03-20,STK0030,60.5636,61.5072,57.4454,58.3546,7939818,463324930.86
2026-03-23,STK0030,57.9777,58.8868,56.8387,57.7441,7001248,404280838.44
2026-03-24,STK0030,58.0822,59.3637,57.1288,58.405,4934694,288210768.61
2026-03-25,STK0030,58.4795,60.9172,57.7302,60.1465,6476742,389553685.59
2026-03-26,STK0030,60.51,60.964,56.8008,57.2302,4203289,240554865.36
2026-03-27,STK0030,56.4041,57.3813,55.7354,56.709,12682519,719212549.55
2026-03-30,STK0030,56.1139,57.4842,54.2578,55.6159,7395858,411327106.68
2026-03-31,STK0030,56.0489,56.5118,53.8914,54.3401,7904975,429557412.16
2026-04-01,STK0030,54.106,56.2116,53.0958,55.1813,9714995,536085961.58
2026-04-02,STK0030,54.6979,56.3357,53.4,55.0299,8623724,474562458.81
2026-04-03,STK0030,54.963,55.7887,52.1146,52.9095,6170186,326461704.88
2026-04-06,STK0030,52.9865,53.9648,52.2842,53.2589,5849124,311517804.76
2026-04-07,STK0030,53.2084,55.5788,52.9541,55.3144,9806990,542468102.89
2026-04-08,STK0030,55.47,56.5419,52.1268,53.154,6238336,331592514.23
2026-04-09,STK0030,53.2601,54.4832,52.0061,53.2285,4745013,252569944.73
2026-04-10,STK0030,53.3181,56.6677,52.0088,55.3095,12216420,675684000.08
2026-04-13,STK0030,55.7588,56.2184,55.3886,55.8477,4457927,248964953.03
2026-04-14,STK0030,55.8429,59.1012,54.5496,57.7633,3317152,191609797.68
2026-04-15,STK0030,57.7482,58.3555,56.3562,56.9551,8594254,489486878.18
2026-04-16,STK0030,57.2301,59.9423,56.3007,58.9844,4816395,284092035.25
2026-04-17,STK0030,59.1803,60.3139,58.7575,59.8861,7264095,435018138.61
2026-04-20,STK0030,59.5625,60.0219,59.0743,59.5335,11598661,690509227.05
2026-04-21,STK0030,59.5006,60.4667,57.2494,58.1942,3775651,219721126.05
2026-04-22,STK0030,58.3475,59.1148,56.274,57.024,5823806,332096593.13
2026-04-23,STK0030,56.8236,58.1976,53.3503,54.6723,9920315,542366406.16
2026-04-24,STK0030,54.4957,55.6578,54.0552,55.2115,7681132,424086932.59
2025-07-21,STK0031,30.8682,31.9365,30.5384,31.5989,713416,22543149.43
2025-07-22,STK0031,31.611,32.8565,31.1147,32.3486,868420,28092173.9
2025-07-23,STK0031,32.2799,33.2757,31.7726,32.7609,1191727,39041995.52
2025-07-24,STK0031,32.9361,33.5985,31.5516,32.1991,621842,20022779.63
2025-07-25,STK0031,32.2548,32.9087,31.1185,31.7625,759173,24113215.96
2025-07-28,STK0031,31.4632,32.5825,31.3924,32.5094,1022677,33246588.16
2025-07-29,STK0031,32.7242,33.3649,31.7104,32.3435,746656,24149492.99
2025-07-30,STK0031,32.5317,33.1339,31.7472,32.346,295729,9565648.81
2025-07-31,STK0031,32.6374,33.1424,31.9686,32.471,470212,15268239.43
2025-08-01,STK0031,32.3705,32.6713,31.0994,31.391,766329,24055843.92
2025-08-04,STK0031,31.4478,32.8692,30.7288,32.1346,517270,16622249.1
2025-08-05,STK0031,31.9069,33.4107,31.3014,32.7885,994322,32602282.0
2025-08-06,STK0031,32.7784,33.0379,31.3846,31.6351,1175133,37175410.19
2025-08-07,STK0031,31.7105,31.9965,30.8254,31.106,505998,15739558.78
2025-08-08,STK0031,30.9875,31.5558,30.089,30.6512,442314,13557448.72
2025-08-11,STK0031,30.7142,31.5933,30.0045,30.8798,563579,17403186.96
2025-08-12,STK0031,30.9109,31.3215,30.1228,30.5283,556087,16976401.27
2025-08-13,STK0031,30.446,31.2231,29.7695,30.5444,1096763,33499938.57
2025-08-14,STK0031,30.8016,31.1339,30.2805,30.6107,451431,13818623.95
2025-08-15,STK0031,30.5677,30.9684,30.2287,30.6287,824400,25250322.5
2025-08-18,STK0031,30.6532,31.4029,30.1082,30.8544,1031189,31816766.56
2025-08-19,STK0031,30.5841,30.9533,30.4874,30.8557,851969,26288083.88
2025-08-20,STK0031,30.952,31.2455,30.7911,31.084,761055,23656661.41
2025-08-21,STK0031,30.9952,31.8099,30.4139,31.2243,612778,19133589.43
2025-08-22,STK0031,31.4042,31.6419,31.0101,31.2466,1256918,39274410.54
2025-08-25,STK0031,31.0017,31.2324,30.8149,31.0453,602133,18693390.64
2025-08-26,STK0031,31.1256,31.2516,30.7775,30.9026,927992,28677329.31
2025-08-27,STK0031,30.5006,32.2618,30.2819,32.0321,622377,19936048.38
2025-08-28,STK0031,32.1507,32.4002,31.6059,31.8531,349113,11120327.85
2025-08-29,STK0031,31.8197,33.05,31.5064,32.7278,604371,19779717.62
2025-09-01,STK0031,32.8063,33.5799,32.0026,32.7754,617752,20247097.89
2025-09-02,STK0031,32.6576,33.7136,32.1081,33.1557,619120,20527356.37
2025-09-03,STK0031,32.9674,34.7216,32.3757,34.1095,527002,17975754.79
2025-09-04,STK0031,34.0207,34.1926,33.5385,33.7088,814068,27441283.17
2025-09-05,STK0031,33.7477,33.9647,33.215,33.43,827775,27672528.63
2025-09-08,STK0031,33.5459,34.3063,32.6516,33.409,578075,19312895.39
2025-09-09,STK0031,33.4699,34.0252,32.8067,33.3601,562054,18750173.15
2025-09-10,STK0031,33.1731,34.0439,32.489,33.3561,444648,14831712.14
2025-09-11,STK0031,33.7259,34.0706,32.8002,33.139,718470,23809344.26
2025-09-12,STK0031,33.2052,33.7124,32.5147,33.0191,1081326,35704391.32
2025-09-15,STK0031,32.896,34.8229,32.4502,34.3573,1081408,37154296.55
2025-09-16,STK0031,34.4449,34.6765,34.1133,34.3442,554890,19057262.2
2025-09-17,STK0031,34.397,35.1183,33.0929,33.8017,1401883,47386055.76
2025-09-18,STK0031,33.7662,34.6834,33.4394,34.351,610271,20963437.74
2025-09-19,STK0031,34.2907,35.3371,33.8539,34.8926,496045,17308321.29
2025-09-22,STK0031,35.0994,36.0112,34.9219,35.8299,433514,15532766.56
2025-09-23,STK0031,36.2033,37.9179,35.5993,37.2958,477671,17815101.24
2025-09-24,STK0031,36.8429,38.3296,36.0988,37.5708,761679,28616884.89
2025-09-25,STK0031,37.8492,38.2822,37.1015,37.5308,620664,23294005.12
2025-09-26,STK0031,37.5353,38.4548,35.382,36.2705,542008,19658903.55
2025-09-29,STK0031,36.3221,36.6099,35.4355,35.7186,499253,17832608.68
2025-09-30,STK0031,36.0094,36.8046,35.195,35.9897,458094,16486677.1
2025-10-01,STK0031,35.421,36.0794,34.2341,34.8825,486418,16967482.53
2025-10-02,STK0031,35.0535,35.8712,33.0286,33.8175,948173,32064840.87
2025-10-03,STK0031,34.0787,34.7274,33.098,33.7403,1273559,42970244.82
2025-10-06,STK0031,33.6012,34.5146,33.1515,34.0589,1280852,43624352.25
2025-10-07,STK0031,33.7752,34.2236,33.3864,33.8342,859107,29067212.73
2025-10-08,STK0031,34.1688,35.4452,33.4486,34.7135,570404,19800739.07
2025-10-09,STK0031,34.3496,35.6322,33.617,34.8881,539433,18819766.42
2025-10-10,STK0031,34.9758,36.3899,34.4321,35.8329,887529,31802710.01
2025-10-13,STK0031,36.0535,37.5056,35.3992,36.8371,618196,22772541.96
2025-10-14,STK0031,36.9249,38.9995,36.4579,38.5125,783582,30177680.17
2025-10-15,STK0031,38.6432,39.3251,38.3718,39.0509,1343644,52470446.77
2025-10-16,STK0031,38.9888,39.1116,38.7427,38.8652,728778,28324068.4
2025-10-17,STK0031,38.9732,39.7432,38.3093,39.0775,1469460,57422866.66
2025-10-20,STK0031,38.9118,41.0992,38.235,40.3966,446873,18052144.5
2025-10-21,STK0031,40.2565,40.953,38.9605,39.6464,784150,31088728.31
2025-10-22,STK0031,39.6549,41.1599,39.0626,40.5542,759672,30807922.02
2025-10-23,STK0031,40.1813,41.0469,39.7845,40.6455,491126,19962057.5
2025-10-24,STK0031,40.7865,41.0951,40.4373,40.7457,922677,37595082.7
2025-10-27,STK0031,40.1437,40.2846,39.6663,39.8061,1186230,47219140.35
2025-10-28,STK0031,39.8928,40.1084,38.3564,38.5648,1500650,57872335.72
2025-10-29,STK0031,38.6707,39.3069,37.4983,38.1255,786838,29998612.96
2025-10-30,STK0031,37.9442,39.9143,37.198,39.1445,346816,13575944.8
2025-10-31,STK0031,38.8558,39.7446,37.7907,38.6754,796303,30797323.46
2025-11-03,STK0031,38.5808,40.1391,38.4292,39.982,870197,34792175.01
2025-11-04,STK0031,40.1357,40.9674,38.6285,39.4459,618996,24416865.44
2025-11-05,STK0031,39.5278,40.15,38.1117,38.7212,709871,27487054.9
2025-11-06,STK0031,38.4638,39.394,38.1203,39.0453,546383,21333705.85
2025-11-07,STK0031,39.0701,40.1676,38.3398,39.4305,624755,24634406.7
2025-11-10,STK0031,39.4925,40.6514,38.5149,39.6694,923133,36620152.55
2025-11-11,STK0031,39.7217,40.1478,39.1647,39.5894,1040720,41201478.91
2025-11-12,STK0031,39.3557,41.3036,38.7091,40.6359,410833,16694586.36
2025-11-13,STK0031,40.6739,40.9993,40.2635,40.5882,528480,21450028.56
2025-11-14,STK0031,40.8123,41.0864,39.6466,39.9147,368560,14710962.6
2025-11-17,STK0031,40.0435,40.2609,39.0078,39.2208,1200057,47067141.39
2025-11-18,STK0031,39.3177,40.1011,39.21,39.9915,855346,34206576.58
2025-11-19,STK0031,40.3876,41.1408,38.9353,39.6751,309560,12281834.53
2025-11-20,STK0031,39.7151,39.9279,39.3408,39.5526,611100,24170618.4
2025-11-21,STK0031,39.3533,41.1225,38.6625,40.4131,561816,22704723.09
2025-11-24,STK0031,40.2102,43.0312,39.3256,42.1048,476016,20042566.5
2025-11-25,STK0031,42.1493,43.1601,41.2443,42.2529,907821,38358053.07
2025-11-26,STK0031,41.89,42.3888,41.5182,42.0158,891338,37450320.33
2025-11-27,STK0031,41.9375,42.1783,41.7336,41.9742,679875,28537220.08
2025-11-28,STK0031,42.0913,42.6044,40.6532,41.1549,491904,20244281.94
2025-12-01,STK0031,41.4452,41.7009,40.2386,40.4884,504383,20421636.4
2025-12-02,STK0031,40.115,40.5398,39.4469,39.8692,638423,25453387.92
2025-12-03,STK0031,39.8929,40.8544,39.2912,40.2473,545740,21964587.57
2025-12-04,STK0031,40.2309,40.9526,39.5542,40.2752,637433,25672735.83
2025-12-05,STK0031,40.2843,41.2997,40.0014,41.0117,790495,32419550.03
2025-12-08,STK0031,41.0466,41.3432,40.5141,40.809,382491,15609082.03
2025-12-09,STK0031,40.8013,41.7709,39.907,40.875,505929,20679840.13
2025-12-10,STK0031,41.2179,42.7025,40.2397,41.7126,638059,26615098.31
2025-12-11,STK0031,42.0251,42.7301,41.2142,41.9174,1090436,45708255.69
2025-12-12,STK0031,42.4599,43.0886,40.9346,41.5498,861247,35784681.97
2025-12-15,STK0031,41.5472,42.2592,40.7923,41.5035,650100,26981423.89
2025-12-16,STK0031,41.4014,42.5416,41.1961,42.3317,777055,32894097.26
2025-12-17,STK0031,42.0867,43.4158,41.1342,42.455,637075,27046995.1
2025-12-18,STK0031,42.3229,43.9432,42.0352,43.6465,969450,42313135.08
2025-12-19,STK0031,43.8341,44.5969,42.2063,42.9538,762160,32737655.92
2025-12-22,STK0031,43.1782,44.2264,42.8714,43.9144,1013145,44491623.99
2025-12-23,STK0031,44.0927,44.9611,43.2888,44.156,399947,17660043.48
2025-12-24,STK0031,43.9803,45.5345,43.1302,44.671,487490,21776689.9
2025-12-25,STK0031,44.4947,45.8636,43.6474,45.0065,704561,31709850.0
2025-12-26,STK0031,45.538,46.0781,43.7303,44.2552,761058,33680755.29
2025-12-29,STK0031,44.0348,44.8463,43.3319,44.1418,1502040,66302680.73
2025-12-30,STK0031,44.5185,45.67,43.8172,44.9617,350257,15748138.22
2025-12-31,STK0031,45.0709,46.7159,44.2341,45.8644,658650,30208566.69
2026-01-01,STK0031,45.6632,48.0316,45.0478,47.3928,652802,30938139.96
2026-01-02,STK0031,47.0572,48.0377,46.414,47.39,727538,34478047.93
2026-01-05,STK0031,47.1945,49.2346,46.3573,48.3763,1217470,58896700.87
2026-01-06,STK0031,48.4977,48.7845,47.5638,47.8467,909296,43506812.19
2026-01-07,STK0031,47.5863,48.3956,45.8344,46.6273,375705,17518125.93
2026-01-08,STK0031,47.0642,47.3188,46.5433,46.7965,1128691,52818766.95
2026-01-09,STK0031,46.7382,48.9592,45.8655,48.0618,1099834,52860031.97
2026-01-12,STK0031,48.2642,48.7925,46.7085,47.2254,711460,33598976.29
2026-01-13,STK0031,47.4013,48.4115,45.433,46.4223,362570,16831334.93
2026-01-14,STK0031,46.8763,47.0653,44.4583,44.6384,602063,26875100.04
2026-01-15,STK0031,44.5212,45.5934,43.9606,45.0265,740514,33342728.57
2026-01-16,STK0031,45.0551,45.3185,43.33,43.5848,880187,38362774.23
2026-01-19,STK0031,43.2199,44.8533,42.2697,43.8885,333744,14647526.61
2026-01-20,STK0031,43.9157,44.13,43.0084,43.2193,456910,19747343.26
2026-01-21,STK0031,43.516,44.0886,42.2246,42.7877,854864,36577672.7
2026-01-22,STK0031,42.8441,43.0335,41.7631,41.9485,996561,41804242.19
2026-01-23,STK0031,42.5346,43.4001,40.8341,41.6822,686488,28614351.42
2026-01-26,STK0031,41.8124,42.1673,40.4839,40.8304,873085,35648409.57
2026-01-27,STK0031,40.6982,41.5371,40.0608,40.8966,695069,28425934.2
2026-01-28,STK0031,41.0086,41.6517,40.7661,41.4069,822341,34050552.48
2026-01-29,STK0031,41.0449,42.8344,40.6309,42.4066,612269,25964263.77
2026-01-30,STK0031,42.2038,44.1511,42.009,43.9482,680352,29900276.35
2026-02-02,STK0031,43.6285,44.8317,42.9885,44.1836,385910,17050883.81
2026-02-03,STK0031,44.1878,44.2797,42.9686,43.0581,764715,32927175.77
2026-02-04,STK0031,43.0425,44.1117,41.7345,42.7977,384278,16446197.71
2026-02-05,STK0031,43.1082,43.869,42.6093,43.3671,772044,33481307.89
2026-02-06,STK0031,43.3413,44.0555,42.2703,42.9784,500322,21503061.43
2026-02-09,STK0031,42.7207,43.0879,42.2573,42.6236,658182,28054116.7
2026-02-10,STK0031,43.0243,44.7168,42.6876,44.3696,417102,18506660.06
2026-02-11,STK0031,43.5926,44.5281,42.3637,43.2928,488083,21130496.43
2026-02-12,STK0031,43.3028,44.8268,42.4611,43.972,684453,30096789.4
2026-02-13,STK0031,44.0295,45.5911,43.29,44.8381,777294,34852350.88
2026-02-16,STK0031,44.8353,45.7007,43.6416,44.5006,887827,39508864.36
2026-02-17,STK0031,44.6344,44.9036,43.7816,44.0473,409736,18047769.01
2026-02-18,STK0031,44.0766,45.1117,42.2179,43.2332,363139,15699677.19
2026-02-19,STK0031,43.3631,43.9033,42.5424,43.0791,438645,18896426.43
2026-02-20,STK0031,42.9237,44.7125,41.9802,43.7508,423152,18513246.7
2026-02-23,STK0031,43.3695,44.9259,42.5485,44.0912,1032242,45512833.23
2026-02-24,STK0031,44.079,47.0537,43.701,46.6536,958537,44719188.48
2026-02-25,STK0031,46.3671,47.2623,45.6672,46.5595,425790,19824569.15
2026-02-26,STK0031,46.3564,48.7063,45.2331,47.5539,1107826,52681479.77
2026-02-27,STK0031,47.8865,48.0231,47.4941,47.63,954004,45439211.13
2026-03-02,STK0031,48.0773,48.6451,46.8427,47.4025,349564,16570217.66
2026-03-03,STK0031,47.7286,49.2119,46.952,48.424,425590,20608749.94
2026-03-04,STK0031,48.7029,49.1811,47.2299,47.6982,349095,16651209.47
2026-03-05,STK0031,47.7154,48.2322,47.271,47.7872,596430,28501701.32
2026-03-06,STK0031,48.0792,49.0033,46.5084,47.4198,617539,29283572.35
2026-03-09,STK0031,47.5211,48.6177,45.6735,46.7523,623470,29148646.51
2026-03-10,STK0031,47.3018,47.9813,45.9472,46.6168,302712,14111472.18
2026-03-11,STK0031,46.3607,47.4645,44.8219,45.9151,377601,17337576.09
2026-03-12,STK0031,46.1007,46.3003,44.3144,44.5071,678093,30179964.78
2026-03-13,STK0031,44.1708,45.1153,43.8513,44.7914,771071,34537311.78
2026-03-16,STK0031,44.974,45.1547,44.3501,44.529,305012,13581871.9
2026-03-17,STK0031,44.072,44.9369,43.5424,44.4033,391598,17388247.37
2026-03-18,STK0031,44.0812,45.5992,43.3576,44.8628,907093,40694777.19
2026-03-19,STK0031,44.5189,45.1447,44.2246,44.8482,408005,18298299.19
2026-03-20,STK0031,44.9161,45.4693,43.6971,44.242,602066,26636594.57
2026-03-23,STK0031,44.3362,47.6058,43.5496,46.7759,376763,17623432.74
2026-03-24,STK0031,47.4687,48.9272,46.6756,48.1231,801468,38569152.17
2026-03-25,STK0031,48.0968,51.1521,47.3045,50.3231,294073,14798657.77
2026-03-26,STK0031,50.5569,51.3627,49.0962,49.8914,543751,27128476.02
2026-03-27,STK0031,49.9395,51.432,48.7064,50.1926,853114,42820032.05
2026-03-30,STK0031,50.4005,51.3289,48.582,49.4937,756362,37435166.78
2026-03-31,STK0031,49.5364,50.6696,48.1269,49.2537,506405,24942303.57
2026-04-01,STK0031,49.5797,50.7642,47.4281,48.5889,457597,22234122.75
2026-04-02,STK0031,48.283,52.7624,47.2317,51.6381,538362,27800011.74
2026-04-03,STK0031,50.8854,51.3388,50.6722,51.1246,363327,18574952.67
2026-04-06,STK0031,51.2528,52.1389,50.5264,51.4103,547881,28166711.08
2026-04-07,STK0031,50.8565,51.4044,49.5849,50.125,563053,28223029.01
2026-04-08,STK0031,50.5211,50.7349,49.9705,50.1829,503327,25258385.1
2026-04-09,STK0031,50.0181,50.7672,48.1816,48.9141,827435,40473271.51
2026-04-10,STK0031,48.6104,50.6033,48.2752,50.2568,394621,19832388.72
2026-04-13,STK0031,51.0778,51.8633,48.4476,49.2044,316963,15595960.21
2026-04-14,STK0031,49.1989,50.2222,48.0011,49.0208,477032,23384472.46
2026-04-15,STK0031,48.959,49.5004,46.7589,47.2818,600897,28411474.17
2026-04-16,STK0031,47.4944,48.627,46.1757,47.3037,560358,26507022.62
2026-04-17,STK0031,47.5357,48.4688,45.7832,46.6999,559194,26114296.49
2026-04-20,STK0031,47.0202,47.984,44.969,45.9101,398261,18284190.81
2026-04-21,STK0031,45.5444,45.8851,45.3356,45.6758,422051,19277514.81
2026-04-22,STK0031,45.823,47.4401,44.7386,46.3434,497907,23074714.47
2026-04-23,STK0031,46.262,48.3088,46.1327,48.1742,492653,23733146.63
2026-04-24,STK0031,47.9087,49.4356,46.883,48.3994,870743,42143447.6
2025-07-21,STK0032,63.2208,63.3828,61.8348,61.9936,6556474,406459520.26
2025-07-22,STK0032,61.9103,62.0729,60.8787,61.0391,5744635,350647087.89
2025-07-23,STK0032,61.0316,63.3577,60.7514,63.0681,3676198,231850885.13
2025-07-24,STK0032,63.1981,64.4816,59.8684,61.1095,2355568,143947579.48
2025-07-25,STK0032,61.1895,61.9431,59.4995,60.2414,2692731,162213879.93
2025-07-28,STK0032,60.6501,61.6416,57.976,58.9396,2731246,160978633.0
2025-07-29,STK0032,58.7466,60.1923,57.4469,58.8894,3850923,226778563.06
2025-07-30,STK0032,58.9736,59.3799,58.0164,58.4189,6394609,373566138.94
2025-07-31,STK0032,59.2826,60.8019,57.976,59.4906,6476325,385280730.01
2025-08-01,STK0032,59.476,60.615,58.0309,59.1638,3424844,202626928.07
2025-08-04,STK0032,59.1631,61.9223,58.0527,60.7816,1798967,109344026.46
2025-08-05,STK0032,60.3226,64.0766,58.9938,62.6956,2642817,165693119.16
2025-08-06,STK0032,62.4279,63.1387,62.1223,62.8311,5911808,371445507.75
2025-08-07,STK0032,62.791,64.0253,61.8849,63.1144,4245046,267923645.92
2025-08-08,STK0032,63.3168,64.7111,62.486,63.873,3452549,220524531.77
2025-08-11,STK0032,64.1222,65.2297,63.0044,64.1117,3367794,215915126.85
2025-08-12,STK0032,64.2374,64.7175,62.593,63.0643,2951368,186126097.99
2025-08-13,STK0032,63.3693,63.6817,62.5555,62.8654,2557942,160805943.38
2025-08-14,STK0032,62.4895,64.6705,60.9655,63.1308,7896256,498497162.62
2025-08-15,STK0032,63.3163,64.1211,61.8956,62.6925,7056108,442364954.99
2025-08-18,STK0032,62.6975,63.1575,61.4271,61.8811,2838548,175652415.0
2025-08-19,STK0032,61.9275,62.2346,60.5833,60.8852,2047917,124687932.48
2025-08-20,STK0032,60.753,64.0032,59.8021,63.0168,4124317,259901408.24
2025-08-21,STK0032,62.6575,62.9958,62.2472,62.5851,3824986,239387119.67
2025-08-22,STK0032,62.1305,64.1081,61.7446,63.7124,4897562,312035587.28
2025-08-25,STK0032,63.8351,65.3608,62.2081,63.7312,5245823,334322635.99
2025-08-26,STK0032,63.9219,64.0926,62.636,62.8037,2562468,160932450.41
2025-08-27,STK0032,62.7549,63.6872,62.3597,63.2886,6248753,395475104.07
2025-08-28,STK0032,63.283,64.3866,61.1547,62.24,3524272,219350763.27
2025-08-29,STK0032,61.9716,63.6708,61.5386,63.2289,5013675,317009023.06
2025-09-01,STK0032,63.42,64.6568,63.0278,64.2594,3715017,238724811.86
2025-09-02,STK0032,64.2828,66.0539,63.3314,65.0906,5522218,359444225.15
2025-09-03,STK0032,64.9479,67.7589,63.7784,66.5603,1700985,113218130.06
2025-09-04,STK0032,66.9071,67.7036,63.3557,64.1191,4988980,319888687.94
2025-09-05,STK0032,64.3677,65.6531,62.7234,64.0015,2981409,190814644.57
2025-09-08,STK0032,63.4144,64.7303,62.0012,63.3149,4108855,260151915.6
2025-09-09,STK0032,63.3336,66.9003,62.2993,65.8253,6289576,414013411.76
2025-09-10,STK0032,65.448,66.4486,63.8993,64.8914,3006785,195114592.4
2025-09-11,STK0032,64.9458,66.295,61.6717,62.9801,2832306,178378820.37
2025-09-12,STK0032,61.8002,66.172,61.6553,66.0172,3520439,232409414.99
2025-09-15,STK0032,66.0953,67.0038,64.7538,65.6562,3387649,222420234.62
2025-09-16,STK0032,65.9373,66.2644,63.8215,64.1397,2728888,175029929.71
2025-09-17,STK0032,64.097,64.5519,62.0702,62.5138,4036790,252354958.08
2025-09-18,STK0032,62.0784,64.3667,60.5993,62.8687,4162063,261663444.99
2025-09-19,STK0032,63.611,63.7437,62.9192,63.0506,4658414,293716011.49
2025-09-22,STK0032,63.4895,64.0648,61.7289,62.2934,3004256,187145330.46
2025-09-23,STK0032,62.0952,62.6382,61.7506,62.2925,2914053,181523598.96
2025-09-24,STK0032,62.195,63.4855,61.2546,62.5399,3876846,242457556.82
2025-09-25,STK0032,61.8009,65.8808,60.4773,64.4994,3765247,242855984.71
2025-09-26,STK0032,64.6828,65.7079,63.9719,64.9936,3757252,244197168.17
2025-09-29,STK0032,64.4618,65.9416,63.0916,64.5692,3204599,206918272.23
2025-09-30,STK0032,64.8278,65.6139,63.9452,64.7301,4473035,289539815.42
2025-10-01,STK0032,65.1297,66.6217,63.3774,64.8632,2833435,183785776.28
2025-10-02,STK0032,64.8359,68.1695,63.4432,66.736,3909203,260884546.04
2025-10-03,STK0032,66.3111,66.7165,64.8207,65.2193,3698882,241238615.14
2025-10-06,STK0032,65.7099,67.7165,64.2409,66.2357,4107109,272037290.82
2025-10-07,STK0032,66.2366,66.6624,65.3498,65.7727,6214690,408756694.74
2025-10-08,STK0032,65.8095,66.6833,63.9313,64.7917,2548699,165134554.62
2025-10-09,STK0032,64.4306,64.8499,61.8838,62.2892,1741468,108474611.81
2025-10-10,STK0032,62.3614,65.1181,61.6823,64.4167,3263234,210206621.4
2025-10-13,STK0032,64.3383,66.8275,62.7511,65.2186,2763355,180222138.9
2025-10-14,STK0032,64.7008,65.9688,63.1679,64.4306,1462749,94245856.77
2025-10-15,STK0032,64.9507,65.9084,63.3953,64.344,7748844,498591367.07
2025-10-16,STK0032,65.0267,66.5559,61.2257,62.7002,5120260,321041144.98
2025-10-17,STK0032,63.0844,64.69,62.4363,64.0322,5377285,344319182.0
2025-10-20,STK0032,64.3668,64.9014,63.9817,64.5153,3777200,243687290.0
2025-10-21,STK0032,65.2022,66.5758,61.2912,62.6102,4699061,294209094.94
2025-10-22,STK0032,62.2179,62.7938,62.0761,62.6509,3537086,221601715.27
2025-10-23,STK0032,62.2539,63.5305,60.3673,61.6311,5459296,336462279.07
2025-10-24,STK0032,61.478,62.3681,61.3242,62.2124,4300790,267562447.94
2025-10-27,STK0032,62.3237,62.856,59.8766,60.3924,3851330,232591036.82
2025-10-28,STK0032,60.2865,60.9,59.606,60.2188,4007772,241343171.84
2025-10-29,STK0032,59.8514,60.4096,58.5451,59.0963,6551504,387169423.78
2025-10-30,STK0032,59.0983,59.5474,56.5076,56.9403,4184373,238259572.72
2025-10-31,STK0032,56.9081,58.3644,56.6527,58.1036,2741407,159285696.21
2025-11-03,STK0032,58.3977,59.7601,58.2766,59.6364,4419329,263553071.66
2025-11-04,STK0032,59.6524,60.8346,57.7505,58.9181,4620956,272258162.59
2025-11-05,STK0032,58.2487,60.0967,57.5201,59.3543,3697442,219458984.93
2025-11-06,STK0032,59.4917,60.5621,59.1511,60.2174,3852452,231984684.28
2025-11-07,STK0032,60.7916,61.0281,60.3913,60.6272,2690250,163102297.69
2025-11-10,STK0032,60.6377,63.3856,60.1281,62.8573,4022059,252815781.8
2025-11-11,STK0032,63.2306,63.8725,62.3881,63.0278,2564753,161650805.11
2025-11-12,STK0032,62.8371,63.6296,61.7001,62.4882,3630142,226841198.01
2025-11-13,STK0032,62.7007,63.0969,62.4296,62.8252,3082429,193654220.45
2025-11-14,STK0032,62.5452,64.0799,60.2363,61.7516,5493494,339232115.51
2025-11-17,STK0032,61.6604,62.1648,60.4039,60.9022,6647036,404819017.0
2025-11-18,STK0032,60.815,62.8156,60.0762,62.0616,2589288,160695346.53
2025-11-19,STK0032,62.2394,63.8817,61.0999,62.7332,3942397,247319203.87
2025-11-20,STK0032,62.4238,62.994,60.4296,60.9867,3561440,217200479.62
2025-11-21,STK0032,60.453,60.7771,60.2174,60.5411,4824986,292109965.14
2025-11-24,STK0032,60.7121,62.4562,60.0649,61.7974,4255588,262984150.7
2025-11-25,STK0032,61.958,62.8697,59.208,60.0924,3583966,215369007.54
2025-11-26,STK0032,60.1329,61.4174,57.8612,59.1241,4240024,250687760.79
2025-11-27,STK0032,59.456,62.6956,58.834,62.0464,3814340,236666103.53
2025-11-28,STK0032,61.971,63.3628,59.4646,60.8308,7206155,438355989.6
2025-12-01,STK0032,60.9335,62.1983,60.0464,61.3057,3083554,189039546.76
2025-12-02,STK0032,61.1772,63.4721,60.0452,62.319,4439234,276648808.91
2025-12-03,STK0032,62.2224,62.39,60.6712,60.8351,4796408,291789869.25
2025-12-04,STK0032,60.9594,62.7948,59.5816,61.4069,4751246,291759191.8
2025-12-05,STK0032,62.2477,63.7218,61.8176,63.2846,3567245,225751598.99
2025-12-08,STK0032,63.5671,64.2685,62.9635,63.664,6406444,407860146.69
2025-12-09,STK0032,63.874,68.2127,62.9769,67.268,1867361,125613615.41
2025-12-10,STK0032,67.5809,69.208,64.764,66.3617,2662436,176683795.96
2025-12-11,STK0032,65.4334,69.7492,64.7823,69.062,4895837,338116145.63
2025-12-12,STK0032,69.1944,69.6837,68.103,68.588,2775542,190368852.28
2025-12-15,STK0032,68.9637,70.6255,66.4905,68.1323,2758091,187915089.74
2025-12-16,STK0032,68.1668,69.8274,66.763,68.4183,3132255,214303656.93
2025-12-17,STK0032,68.4006,69.5811,66.9721,68.1483,2800576,190854474.08
2025-12-18,STK0032,67.765,69.4053,66.9911,68.6215,4655965,319499268.1
2025-12-19,STK0032,68.4433,69.242,67.4523,68.2488,5219287,356210001.29
2025-12-22,STK0032,67.9083,69.529,64.8017,66.386,3828898,254185273.96
2025-12-23,STK0032,66.7853,67.0248,65.4084,65.6438,5328371,349774698.14
2025-12-24,STK0032,66.238,67.5245,64.9386,66.2248,2304650,152625010.17
2025-12-25,STK0032,66.9982,68.0585,65.5785,66.6331,3911850,260658604.98
2025-12-26,STK0032,66.2941,68.8059,64.6849,67.1753,6224199,418112285.27
2025-12-29,STK0032,66.9064,68.2637,65.9133,67.2653,5680187,382079489.02
2025-12-30,STK0032,66.9634,68.5383,66.3974,67.9638,6620410,449948209.88
2025-12-31,STK0032,67.5497,70.6112,66.2029,69.2309,3275675,226777781.31
2026-01-01,STK0032,68.8157,70.5134,66.8163,68.5063,5522709,378340176.97
2026-01-02,STK0032,68.2947,69.8567,66.2574,67.8083,3349643,227133567.17
2026-01-05,STK0032,68.165,68.7634,66.5896,67.1794,4783530,321354470.49
2026-01-06,STK0032,66.8906,68.2669,66.224,67.5933,5964151,403136405.47
2026-01-07,STK0032,68.0217,69.3387,64.005,65.2686,2832681,184885216.0
2026-01-08,STK0032,65.8064,66.8434,63.6251,64.6438,1910964,123531933.98
2026-01-09,STK0032,64.7545,65.317,64.6076,65.1693,7031189,458217487.94
2026-01-12,STK0032,65.6517,66.9976,65.3061,66.6468,4318355,287804631.67
2026-01-13,STK0032,66.1047,67.34,65.8425,67.0739,3413622,228965010.24
2026-01-14,STK0032,66.8497,67.2582,65.2501,65.6512,3392388,222714483.28
2026-01-15,STK0032,65.7259,66.5696,65.1335,65.9749,1708325,112706610.47
2026-01-16,STK0032,66.0633,67.6651,63.5419,65.1208,3802865,247645760.77
2026-01-19,STK0032,65.6817,67.1623,64.5284,66.0033,2893118,190955387.78
2026-01-20,STK0032,65.6089,65.8228,64.8039,65.0158,3609737,234690035.02
2026-01-21,STK0032,64.8067,65.8416,63.1235,64.1479,3596384,230700460.58
2026-01-22,STK0032,64.1152,66.5407,63.343,65.7489,1081030,71076517.66
2026-01-23,STK0032,65.5446,67.718,64.2768,66.433,4067007,270183434.38
2026-01-26,STK0032,66.0187,67.4929,63.3391,64.7858,3800826,246239484.65
2026-01-27,STK0032,64.6008,65.7266,64.3747,65.4973,4103803,268788183.09
2026-01-28,STK0032,65.4009,67.2754,63.7961,65.6641,3512118,230620029.57
2026-01-29,STK0032,66.2369,67.8739,66.0162,67.6485,3769686,255013727.29
2026-01-30,STK0032,67.2357,69.6821,65.9687,68.3932,3907264,267230390.23
2026-02-02,STK0032,68.7286,71.3911,67.1635,69.8016,4072905,284295184.14
2026-02-03,STK0032,70.3364,72.1388,68.9796,70.7736,4312043,305178839.92
2026-02-04,STK0032,70.5563,70.9421,67.9795,68.3532,3971256,271448123.66
2026-02-05,STK0032,68.4599,69.1353,67.9955,68.6694,7024465,482366147.53
2026-02-06,STK0032,68.9072,69.9661,68.7041,69.7605,2849266,198766253.02
2026-02-09,STK0032,69.9328,70.2834,67.9924,68.335,3168108,216492801.74
2026-02-10,STK0032,68.3687,68.6014,66.9952,67.224,6627275,445511645.09
2026-02-11,STK0032,66.9507,68.2357,66.7342,68.0157,3441610,234083644.06
2026-02-12,STK0032,68.2866,69.5534,67.2672,68.5304,4886290,334859215.11
2026-02-13,STK0032,68.3766,68.6339,66.5247,66.776,3635565,242768583.88
2026-02-16,STK0032,66.7875,67.574,65.5868,66.3684,3176742,210835301.39
2026-02-17,STK0032,66.4385,69.1811,65.2212,67.9363,4874789,331175365.13
2026-02-18,STK0032,68.2862,69.7092,68.1258,69.5459,4149193,288559471.44
2026-02-19,STK0032,70.3551,71.5296,67.3861,68.5302,2060562,141210630.63
2026-02-20,STK0032,68.2275,69.5521,66.1413,67.4508,3732393,251753070.24
2026-02-23,STK0032,67.4721,68.9934,66.5043,68.0178,2462238,167476014.75
2026-02-24,STK0032,67.4147,71.3249,66.5424,70.4139,5545137,390454446.8
2026-02-25,STK0032,71.0425,73.5436,69.7063,72.1859,6662235,480919289.37
2026-02-26,STK0032,72.2049,74.9126,71.1807,73.8649,6926723,511641629.95
2026-02-27,STK0032,73.7322,75.5227,72.7211,74.501,4091889,304849886.79
2026-03-02,STK0032,74.5244,76.0478,70.7354,72.2115,3050173,220257679.42
2026-03-03,STK0032,72.2561,73.7925,69.1084,70.6099,3942954,278411398.16
2026-03-04,STK0032,70.3005,71.8693,69.5642,71.1243,2620512,186382173.79
2026-03-05,STK0032,71.6331,72.4609,69.2147,70.0239,8207674,574732945.21
2026-03-06,STK0032,70.2953,71.7305,68.3351,69.7594,5510166,384385914.73
2026-03-09,STK0032,70.0884,71.1069,67.5847,68.5813,3944901,270546584.58
2026-03-10,STK0032,68.3021,71.2671,67.0865,70.021,5082756,355899677.54
2026-03-11,STK0032,69.7133,70.7669,69.4533,70.504,2964460,209006336.45
2026-03-12,STK0032,70.456,72.3466,70.1605,72.0445,2450231,176525710.03
2026-03-13,STK0032,72.3911,73.4517,71.3609,72.421,1709653,123814834.33
2026-03-16,STK0032,72.6394,74.1533,69.7231,71.2072,3851580,274260101.68
2026-03-17,STK0032,70.8757,72.4714,70.2179,71.805,3484354,250194106.33
2026-03-18,STK0032,72.0933,73.8303,67.9921,69.6708,4482034,312266749.07
2026-03-19,STK0032,69.2656,70.6154,64.8923,66.182,3751621,248289748.59
2026-03-20,STK0032,65.9198,67.596,64.6028,66.2719,4435369,293940275.65
2026-03-23,STK0032,66.3346,69.1042,64.9295,67.6708,4997693,338197785.78
2026-03-24,STK0032,67.1968,69.3195,66.6691,68.7794,2290475,157537391.3
2026-03-25,STK0032,68.3829,69.1211,67.7266,68.464,5104708,349488795.5
2026-03-26,STK0032,69.1046,69.431,66.514,66.8297,3342324,223366582.62
2026-03-27,STK0032,67.3798,69.2276,66.6556,68.4915,4589551,314345135.33
2026-03-30,STK0032,69.4389,70.1713,69.2428,69.9737,5415260,378925867.32
2026-03-31,STK0032,70.1631,71.9113,68.8101,70.5507,5457897,385058685.65
2026-04-01,STK0032,70.8242,72.2732,68.9232,70.3627,4008762,282067392.06
2026-04-02,STK0032,70.2973,71.0146,69.8113,70.5271,3973691,280252770.62
2026-04-03,STK0032,70.3789,71.3127,68.54,69.4616,5064126,351762090.12
2026-04-06,STK0032,69.8259,72.0382,68.607,70.8023,2121280,150191457.3
2026-04-07,STK0032,71.3832,72.7451,68.9642,70.3055,2545286,178947714.83
2026-04-08,STK0032,70.6382,72.3545,67.4154,69.0941,3190145,220420341.89
2026-04-09,STK0032,68.7469,70.9496,68.2921,70.4833,2216191,156204473.74
2026-04-10,STK0032,70.6491,72.0773,70.1069,71.5284,3175135,227112248.8
2026-04-13,STK0032,71.1986,72.7393,68.0531,69.5583,3089358,214890561.0
2026-04-14,STK0032,69.423,69.7171,68.5621,68.8537,3640901,250689583.69
2026-04-15,STK0032,69.533,70.9289,66.1114,67.4658,3570828,240908748.59
2026-04-16,STK0032,66.982,68.5856,66.6426,68.2399,5223486,356450030.76
2026-04-17,STK0032,69.1336,70.0104,65.0991,65.9353,4458149,293949541.81
2026-04-20,STK0032,66.1531,67.1865,64.9677,65.9987,3579196,236222416.06
2026-04-21,STK0032,65.8144,67.3891,64.5204,66.0897,3181254,210248113.13
2026-04-22,STK0032,66.1168,66.4231,65.0637,65.3666,3474339,227105863.74
2026-04-23,STK0032,65.0985,66.9828,63.7345,65.6081,3340701,219176921.69
2026-04-24,STK0032,65.3931,66.9035,63.9831,65.4913,8191118,536446996.06
2025-07-21,STK0033,12.3125,13.0164,12.0549,12.7497,2121682,27050748.38
2025-07-22,STK0033,12.7444,12.8175,12.4213,12.493,2037423,25453454.36
2025-07-23,STK0033,12.6206,12.93,12.033,12.3354,2239116,27620312.05
2025-07-24,STK0033,12.2368,12.9892,11.9691,12.7112,3710220,47161205.76
2025-07-25,STK0033,12.6762,12.8504,12.1571,12.3266,2641211,32557038.75
2025-07-28,STK0033,12.4026,12.58,12.2679,12.4448,3000378,37339213.77
2025-07-29,STK0033,12.4843,13.4009,12.1877,13.0899,4688321,61369743.52
2025-07-30,STK0033,13.1603,13.2758,13.1125,13.2277,7554510,99929030.63
2025-07-31,STK0033,13.1232,13.699,12.9465,13.517,3470035,46904533.3
2025-08-01,STK0033,13.5431,13.8877,13.3643,13.7068,3363925,46108692.43
2025-08-04,STK0033,13.6834,13.8308,13.5091,13.6562,1792166,24474135.9
2025-08-05,STK0033,13.8436,13.9072,13.742,13.8054,3020823,41703729.4
2025-08-06,STK0033,13.8726,13.9806,13.476,13.5817,2788419,37871432.5
2025-08-07,STK0033,13.5799,14.3571,13.2456,14.0122,3763370,52733088.3
2025-08-08,STK0033,14.0363,14.3252,13.5064,13.7903,2393343,33004834.17
2025-08-11,STK0033,13.7948,14.1868,13.5012,13.8912,2948402,40956929.49
2025-08-12,STK0033,13.9496,14.4134,13.7582,14.2184,3328334,47323437.74
2025-08-13,STK0033,14.1455,14.3891,13.7677,14.0089,5200261,72850017.0
2025-08-14,STK0033,14.1241,14.3164,13.7265,13.916,4525223,62972819.95
2025-08-15,STK0033,13.8058,14.1188,13.5631,13.8749,4059430,56324206.39
2025-08-18,STK0033,13.892,14.1957,13.3446,13.6428,3396052,46331750.51
2025-08-19,STK0033,13.5755,13.7282,13.4726,13.6249,2279502,31058052.67
2025-08-20,STK0033,13.6284,13.9537,13.1953,13.518,3500994,47326405.95
2025-08-21,STK0033,13.5984,13.9113,12.9998,13.306,2081077,27690907.21
2025-08-22,STK0033,13.17,13.5611,13.0167,13.405,2444463,32768013.19
2025-08-25,STK0033,13.3914,13.8598,13.0637,13.5288,5041437,68204439.32
2025-08-26,STK0033,13.4124,13.8127,13.1133,13.5114,3225040,43574916.34
2025-08-27,STK0033,13.4888,13.5282,13.1163,13.1548,2899498,38142202.64
2025-08-28,STK0033,13.0414,13.518,13.0027,13.478,3037727,40942500.17
2025-08-29,STK0033,13.4911,13.7375,13.1691,13.4141,2604874,34942130.32
2025-09-01,STK0033,13.3799,14.4117,13.112,14.1288,1266691,17896813.8
2025-09-02,STK0033,14.1923,14.3018,13.9544,14.0629,1732204,24359880.42
2025-09-03,STK0033,14.167,14.3578,13.8658,14.0552,3280970,46114542.73
2025-09-04,STK0033,14.0561,14.2585,13.6767,13.8765,1991164,27630468.54
2025-09-05,STK0033,13.9511,14.1727,13.7803,14.0012,2672533,37418658.66
2025-09-08,STK0033,14.1178,15.079,14.0671,15.0251,1807338,27155372.26
2025-09-09,STK0033,14.9422,15.0473,14.8211,14.9261,2220120,33137668.43
2025-09-10,STK0033,15.0551,15.5088,14.743,15.1938,2805320,42623516.65
2025-09-11,STK0033,15.1904,15.2464,15.0856,15.1414,3932936,59550004.9
2025-09-12,STK0033,15.0527,15.7924,14.8072,15.539,4183809,65012146.7
2025-09-15,STK0033,15.5668,15.825,14.8391,15.0894,2195960,33135720.25
2025-09-16,STK0033,15.0829,16.0674,14.7209,15.6908,3181827,49925397.69
2025-09-17,STK0033,15.5589,16.1126,15.1744,15.724,1675584,26346880.6
2025-09-18,STK0033,15.6205,16.0517,15.2497,15.6796,2754761,43193465.77
2025-09-19,STK0033,15.8344,16.1866,15.6055,15.956,3861459,61613407.81
2025-09-22,STK0033,15.9827,16.0753,15.9354,16.0278,2691597,43140370.76
2025-09-23,STK0033,16.1709,16.3064,15.6665,15.7988,4500172,71097462.96
2025-09-24,STK0033,15.7594,15.9633,14.9577,15.1538,3881410,58818010.42
2025-09-25,STK0033,15.0811,15.784,15.0373,15.7384,3140670,49429044.5
2025-09-26,STK0033,15.5802,15.7341,15.5358,15.6893,2632538,41302639.9
2025-09-29,STK0033,15.7807,15.9298,15.407,15.554,2442582,37991886.09
2025-09-30,STK0033,15.5924,15.7625,15.308,15.4769,1824540,28238186.8
2025-10-01,STK0033,15.4391,15.9845,15.2019,15.7427,1923242,30277086.43
2025-10-02,STK0033,15.668,16.0355,15.2125,15.5778,4386875,68338043.05
2025-10-03,STK0033,15.6835,15.8897,15.5111,15.7168,5342171,83961892.72
2025-10-06,STK0033,15.7001,15.7489,15.5141,15.5625,2193538,34136840.15
2025-10-07,STK0033,15.5469,15.7711,14.9744,15.1935,3284653,49905278.76
2025-10-08,STK0033,15.1388,15.7639,14.9839,15.6042,1829868,28553619.31
2025-10-09,STK0033,15.5661,16.1917,15.2123,15.8319,2220249,35150768.25
2025-10-10,STK0033,15.8842,16.0737,15.5603,15.7481,3356404,52857083.69
2025-10-13,STK0033,15.6149,15.7617,15.4214,15.5677,2630172,40945830.75
2025-10-14,STK0033,15.5753,15.8657,15.2764,15.5668,1612990,25109020.37
2025-10-15,STK0033,15.6563,15.9257,15.4473,15.7159,5658667,88931206.99
2025-10-16,STK0033,15.7079,16.5963,15.476,16.3548,3093864,50599470.02
2025-10-17,STK0033,16.4586,16.549,16.2546,16.3445,2123142,34701662.04
2025-10-20,STK0033,16.4765,16.6516,16.1677,16.3414,3236480,52888511.59
2025-10-21,STK0033,16.4302,16.4806,16.209,16.2589,3103067,50452537.84
2025-10-22,STK0033,16.2066,16.5204,15.6343,15.943,3626880,57823286.44
2025-10-23,STK0033,15.9396,16.0615,15.4333,15.5522,2787961,43358966.74
2025-10-24,STK0033,15.5845,15.6589,15.5022,15.5765,3474277,54117079.55
2025-10-27,STK0033,15.5327,15.8407,15.291,15.598,4281960,66789929.2
2025-10-28,STK0033,15.551,15.7893,15.25,15.4874,1898029,29395533.24
2025-10-29,STK0033,15.4351,15.5781,15.2391,15.3816,2364189,36365007.56
2025-10-30,STK0033,15.6181,15.9951,14.8252,15.1919,3989666,60610484.62
2025-10-31,STK0033,15.1672,15.5362,14.9151,15.2823,2474038,37808880.57
2025-11-03,STK0033,15.3806,15.7659,15.0221,15.4068,2914056,44896357.67
2025-11-04,STK0033,15.3267,15.6396,15.1901,15.5014,2531481,39241508.26
2025-11-05,STK0033,15.6605,15.8906,15.3859,15.6153,2553857,39879333.2
2025-11-06,STK0033,15.5799,15.9812,15.4006,15.7993,2532855,40017440.35
2025-11-07,STK0033,15.8044,16.3382,15.6225,16.1524,1958872,31640466.01
2025-11-10,STK0033,15.9757,16.4275,15.9262,16.3767,3537458,57932062.89
2025-11-11,STK0033,16.4868,16.6031,16.3371,16.4531,4280661,70430077.52
2025-11-12,STK0033,16.5852,16.95,15.5632,15.9132,2697188,42920923.32
2025-11-13,STK0033,15.8003,16.5322,15.4598,16.1835,4068823,65847609.13
2025-11-14,STK0033,16.2979,16.3699,15.9048,15.9754,2491289,39799336.36
2025-11-17,STK0033,15.8477,16.0963,15.8094,16.0575,2478956,39805719.45
2025-11-18,STK0033,16.1185,16.1885,15.5832,15.6512,3463631,54210124.37
2025-11-19,STK0033,15.6242,16.5311,15.3634,16.2596,3526285,57336134.4
2025-11-20,STK0033,16.3905,16.5137,15.491,15.6083,2964197,46266216.02
2025-11-21,STK0033,15.6317,16.4015,15.3263,16.0871,3903332,62793324.32
2025-11-24,STK0033,16.1773,16.325,16.1427,16.2902,1952695,31809796.37
2025-11-25,STK0033,16.4116,16.7146,15.4469,15.7374,2714528,42719745.07
2025-11-26,STK0033,15.71,16.6504,15.3583,16.2858,4259223,69365061.24
2025-11-27,STK0033,16.283,16.4853,16.2337,16.4355,4291056,70525724.05
2025-11-28,STK0033,16.3263,16.6847,15.2401,15.5821,4080827,63587920.4
2025-12-01,STK0033,15.5541,15.9136,14.9674,15.3215,4334552,66411905.18
2025-12-02,STK0033,15.4997,15.7217,15.1201,15.3398,2653053,40697327.59
2025-12-03,STK0033,15.4095,15.856,15.2779,15.7217,1683962,26474755.68
2025-12-04,STK0033,15.6235,15.8889,15.39,15.655,2736771,42844088.04
2025-12-05,STK0033,15.809,15.9535,14.707,14.8428,3681696,54646520.97
2025-12-08,STK0033,14.8774,15.5626,14.5284,15.2058,3835469,58321266.96
2025-12-09,STK0033,15.2817,15.7082,15.0601,15.4836,2406241,37257309.27
2025-12-10,STK0033,15.5293,15.8456,14.5423,14.8447,2071317,30748107.36
2025-12-11,STK0033,14.8821,15.2578,14.6436,15.0171,2110613,31695248.53
2025-12-12,STK0033,14.8382,15.1809,14.7101,15.051,2397216,36080393.51
2025-12-15,STK0033,15.1513,15.3558,14.7473,14.9492,1525821,22809731.26
2025-12-16,STK0033,14.7483,15.0763,14.3155,14.6411,2479948,36309165.57
2025-12-17,STK0033,14.7306,14.8898,14.2985,14.4547,3084339,44583225.56
2025-12-18,STK0033,14.4633,14.6058,14.3153,14.4577,2890974,41796899.57
2025-12-19,STK0033,14.5304,14.8791,14.0438,14.3892,2629748,37839845.32
2025-12-22,STK0033,14.4028,14.7855,14.2634,14.6437,2337217,34225508.84
2025-12-23,STK0033,14.7357,15.0565,13.8097,14.117,2433045,34347192.63
2025-12-24,STK0033,14.1183,14.2182,14.0322,14.1319,2415567,34136656.31
2025-12-25,STK0033,14.1558,14.4419,13.8398,14.1253,3836350,54189527.15
2025-12-26,STK0033,14.1596,14.4104,13.9309,14.1814,3009458,42678213.5
2025-12-29,STK0033,14.3421,14.4104,13.9678,14.0346,9216655,129352349.46
2025-12-30,STK0033,14.0853,14.4767,14.0364,14.4267,2680990,38677733.65
2025-12-31,STK0033,14.3131,14.9197,14.1863,14.7886,3600088,53240339.41
2026-01-01,STK0033,14.7387,15.1108,14.4863,14.8564,2764478,41070285.9
2026-01-02,STK0033,14.9098,15.0631,14.6645,14.8169,2783286,41239668.69
2026-01-05,STK0033,14.9293,15.0523,14.805,14.928,5358785,79995912.91
2026-01-06,STK0033,14.8635,15.537,14.6348,15.3017,4408696,67460362.03
2026-01-07,STK0033,15.5087,15.8795,14.7463,15.1075,1696662,25632295.92
2026-01-08,STK0033,15.1234,15.196,14.8959,14.9678,2258840,33809828.04
2026-01-09,STK0033,15.0056,15.3874,14.7531,15.1328,3060123,46308247.76
2026-01-12,STK0033,15.0194,15.3646,14.53,14.8718,2686364,39951041.81
2026-01-13,STK0033,14.9717,15.1879,14.2984,14.5079,1915812,27794460.13
2026-01-14,STK0033,14.4692,14.819,13.845,14.188,3311380,46981921.15
2026-01-15,STK0033,14.1247,14.4643,13.9022,14.24,1595001,22712810.98
2026-01-16,STK0033,14.2129,14.8139,13.9646,14.5595,3169723,46149684.24
2026-01-19,STK0033,14.6808,14.9774,14.054,14.3437,3972042,56973777.32
2026-01-20,STK0033,14.3838,14.4787,14.0929,14.1864,4284449,60780940.82
2026-01-21,STK0033,14.1109,14.5058,13.9009,14.2931,2959972,42307064.37
2026-01-22,STK0033,14.2477,14.4774,13.8847,14.1123,5187357,73205409.57
2026-01-23,STK0033,14.2321,14.2999,13.7324,13.7982,3513206,48475801.94
2026-01-26,STK0033,13.7786,13.9656,13.6067,13.7935,4170423,57524604.24
2026-01-27,STK0033,13.8399,14.1129,13.2667,13.5336,2383832,32261865.23
2026-01-28,STK0033,13.5992,13.6391,13.3895,13.429,5370178,72115886.37
2026-01-29,STK0033,13.1563,13.7223,13.0049,13.5662,3211294,43564987.23
2026-01-30,STK0033,13.6695,13.9947,13.5963,13.9202,5660941,78801525.62
2026-02-02,STK0033,13.8492,13.9329,13.5071,13.5892,5111035,69455123.27
2026-02-03,STK0033,13.5599,13.7469,13.2878,13.4736,3412157,45973868.2
2026-02-04,STK0033,13.5986,13.635,12.9482,12.983,3654537,47446924.97
2026-02-05,STK0033,13.0962,13.2504,12.7014,12.8527,2991484,38448684.64
2026-02-06,STK0033,12.8908,13.0049,12.8574,12.9713,2364029,30664483.6
2026-02-09,STK0033,13.0281,13.3315,12.6227,12.9237,3858322,49863653.68
2026-02-10,STK0033,12.9997,13.5651,12.7097,13.2691,3853541,51132943.1
2026-02-11,STK0033,13.3834,13.4753,13.1541,13.2451,1849576,24497829.09
2026-02-12,STK0033,13.3695,13.6281,13.3225,13.5804,3165875,42993915.59
2026-02-13,STK0033,13.5892,13.9037,13.4837,13.7966,4370614,60299590.53
2026-02-16,STK0033,13.7357,13.8212,13.6993,13.7846,5365417,73960378.16
2026-02-17,STK0033,13.7636,14.0237,13.122,13.3748,4224804,56505719.35
2026-02-18,STK0033,13.385,13.5884,13.0055,13.2063,1965844,25961431.8
2026-02-19,STK0033,13.202,13.3936,12.8541,13.0433,2318275,30238016.48
2026-02-20,STK0033,12.9643,13.2443,12.632,12.9108,2947147,38050062.9
2026-02-23,STK0033,12.9447,13.3772,12.6778,13.107,5516603,72306372.69
2026-02-24,STK0033,12.9843,13.1324,12.6404,12.7862,2801193,35816563.71
2026-02-25,STK0033,12.7927,12.9979,12.472,12.6753,4909782,62232943.24
2026-02-26,STK0033,12.6867,12.841,12.2594,12.4103,2715936,33705583.1
2026-02-27,STK0033,12.4189,12.622,12.0608,12.2613,4141213,50776547.42
2026-03-02,STK0033,12.3241,12.3917,11.9542,12.0202,2476057,29762649.94
2026-03-03,STK0033,12.0721,12.1796,11.7116,11.8168,3191574,37714047.34
2026-03-04,STK0033,11.9754,12.1147,11.8821,12.021,2304958,27707828.57
2026-03-05,STK0033,11.9837,12.0538,11.7952,11.8646,5707448,67716722.81
2026-03-06,STK0033,11.8845,12.0752,11.7476,11.9377,2655376,31699043.89
2026-03-09,STK0033,11.9531,12.1767,11.4171,11.6348,1973177,22957558.86
2026-03-10,STK0033,11.6466,11.776,11.4112,11.5394,1929856,22269373.55
2026-03-11,STK0033,11.4522,12.3027,11.1704,12.0073,3285084,39445021.4
2026-03-12,STK0033,11.9223,12.029,11.7442,11.8502,2849882,33771757.5
2026-03-13,STK0033,11.8507,12.1328,11.1395,11.4112,4164460,47521371.71
2026-03-16,STK0033,11.3038,11.5102,11.2309,11.4364,3012224,34448902.2
2026-03-17,STK0033,11.4135,11.5205,11.224,11.3303,4981928,56446610.66
2026-03-18,STK0033,11.2863,11.4159,11.2212,11.3504,2852166,32373241.24
2026-03-19,STK0033,11.3301,11.4148,11.1603,11.2443,4688340,52717265.68
2026-03-20,STK0033,11.321,11.3845,11.201,11.2643,2332176,26270218.25
2026-03-23,STK0033,11.1916,11.4463,11.0084,11.262,1903011,21431658.26
2026-03-24,STK0033,11.3209,11.4154,11.246,11.3404,2464541,27948799.75
2026-03-25,STK0033,11.3016,11.6405,11.2568,11.5946,2210353,25628113.37
2026-03-26,STK0033,11.5635,11.6575,11.0462,11.1368,2104232,23434311.55
2026-03-27,STK0033,11.1679,11.3645,10.7079,10.8998,3711636,40455971.12
2026-03-30,STK0033,10.8819,11.0109,10.7097,10.8382,2942530,31891661.2
2026-03-31,STK0033,10.7803,10.8406,10.474,10.5329,3434257,36172841.95
2026-04-01,STK0033,10.5096,10.5459,10.3822,10.4183,4006359,41739296.67
2026-04-02,STK0033,10.3078,10.5867,10.1143,10.3916,1841779,19139104.77
2026-04-03,STK0033,10.4154,10.8037,10.2259,10.6106,4042185,42890008.67
2026-04-06,STK0033,10.415,10.8431,10.2836,10.708,2175922,23299724.53
2026-04-07,STK0033,10.7652,10.9174,10.5337,10.6847,2717994,29041073.3
2026-04-08,STK0033,10.7243,10.805,10.4505,10.5298,1695463,17852900.96
2026-04-09,STK0033,10.6315,10.7714,10.1076,10.2425,4225930,43283912.41
2026-04-10,STK0033,10.3774,10.7258,10.1828,10.5284,1861342,19596869.15
2026-04-13,STK0033,10.5876,11.1049,10.3786,10.8899,2226548,24246914.08
2026-04-14,STK0033,10.849,10.9557,10.542,10.6467,2298379,24470142.45
2026-04-15,STK0033,10.7864,11.131,10.5964,10.9384,3280023,35878135.15
2026-04-16,STK0033,10.8603,11.0622,10.7171,10.9181,3196674,34901763.72
2026-04-17,STK0033,10.7942,10.9994,10.493,10.6963,4490318,48029800.79
2026-04-20,STK0033,10.8159,11.0093,10.536,10.7279,3371545,36169603.78
2026-04-21,STK0033,10.7667,11.0982,10.5593,10.8885,5021846,54680508.6
2026-04-22,STK0033,10.7667,10.9134,10.7043,10.8506,4099629,44483305.34
2026-04-23,STK0033,10.7627,10.889,10.6614,10.7875,2564368,27663021.5
2026-04-24,STK0033,10.8232,11.0994,10.7356,11.0102,2734217,30104399.4
2025-07-21,STK0034,46.6206,47.641,45.5293,46.5481,983807,45794316.11
2025-07-22,STK0034,46.6796,47.8579,45.6033,46.7793,1070068,50056979.36
2025-07-23,STK0034,46.5546,46.7521,45.9815,46.1775,633840,29269116.73
2025-07-24,STK0034,46.4642,47.3847,45.7789,46.696,1258533,58768449.38
2025-07-25,STK0034,46.5512,46.7827,45.8184,46.0474,819141,37719274.04
2025-07-28,STK0034,46.9246,47.2899,44.6148,44.965,783062,35210344.2
2025-07-29,STK0034,44.5165,46.8944,44.0351,46.3928,515382,23909990.31
2025-07-30,STK0034,46.9944,47.4247,46.5127,46.9426,668695,31390271.62
2025-07-31,STK0034,47.2226,48.0947,45.4377,46.2926,420027,19444151.73
2025-08-01,STK0034,45.982,46.6668,45.8065,46.4894,719041,33427782.49
2025-08-04,STK0034,47.1409,47.9007,44.8731,45.6082,652690,29767989.59
2025-08-05,STK0034,45.3548,46.052,44.6067,45.3031,697867,31615523.52
2025-08-06,STK0034,45.2177,47.3664,44.3086,46.4328,511561,23753229.84
2025-08-07,STK0034,46.073,47.2753,45.8784,47.0764,1059954,49898838.73
2025-08-08,STK0034,47.0351,47.9198,46.5812,47.4618,1035666,49154568.79
2025-08-11,STK0034,47.4468,48.9331,46.5912,48.0663,1508626,72514133.14
2025-08-12,STK0034,48.3063,49.622,47.419,48.727,1504811,73324888.55
2025-08-13,STK0034,49.4451,50.0553,47.6217,48.2168,897624,43280514.62
2025-08-14,STK0034,48.0686,49.9474,47.4619,49.3249,1231217,60729624.85
2025-08-15,STK0034,48.5169,49.6907,46.6904,47.8481,954005,45647293.66
2025-08-18,STK0034,48.0346,48.4911,46.7876,47.2365,714146,33733770.78
2025-08-19,STK0034,47.0808,47.3375,46.7107,46.9668,751664,35303229.64
2025-08-20,STK0034,47.482,48.9585,46.3465,47.815,1027236,49117285.35
2025-08-21,STK0034,47.8051,48.7909,46.5253,47.5049,3415604,162257794.77
2025-08-22,STK0034,47.289,47.6414,45.5519,45.8939,1223524,56152301.85
2025-08-25,STK0034,45.6158,46.6065,43.286,44.247,899635,39806109.58
2025-08-26,STK0034,44.4126,44.7592,44.0096,44.3557,980549,43492948.3
2025-08-27,STK0034,44.2825,45.2138,43.1643,44.0916,970078,42772246.01
2025-08-28,STK0034,44.4815,45.2136,42.7864,43.5023,778639,33872594.44
2025-08-29,STK0034,43.4474,44.0165,42.2362,42.7968,1071601,45861067.03
2025-09-01,STK0034,43.1616,44.5135,42.1539,43.498,771258,33548195.1
2025-09-02,STK0034,43.1393,45.3456,42.25,44.4297,570461,25345406.62
2025-09-03,STK0034,43.9686,44.6287,43.7493,44.4072,993406,44114351.27
2025-09-04,STK0034,44.6287,46.0775,43.8152,45.2526,1031350,46671308.87
2025-09-05,STK0034,45.1267,46.0485,44.217,45.1386,786890,35519126.99
2025-09-08,STK0034,45.0673,46.5028,44.4163,45.8405,926166,42455957.52
2025-09-09,STK0034,45.563,47.343,45.1826,46.951,1135497,53312733.88
2025-09-10,STK0034,46.6462,46.9911,46.2405,46.5849,776311,36164337.27
2025-09-11,STK0034,46.7629,47.9041,45.2475,46.3794,671163,31128111.05
2025-09-12,STK0034,46.3741,46.9328,45.7148,46.2722,608196,28142570.49
2025-09-15,STK0034,45.9788,47.6583,45.3382,47.0034,714760,33596133.25
2025-09-16,STK0034,47.2269,48.7081,46.4827,47.9524,1317266,63166101.53
2025-09-17,STK0034,48.2917,48.5,47.8621,48.0695,722838,34746464.77
2025-09-18,STK0034,48.0381,48.224,47.7713,47.9569,850707,40797281.88
2025-09-19,STK0034,48.2464,48.5628,46.4225,46.7289,668902,31257078.51
2025-09-22,STK0034,46.4489,46.9315,46.2862,46.7676,652641,30522485.0
2025-09-23,STK0034,46.9299,47.9936,45.816,46.8785,556562,26090784.95
2025-09-24,STK0034,46.924,47.4145,46.6704,47.1596,782262,36891165.55
2025-09-25,STK0034,46.9362,47.8194,46.5977,47.477,624036,29627387.77
2025-09-26,STK0034,48.0655,49.5782,47.3754,48.8764,1164554,56919240.82
2025-09-29,STK0034,48.9447,50.0515,47.2774,48.3712,731571,35386965.51
2025-09-30,STK0034,48.2,48.3508,47.0741,47.2218,741179,34999801.94
2025-10-01,STK0034,47.2274,47.5564,45.5319,45.8514,717258,32887279.6
2025-10-02,STK0034,45.6128,46.4566,44.4172,45.2544,884861,40043863.07
2025-10-03,STK0034,44.9414,46.6638,44.3148,46.0222,1275812,58715694.5
2025-10-06,STK0034,45.8983,46.6177,44.0912,44.7933,525146,23522998.92
2025-10-07,STK0034,44.6908,44.7976,43.6978,43.8025,820706,35948946.35
2025-10-08,STK0034,43.5916,45.5404,42.6354,44.5629,420452,18736542.09
2025-10-09,STK0034,44.8986,45.7062,44.2112,45.0169,1130491,50891230.25
2025-10-10,STK0034,44.8106,45.7601,43.1278,44.0615,714466,31480440.94
2025-10-13,STK0034,43.8157,44.8746,41.2197,42.2405,441473,18648040.8
2025-10-14,STK0034,41.9411,42.7312,40.7887,41.5719,468967,19495869.5
2025-10-15,STK0034,41.2534,42.2377,41.1415,42.1235,977572,41178705.48
2025-10-16,STK0034,42.3839,43.1811,41.6055,42.4023,402595,17070973.71
2025-10-17,STK0034,42.4681,43.1034,41.4067,42.0355,795614,33444042.53
2025-10-20,STK0034,42.21,43.014,42.025,42.8264,615108,26342835.92
2025-10-21,STK0034,43.0888,43.443,42.4894,42.8415,678162,29053484.64
2025-10-22,STK0034,42.7559,43.0075,42.3966,42.6475,570354,24324190.36
2025-10-23,STK0034,43.0259,44.0272,40.6949,41.6645,519089,21627563.52
2025-10-24,STK0034,41.508,42.3503,40.221,41.0541,613064,25168764.02
2025-10-27,STK0034,40.785,42.9628,40.046,42.1981,887249,37440258.88
2025-10-28,STK0034,42.2928,43.1199,40.8429,41.6576,656624,27353387.24
2025-10-29,STK0034,41.6938,42.3537,40.0776,40.7222,846834,34484947.36
2025-10-30,STK0034,40.7571,41.6404,39.7036,40.5831,662382,26881511.17
2025-10-31,STK0034,40.8311,41.1274,40.4242,40.7198,898392,36582300.32
2025-11-03,STK0034,40.7457,41.8891,40.4295,41.5664,849679,35318129.84
2025-11-04,STK0034,41.6446,42.5884,40.9945,41.9338,611758,25653355.71
2025-11-05,STK0034,42.2773,43.1496,40.6251,41.4809,526625,21844901.95
2025-11-06,STK0034,41.5474,43.5275,40.6656,42.6229,1030059,43904126.7
2025-11-07,STK0034,42.7495,44.2379,41.7041,43.1819,551560,23817412.22
2025-11-10,STK0034,42.8161,43.8142,41.9798,42.9747,872122,37479223.73
2025-11-11,STK0034,43.9445,44.2676,42.3964,42.7104,726851,31044123.16
2025-11-12,STK0034,42.3047,43.4043,41.9957,43.0896,624199,26896469.5
2025-11-13,STK0034,42.9504,44.3764,42.4243,43.8394,878211,38500263.84
2025-11-14,STK0034,43.6899,44.4306,41.6318,42.3498,1206853,51109977.82
2025-11-17,STK0034,42.8888,43.4807,41.9606,42.5477,941746,40069132.08
2025-11-18,STK0034,42.3947,42.5622,42.2441,42.4115,809103,34315279.78
2025-11-19,STK0034,42.5241,43.0805,41.4454,41.9948,1344569,56464915.35
2025-11-20,STK0034,41.8532,42.7235,40.8344,41.7015,410731,17128088.06
2025-11-21,STK0034,41.442,42.955,41.1301,42.6341,511534,21808784.79
2025-11-24,STK0034,42.7802,43.9595,42.0698,43.2414,641605,27743925.46
2025-11-25,STK0034,43.0553,45.2673,42.7021,44.899,1230901,55266219.66
2025-11-26,STK0034,44.955,45.6194,43.681,44.3363,1042568,46223639.01
2025-11-27,STK0034,44.5034,45.3099,43.6324,44.4377,408794,18165862.46
2025-11-28,STK0034,44.949,45.2531,43.9273,44.2265,668859,29581307.45
2025-12-01,STK0034,43.8929,45.3978,43.0585,44.5509,486387,21668999.85
2025-12-02,STK0034,44.5101,46.0836,43.7285,45.2883,765934,34687882.12
2025-12-03,STK0034,45.2581,45.6741,44.6797,45.0943,1086024,48973453.62
2025-12-04,STK0034,45.0945,46.1129,43.3388,44.3402,1136181,50378539.62
2025-12-05,STK0034,45.0289,45.9274,42.672,43.5407,901619,39257148.19
2025-12-08,STK0034,43.4955,44.1717,42.8871,43.5625,702922,30621025.0
2025-12-09,STK0034,42.9086,45.0073,42.7412,44.8324,787082,35286741.27
2025-12-10,STK0034,44.779,45.3224,43.0669,43.5959,1000498,43617625.88
2025-12-11,STK0034,43.565,43.9826,42.4891,42.9004,1789236,76758852.68
2025-12-12,STK0034,42.8384,43.5947,42.4941,43.2471,519930,22485483.45
2025-12-15,STK0034,43.0611,43.7846,41.5012,42.2104,1388116,58592948.56
2025-12-16,STK0034,41.8771,42.8486,40.1757,41.1299,890655,36632543.66
2025-12-17,STK0034,41.6663,42.1286,41.4425,41.9035,1101355,46150671.72
2025-12-18,STK0034,41.9836,42.7838,41.1725,41.9724,896121,37612350.41
2025-12-19,STK0034,41.924,42.6074,40.6349,41.3082,1372615,56700261.03
2025-12-22,STK0034,41.8389,43.2046,41.1134,42.4681,960696,40798916.97
2025-12-23,STK0034,42.2473,43.1531,40.8443,41.7391,682232,28475778.78
2025-12-24,STK0034,41.8903,42.3358,40.2279,40.6604,1019518,41453976.84
2025-12-25,STK0034,40.3568,42.1392,39.7381,41.503,1307647,54271261.96
2025-12-26,STK0034,41.6904,42.0589,41.3415,41.7099,886764,36986875.63
2025-12-29,STK0034,41.427,42.4552,41.0733,42.0958,419249,17648636.45
2025-12-30,STK0034,42.2148,42.7976,41.3568,41.9357,846040,35479278.82
2025-12-31,STK0034,42.4301,42.522,41.7837,41.8744,916702,38386374.28
2026-01-01,STK0034,41.8979,42.2208,41.459,41.781,881195,36817243.17
2026-01-02,STK0034,41.235,42.2012,41.0087,41.9709,756188,31737867.55
2026-01-05,STK0034,41.9799,42.5441,41.7802,42.3427,1439501,60952301.06
2026-01-06,STK0034,42.4649,43.0156,42.0043,42.554,402609,17132620.51
2026-01-07,STK0034,42.7847,43.6398,42.5964,43.4486,947938,41186558.23
2026-01-08,STK0034,43.8344,44.6091,43.5912,44.3629,959301,42557400.28
2026-01-09,STK0034,44.7706,45.5487,43.0169,43.7777,1900646,83205961.81
2026-01-12,STK0034,43.7433,44.5196,43.0005,43.7763,916304,40112389.86
2026-01-13,STK0034,43.6034,44.8821,42.5685,43.8415,1080457,47368895.72
2026-01-14,STK0034,43.5483,45.144,42.5394,44.1218,956671,42210061.16
2026-01-15,STK0034,43.9791,45.3043,43.0071,44.3247,947816,42011619.37
2026-01-16,STK0034,44.4516,45.2469,43.3908,44.1813,1685159,74452448.16
2026-01-19,STK0034,43.8252,45.2635,43.4688,44.8984,612672,27507990.39
2026-01-20,STK0034,44.6494,44.9217,42.791,43.0535,719610,30981737.25
2026-01-21,STK0034,43.199,44.2287,41.7539,42.7734,1188227,50824566.4
2026-01-22,STK0034,42.6079,43.6335,41.3114,42.3303,970047,41062398.29
2026-01-23,STK0034,42.4244,43.0014,41.5696,42.1428,807447,34028093.15
2026-01-26,STK0034,41.9374,42.9238,41.3246,42.3056,865894,36632166.22
2026-01-27,STK0034,42.3787,42.492,42.2887,42.402,1214535,51498669.92
2026-01-28,STK0034,42.206,42.4347,41.4176,41.6432,1027740,42798354.95
2026-01-29,STK0034,41.1706,43.1137,40.5713,42.4951,675273,28695793.4
2026-01-30,STK0034,42.7395,43.6664,42.4754,43.3981,934518,40556304.2
2026-02-02,STK0034,43.2173,43.7796,41.8386,42.3901,861333,36511988.4
2026-02-03,STK0034,42.3269,43.1854,41.0658,41.916,1006585,42191972.93
2026-02-04,STK0034,41.7425,42.5948,40.7976,41.648,752074,31322346.58
2026-02-05,STK0034,41.7842,43.9302,40.8726,42.9922,542848,23338250.04
2026-02-06,STK0034,43.0783,43.398,41.6438,41.9551,1052525,44158822.22
2026-02-09,STK0034,42.0918,42.9648,41.5895,42.4581,1025803,43553670.99
2026-02-10,STK0034,42.3184,43.0131,40.8146,41.4959,1399844,58087785.75
2026-02-11,STK0034,41.4835,42.1209,39.9117,40.5345,529356,21457174.05
2026-02-12,STK0034,40.636,41.6511,38.943,39.9407,813438,32489274.71
2026-02-13,STK0034,40.3127,40.7688,39.9759,40.431,759853,30721603.81
2026-02-16,STK0034,40.5054,40.6529,40.3505,40.4979,722492,29259442.37
2026-02-17,STK0034,40.2549,40.6945,39.5824,40.0194,480718,19238052.39
2026-02-18,STK0034,40.0838,40.6415,39.3831,39.9388,555710,22194374.19
2026-02-19,STK0034,39.8993,40.3344,39.4235,39.8583,895067,35675812.51
2026-02-20,STK0034,39.3831,40.31,39.0151,39.9368,696629,27821127.11
2026-02-23,STK0034,39.4971,40.4961,39.1844,40.178,619704,24898450.51
2026-02-24,STK0034,40.1619,40.6371,39.0195,39.4867,1367760,54008361.78
2026-02-25,STK0034,39.4909,41.7053,38.786,40.9738,1860312,76224095.44
2026-02-26,STK0034,40.9014,42.1281,40.6796,41.9009,770514,32285202.86
2026-02-27,STK0034,42.1237,43.7475,41.2009,42.8097,451831,19342740.82
2026-03-02,STK0034,42.5702,43.283,41.446,42.1519,877558,36990741.97
2026-03-03,STK0034,41.8028,41.9896,41.2753,41.4606,366464,15193817.2
2026-03-04,STK0034,41.2557,41.8287,41.1509,41.7227,477907,19939563.68
2026-03-05,STK0034,41.5703,42.4653,41.4381,42.3306,883408,37395181.73
2026-03-06,STK0034,42.3158,42.7424,42.1432,42.5688,477956,20345998.43
2026-03-09,STK0034,42.3655,43.0773,41.2238,41.9282,708606,29710599.19
2026-03-10,STK0034,41.3929,43.4702,40.4144,42.4663,465357,19761997.47
2026-03-11,STK0034,41.8167,42.2354,41.6048,42.0225,785809,33021653.59
2026-03-12,STK0034,42.0536,42.4127,40.6322,40.9822,1109222,45458338.95
2026-03-13,STK0034,40.7055,41.9804,39.8135,41.0801,617258,25357047.23
2026-03-16,STK0034,40.5888,41.1421,39.9926,40.5453,749083,30371762.68
2026-03-17,STK0034,40.6976,41.1788,40.1818,40.6626,554270,22538045.56
2026-03-18,STK0034,41.0413,41.5701,38.1474,38.6453,569137,21994484.42
2026-03-19,STK0034,38.6234,38.7905,37.5852,37.7485,540154,20390019.48
2026-03-20,STK0034,37.8094,38.076,37.1628,37.4267,953217,35675722.83
2026-03-23,STK0034,37.4889,38.3934,35.5904,36.4702,439218,16018389.11
2026-03-24,STK0034,35.9676,36.5718,35.2746,35.8773,650296,23330882.19
2026-03-25,STK0034,36.0691,36.3788,35.6415,35.9501,853686,30690117.26
2026-03-26,STK0034,36.2186,37.2567,35.3573,36.3913,1033914,37625499.48
2026-03-27,STK0034,36.7946,37.2046,35.4881,35.888,880055,31583426.6
2026-03-30,STK0034,35.7939,36.2152,35.6064,36.0264,725945,26153187.28
2026-03-31,STK0034,35.7819,36.8026,34.9159,35.9329,600782,21587852.68
2026-04-01,STK0034,36.227,36.8543,34.2535,34.8571,1005503,35048876.89
2026-04-02,STK0034,34.9616,36.5617,34.2863,35.8689,553227,19843656.73
2026-04-03,STK0034,36.0577,36.1484,35.7691,35.8594,554068,19868523.72
2026-04-06,STK0034,35.7204,36.4157,35.4163,36.1083,1201528,43385115.8
2026-04-07,STK0034,36.1672,37.2696,35.3084,36.4052,868567,31620366.84
2026-04-08,STK0034,36.1758,36.3776,34.9397,35.1357,882743,31015783.25
2026-04-09,STK0034,35.1346,36.2088,34.3585,35.4263,937142,33199457.99
2026-04-10,STK0034,35.3524,37.2123,34.6552,36.4926,743297,27124865.69
2026-04-13,STK0034,37.0094,37.4056,36.6012,36.9973,461589,17077545.1
2026-04-14,STK0034,37.1193,38.1108,36.288,37.276,837242,31209026.59
2026-04-15,STK0034,36.7978,37.8388,35.9433,36.9801,767781,28392581.73
2026-04-16,STK0034,36.9797,38.7514,36.1684,37.9195,567816,21531323.92
2026-04-17,STK0034,38.0034,38.4356,36.6914,37.1135,525368,19498242.91
2026-04-20,STK0034,37.0081,37.5819,36.3226,36.8946,775091,28596676.86
2026-04-21,STK0034,36.6513,37.41,36.3199,37.0748,485238,17990107.95
2026-04-22,STK0034,37.222,37.4077,36.7841,36.9686,757051,27987090.1
2026-04-23,STK0034,36.7559,38.5553,35.9198,37.6977,719353,27117940.34
2026-04-24,STK0034,37.8281,40.1468,36.8988,39.1842,777509,30466040.93
2025-07-21,STK0035,59.522,62.7811,58.7826,62.0108,5117512,317341009.42
2025-07-22,STK0035,62.0955,62.8538,61.5976,62.3538,6170339,384744383.91
2025-07-23,STK0035,62.857,63.1947,61.2529,61.5837,5538657,341091149.32
2025-07-24,STK0035,61.8307,63.6325,60.4256,62.2186,4822284,300035527.17
2025-07-25,STK0035,61.9863,62.4379,60.6958,61.1413,6438589,393663415.09
2025-07-28,STK0035,61.242,61.6372,59.1284,59.5125,4015046,238945375.56
2025-07-29,STK0035,59.0673,61.2332,58.2004,60.3476,4721400,284924930.54
2025-07-30,STK0035,60.3969,61.1591,58.6037,59.3527,3285809,195021703.62
2025-07-31,STK0035,59.2364,59.8804,57.3639,57.9943,3383751,196238300.88
2025-08-01,STK0035,57.6338,58.5161,55.0491,55.9049,1868008,104430816.92
2025-08-04,STK0035,56.1145,59.008,55.2674,58.1305,5449523,316783394.94
2025-08-05,STK0035,57.4448,58.2278,57.2396,58.0204,6080150,352772974.09
2025-08-06,STK0035,57.6091,58.2741,56.8948,57.5592,6824182,392794484.07
2025-08-07,STK0035,57.1924,58.2552,56.0347,57.0957,3102735,177152953.39
2025-08-08,STK0035,56.9231,59.4151,56.3095,58.7816,5189229,305030952.23
2025-08-11,STK0035,59.2416,60.7195,55.4869,56.9065,4405507,250702040.0
2025-08-12,STK0035,57.1646,57.5884,55.4717,55.886,5713738,319318131.46
2025-08-13,STK0035,55.9214,56.6716,54.355,55.0941,3520131,193938567.38
2025-08-14,STK0035,55.1134,56.4984,54.1489,55.5267,3939355,218739186.75
2025-08-15,STK0035,55.5227,56.9965,54.7121,56.1763,2585732,145256894.58
2025-08-18,STK0035,56.6406,56.8048,55.2563,55.417,3411786,189070818.51
2025-08-19,STK0035,54.8165,57.4233,54.0593,56.6408,4490027,254318774.26
2025-08-20,STK0035,56.9036,58.2823,55.2296,56.6009,4752912,269019026.92
2025-08-21,STK0035,56.4286,57.0692,54.8871,55.5174,2489737,138223779.15
2025-08-22,STK0035,55.6852,55.9454,53.9731,54.2265,3718742,201654226.64
2025-08-25,STK0035,54.3919,54.5273,53.1851,53.3178,4726457,252004507.86
2025-08-26,STK0035,53.5529,54.1678,51.8707,52.4732,7546133,395969441.92
2025-08-27,STK0035,52.9741,53.7105,52.6424,53.3763,3379155,180366839.74
2025-08-28,STK0035,52.939,54.0612,51.5166,52.6323,5302448,279080153.66
2025-08-29,STK0035,52.9508,54.2164,51.4644,52.7246,3622376,190988350.03
2025-09-01,STK0035,52.7044,54.0326,51.4589,52.7852,3753388,198123280.08
2025-09-02,STK0035,52.6394,53.1982,50.9558,51.5025,3201789,164899980.19
2025-09-03,STK0035,52.1348,52.9584,51.4852,52.3067,2973473,155532653.46
2025-09-04,STK0035,52.5275,53.9479,52.0418,53.4536,3626715,193861092.91
2025-09-05,STK0035,53.32,55.2814,53.0551,55.0081,6326366,348001553.22
2025-09-08,STK0035,55.325,56.147,53.3306,54.135,3358301,181801486.0
2025-09-09,STK0035,54.12,54.46,52.4776,52.8094,3175516,167697036.79
2025-09-10,STK0035,52.6724,54.5033,52.4951,54.3204,4723580,256586703.86
2025-09-11,STK0035,54.1232,55.2889,52.5251,53.6813,4441144,238406210.01
2025-09-12,STK0035,53.7794,54.8747,51.6185,52.6916,4418500,232817905.59
2025-09-15,STK0035,52.4979,55.3653,51.2745,54.1045,4963852,268566591.17
2025-09-16,STK0035,54.155,54.9695,53.6388,54.4505,3189596,173675217.01
2025-09-17,STK0035,54.7411,55.9469,53.488,54.6927,3266626,178660506.52
2025-09-18,STK0035,54.7289,55.34,52.0684,52.6563,6389529,336449089.12
2025-09-19,STK0035,53.2845,53.4803,52.223,52.4155,4244948,222501255.81
2025-09-22,STK0035,52.4197,54.1063,51.7629,53.4367,5432650,290302908.73
2025-09-23,STK0035,53.871,54.6649,52.4714,53.2563,6786832,361441381.11
2025-09-24,STK0035,53.5692,55.2282,52.9296,54.5767,6084245,332057794.2
2025-09-25,STK0035,55.0784,56.1836,52.564,53.6403,2832511,151936745.65
2025-09-26,STK0035,54.2788,54.8266,53.0362,53.5769,4389660,235184398.13
2025-09-29,STK0035,53.0137,56.6279,51.7846,55.3448,6485660,358947495.61
2025-09-30,STK0035,55.4329,55.6383,54.3322,54.5343,5535020,301848617.18
2025-10-01,STK0035,54.4977,55.5097,53.089,54.0935,4911920,265702808.24
2025-10-02,STK0035,54.1297,55.7942,52.8648,54.5203,2583357,140845275.28
2025-10-03,STK0035,54.3904,55.1912,53.589,54.3898,3726533,202685210.71
2025-10-06,STK0035,54.2127,55.4167,52.6488,53.8446,4705837,253384097.29
2025-10-07,STK0035,53.4906,54.4487,51.9346,52.8819,2757100,145800587.85
2025-10-08,STK0035,52.9128,53.9327,52.7893,53.8071,5936741,319438741.62
2025-10-09,STK0035,54.1095,55.0531,52.3699,53.2994,4273056,227751113.34
2025-10-10,STK0035,53.1417,54.0505,51.5136,52.4099,2189565,114754791.05
2025-10-13,STK0035,52.3067,52.7644,52.202,52.6591,3524304,185586581.55
2025-10-14,STK0035,52.439,53.0373,51.0686,51.6581,3944662,203773617.92
2025-10-15,STK0035,51.3508,51.4993,50.3034,50.4493,4208702,212326080.31
2025-10-16,STK0035,50.3779,50.8181,49.7506,50.1892,7150165,358861373.3
2025-10-17,STK0035,50.2927,51.5345,48.493,49.7207,5398144,268399442.05
2025-10-20,STK0035,50.0972,51.2808,48.6814,49.8594,2746491,136938518.33
2025-10-21,STK0035,49.5041,50.3829,47.7508,48.6138,2617053,127224821.55
2025-10-22,STK0035,48.6049,49.3227,48.0976,48.8132,3941667,192405520.33
2025-10-23,STK0035,49.1595,51.0058,48.6129,50.4449,4546168,229331188.77
2025-10-24,STK0035,50.0894,50.6103,49.9452,50.465,6330799,319484022.34
2025-10-27,STK0035,50.8501,51.3475,48.1393,48.6148,8197040,398497547.22
2025-10-28,STK0035,48.4869,49.4587,46.3946,47.3434,8480489,401495446.01
2025-10-29,STK0035,47.5459,48.209,46.4905,47.148,3877893,182834778.93
2025-10-30,STK0035,47.0863,47.6967,45.1316,45.7244,6366405,291099739.85
2025-10-31,STK0035,45.8504,46.0381,44.6057,44.7891,5315669,238083966.07
2025-11-03,STK0035,45.2236,46.2699,42.7514,43.764,3015705,131979167.13
2025-11-04,STK0035,43.7321,44.1043,43.3233,43.6952,2256962,98618386.88
2025-11-05,STK0035,43.9572,45.997,43.4822,45.5052,4605285,209564547.39
2025-11-06,STK0035,45.5803,46.0181,44.3179,44.7477,2637145,118006294.74
2025-11-07,STK0035,44.5372,45.7262,44.1114,45.2931,3295944,149283669.61
2025-11-10,STK0035,45.2536,45.9679,44.3217,45.0325,3495440,157408392.61
2025-11-11,STK0035,44.9763,45.7149,43.0035,43.7215,4753612,207835033.01
2025-11-12,STK0035,43.3527,45.5391,42.6692,44.8322,7056669,316366160.01
2025-11-13,STK0035,44.9559,46.625,44.7951,46.4589,4630784,215141031.5
2025-11-14,STK0035,46.6427,47.776,45.1844,46.3097,3779204,175013695.72
2025-11-17,STK0035,46.536,47.6929,45.6787,46.8302,2162819,101285290.96
2025-11-18,STK0035,47.2337,48.2871,45.6526,46.694,5097239,238010719.82
2025-11-19,STK0035,46.9621,47.2285,46.3214,46.5856,4425202,206150765.38
2025-11-20,STK0035,46.4174,48.1912,45.3294,47.0876,3621750,170539470.9
2025-11-21,STK0035,46.9775,48.7591,46.1038,47.8689,6525731,312379245.8
2025-11-24,STK0035,48.1104,50.305,47.4601,49.6341,2871737,142536090.83
2025-11-25,STK0035,49.7503,49.8763,49.0122,49.1366,3365360,165362427.46
2025-11-26,STK0035,49.1314,49.5157,48.6878,49.0717,3972548,194939862.04
2025-11-27,STK0035,48.8149,50.0121,47.7756,48.9695,3534842,173099401.28
2025-11-28,STK0035,48.8138,49.66,48.2905,49.1333,5134461,252272898.32
2025-12-01,STK0035,49.3054,51.5356,48.4376,50.6443,4953406,250861534.14
2025-12-02,STK0035,50.0549,51.9733,49.1135,51.0139,6046763,308468752.25
2025-12-03,STK0035,50.3026,52.3151,49.3046,51.2974,5017699,257394675.92
2025-12-04,STK0035,51.5112,52.9092,50.9552,52.3442,4113477,215316780.53
2025-12-05,STK0035,52.1769,54.3437,50.9807,53.1258,3866791,205426226.37
2025-12-08,STK0035,53.2753,55.7903,52.8107,55.308,5119737,283162473.16
2025-12-09,STK0035,55.8337,57.019,53.1518,54.3047,4072841,221174306.87
2025-12-10,STK0035,53.9756,55.3733,53.3404,54.7292,4388326,240169626.84
2025-12-11,STK0035,54.1837,54.584,52.2191,52.6078,5024305,264317514.28
2025-12-12,STK0035,52.5206,53.6022,52.0007,53.0768,4411013,234122351.25
2025-12-15,STK0035,52.8591,54.6095,51.7813,53.5182,4622118,247367620.85
2025-12-16,STK0035,53.5101,54.3739,51.7026,52.5509,3203670,168355675.64
2025-12-17,STK0035,52.7208,52.992,49.6856,49.9425,6756506,337436805.67
2025-12-18,STK0035,50.0405,50.5678,49.7977,50.3236,2892091,145540539.62
2025-12-19,STK0035,50.3376,51.2339,48.8651,49.7509,4932257,245384323.95
2025-12-22,STK0035,50.0678,50.4437,49.5277,49.9024,3532130,176261657.68
2025-12-23,STK0035,50.1036,50.4443,49.129,49.4653,6170860,305243614.4
2025-12-24,STK0035,49.4115,50.3621,47.4909,48.4225,5780504,279906275.35
2025-12-25,STK0035,48.6074,49.0653,47.3072,47.7572,4260120,203451247.39
2025-12-26,STK0035,47.3163,47.4853,46.9462,47.1145,7335754,345620269.36
2025-12-29,STK0035,47.4162,48.1476,46.858,47.5875,4034406,191987127.65
2025-12-30,STK0035,47.5938,48.3504,46.8756,47.6316,5922228,282085035.48
2025-12-31,STK0035,47.2897,48.0385,45.4639,46.1954,3265090,150832169.15
2026-01-01,STK0035,46.0801,47.1898,45.9259,47.0325,4832419,227280601.07
2026-01-02,STK0035,47.3262,47.9145,46.7045,47.2924,3072422,145302265.98
2026-01-05,STK0035,47.0751,48.7461,46.5916,48.2506,4222171,203722365.93
2026-01-06,STK0035,48.3696,49.7606,47.7735,49.1547,4015469,197379365.12
2026-01-07,STK0035,49.4146,49.5608,48.3304,48.4739,5548693,268966676.63
2026-01-08,STK0035,48.481,50.8065,48.0544,50.3634,3251496,163756273.29
2026-01-09,STK0035,50.1028,50.9445,48.6761,49.5078,11972871,592750280.81
2026-01-12,STK0035,49.4888,49.9485,49.2465,49.7051,2566734,127579831.1
2026-01-13,STK0035,49.2866,52.299,48.1006,51.0702,4643885,237164057.01
2026-01-14,STK0035,50.9207,53.1675,49.6548,51.8778,4599142,238593457.25
2026-01-15,STK0035,51.5343,53.9226,51.004,53.3733,4991398,266407629.96
2026-01-16,STK0035,53.3583,55.1237,52.4159,54.167,3335985,180700268.32
2026-01-19,STK0035,53.756,54.7501,52.863,53.8554,4391585,236510540.29
2026-01-20,STK0035,53.8824,54.1973,53.4423,53.7565,3278270,176228209.32
2026-01-21,STK0035,54.1231,54.8922,53.5316,54.2988,7639520,414816580.62
2026-01-22,STK0035,54.6897,56.0326,52.2,53.514,3230605,172882678.01
2026-01-23,STK0035,53.1156,53.3778,52.4461,52.7063,3755509,197938992.38
2026-01-26,STK0035,52.4961,54.7741,51.6966,53.9524,3062314,165219261.57
2026-01-27,STK0035,54.2292,55.6159,53.3734,54.7518,2820976,154453617.19
2026-01-28,STK0035,54.9836,57.602,54.6618,57.2668,2329965,133429682.12
2026-01-29,STK0035,57.0558,58.0213,56.2393,57.2027,4889207,279675665.14
2026-01-30,STK0035,57.0359,59.696,55.7183,58.348,3040166,177387722.43
2026-02-02,STK0035,58.3768,59.2961,58.1048,59.021,2855558,168538022.13
2026-02-03,STK0035,58.3754,59.6709,58.0039,59.2935,2728282,161769415.32
2026-02-04,STK0035,59.4807,59.9494,57.5903,58.0477,4431046,257212003.08
2026-02-05,STK0035,58.4261,60.1851,57.3001,59.0471,3999431,236154801.52
2026-02-06,STK0035,58.9094,60.3775,58.0095,59.469,3934221,233964336.93
2026-02-09,STK0035,58.9648,59.7656,57.0117,57.7967,3042476,175844971.56
2026-02-10,STK0035,58.2886,59.4671,57.0963,58.2745,4547111,264980516.99
2026-02-11,STK0035,58.3513,60.803,56.9216,59.349,3079719,182778093.59
2026-02-12,STK0035,59.6019,60.6526,59.2141,60.2605,3825324,230515839.62
2026-02-13,STK0035,59.7847,61.0209,57.1866,58.394,3538221,206610952.69
2026-02-16,STK0035,57.9342,58.6435,57.3252,58.0335,2018564,117144269.65
2026-02-17,STK0035,58.1778,58.4895,57.648,57.9585,7555784,437921933.53
2026-02-18,STK0035,58.3169,58.7776,55.7699,56.214,4476191,251624530.27
2026-02-19,STK0035,55.8344,57.5486,55.21,56.9121,3944673,224499776.74
2026-02-20,STK0035,56.8774,58.9571,55.5874,57.6496,4162152,239946311.95
2026-02-23,STK0035,57.1032,59.502,56.3606,58.7382,7598234,446306398.81
2026-02-24,STK0035,58.4914,59.7887,57.548,58.8397,5558547,327063313.31
2026-02-25,STK0035,58.749,59.7521,58.5866,59.5874,4215209,251173351.21
2026-02-26,STK0035,59.7624,59.9699,59.1211,59.3271,2883505,171070074.98
2026-02-27,STK0035,58.5823,59.9637,56.0101,57.3628,3010315,172680197.75
2026-03-02,STK0035,57.8191,59.0496,55.2357,56.4367,1956641,110426373.0
2026-03-03,STK0035,56.379,57.1267,55.4076,56.1523,3142265,176445481.71
2026-03-04,STK0035,56.5901,59.1307,56.2161,58.7425,4621220,271461998.95
2026-03-05,STK0035,58.9893,59.223,58.8168,59.0504,4584875,270738520.12
2026-03-06,STK0035,59.3531,62.607,57.9029,61.1138,4533902,277083923.34
2026-03-09,STK0035,61.8591,61.9909,58.9887,59.1146,3063462,181095378.24
2026-03-10,STK0035,58.838,59.6919,58.3988,59.2495,4409996,261290100.75
2026-03-11,STK0035,59.2977,62.8272,58.2463,61.7327,4839456,298752491.69
2026-03-12,STK0035,61.3668,62.8133,59.4059,60.84,1635466,99501730.62
2026-03-13,STK0035,60.8027,61.088,59.7202,60.0018,3988982,239346080.39
2026-03-16,STK0035,60.2616,61.4547,58.1932,59.3687,7420002,440515517.88
2026-03-17,STK0035,59.7716,62.4245,59.1959,61.8291,3243363,200534114.41
2026-03-18,STK0035,61.6874,62.7752,59.7754,60.8483,1519275,92445332.91
2026-03-19,STK0035,60.4101,61.0524,60.155,60.7957,2730205,165984602.27
2026-03-20,STK0035,60.8224,62.1539,59.2085,60.5336,1918964,116161853.99
2026-03-23,STK0035,60.2249,61.325,57.5037,58.5736,2829435,165730144.78
2026-03-24,STK0035,58.3708,60.8413,56.9712,59.4165,2320842,137896415.87
2026-03-25,STK0035,59.6565,60.4652,58.1284,58.9272,4932720,290671505.63
2026-03-26,STK0035,59.0992,60.9363,57.7744,59.6002,4677817,278798955.51
2026-03-27,STK0035,59.8993,62.5593,59.035,61.6694,4006975,247107924.34
2026-03-30,STK0035,61.5448,62.8894,60.6958,62.0337,5411353,335686225.07
2026-03-31,STK0035,62.4104,62.671,61.5293,61.7873,3000790,185410666.12
2026-04-01,STK0035,61.7926,65.7612,60.5119,64.426,3754948,241916128.2
2026-04-02,STK0035,64.3162,65.0546,63.5254,64.2631,7923426,509184196.37
2026-04-03,STK0035,63.8409,64.8496,61.9923,62.9875,4435040,279352033.6
2026-04-06,STK0035,62.2026,66.6019,61.1473,65.4908,4490408,294080507.71
2026-04-07,STK0035,64.8792,66.8546,63.5932,65.5552,2793995,183160952.42
2026-04-08,STK0035,65.64,66.6399,64.1839,65.1767,3180375,207286394.54
2026-04-09,STK0035,64.8228,68.1153,63.7689,67.0256,2625576,175980715.39
2026-04-10,STK0035,66.3672,67.2948,65.4292,66.3567,6706625,445029197.88
2026-04-13,STK0035,66.1899,68.2653,65.1229,67.1823,2136668,143546278.1
2026-04-14,STK0035,67.2952,68.1173,64.8103,65.6119,4902053,321632917.01
2026-04-15,STK0035,65.7755,67.1013,64.4694,65.7948,4337465,285382459.86
2026-04-16,STK0035,65.7834,67.3916,64.4255,66.0287,1998675,131969820.32
2026-04-17,STK0035,66.0045,66.9216,63.1278,64.0172,5136431,328820013.07
2026-04-20,STK0035,63.8107,64.7022,63.4679,64.3565,3214808,206893680.8
2026-04-21,STK0035,64.6017,65.4464,63.9175,64.7605,2249579,145683886.98
2026-04-22,STK0035,64.6918,66.071,61.7605,63.1058,3947865,249133268.03
2026-04-23,STK0035,63.0769,64.5331,60.3532,61.7794,2611807,161355890.7
2026-04-24,STK0035,62.1653,62.6715,61.4289,61.9332,3202480,198339839.99
2025-07-21,STK0036,9.4517,9.9297,9.2281,9.7003,873034,8468678.35
2025-07-22,STK0036,9.7016,9.9104,9.5478,9.7558,1168951,11404011.4
2025-07-23,STK0036,9.739,10.3125,9.5246,10.0904,828585,8360774.71
2025-07-24,STK0036,10.1953,10.2998,10.0302,10.134,954769,9675615.73
2025-07-25,STK0036,10.1277,10.1613,9.6734,9.7057,752333,7301882.59
2025-07-28,STK0036,9.7135,9.8605,9.6103,9.7568,2025564,19762970.7
2025-07-29,STK0036,9.772,10.0737,9.6327,9.9322,1381589,13722211.69
2025-07-30,STK0036,9.913,10.2297,9.7032,10.0177,1744124,17472093.34
2025-07-31,STK0036,9.9745,10.1394,9.7198,9.8832,719335,7109333.67
2025-08-01,STK0036,9.9105,10.0311,9.5058,9.6229,507581,4884404.36
2025-08-04,STK0036,9.65,9.9147,9.5282,9.7911,880535,8621418.98
2025-08-05,STK0036,9.9142,10.1613,9.4601,9.7019,2339117,22693855.38
2025-08-06,STK0036,9.7452,9.7964,9.6033,9.654,874462,8442041.84
2025-08-07,STK0036,9.6981,10.3422,9.6328,10.2731,1421020,14598287.14
2025-08-08,STK0036,10.3174,10.8938,10.1484,10.7182,681266,7301940.16
2025-08-11,STK0036,10.6739,10.987,10.4803,10.7913,716353,7730383.11
2025-08-12,STK0036,10.7102,10.8289,10.5794,10.6979,931468,9964790.55
2025-08-13,STK0036,10.6337,10.6628,10.4434,10.4721,2022088,21175438.96
2025-08-14,STK0036,10.5154,10.8393,10.3681,10.6896,1420577,15185363.54
2025-08-15,STK0036,10.7811,11.0354,10.7238,10.977,469837,5157377.66
2025-08-18,STK0036,11.0254,11.0617,10.8233,10.859,1217760,13223670.12
2025-08-19,STK0036,10.8481,10.9559,10.6003,10.7066,642296,6876782.69
2025-08-20,STK0036,10.8148,10.894,10.7594,10.8385,774177,8390943.29
2025-08-21,STK0036,10.8097,10.9405,10.4292,10.5569,1179726,12454224.67
2025-08-22,STK0036,10.4844,10.689,10.0633,10.2637,1598077,16402160.2
2025-08-25,STK0036,10.2793,10.311,9.9872,10.0181,1528782,15315487.76
2025-08-26,STK0036,10.0961,10.3015,9.9598,10.1643,1067499,10850354.01
2025-08-27,STK0036,10.1129,10.3845,9.9771,10.2469,1063520,10897811.29
2025-08-28,STK0036,10.1426,10.5181,10.1219,10.4967,1495683,15699685.71
2025-08-29,STK0036,10.499,10.6983,10.0182,10.212,545587,5571518.68
2025-09-01,STK0036,10.2593,10.301,10.0831,10.1243,1797358,18196979.4
2025-09-02,STK0036,9.9458,10.4102,9.7127,10.1718,714561,7268356.44
2025-09-03,STK0036,10.2316,10.4025,9.8024,9.9689,1022248,10190732.8
2025-09-04,STK0036,9.8875,9.9728,9.6732,9.7573,765956,7473628.99
2025-09-05,STK0036,9.7998,10.223,9.5716,9.9904,614378,6137895.28
2025-09-08,STK0036,9.8714,10.1014,9.7608,9.9895,1074536,10734031.71
2025-09-09,STK0036,9.9014,9.9808,9.8224,9.9017,994439,9846660.4
2025-09-10,STK0036,9.9386,10.0463,9.6794,9.7855,881945,8630289.96
2025-09-11,STK0036,9.8572,10.0155,9.527,9.6826,865548,8380727.45
2025-09-12,STK0036,9.682,10.0424,9.5015,9.8586,1562466,15403719.77
2025-09-15,STK0036,10.0013,10.1735,9.5418,9.7091,1975641,19181603.74
2025-09-16,STK0036,9.6497,9.9478,9.4259,9.7223,1462246,14216420.83
2025-09-17,STK0036,9.6621,10.1075,9.4303,9.8706,1042800,10293108.52
2025-09-18,STK0036,9.8528,10.345,9.7884,10.2779,535519,5504010.67
2025-09-19,STK0036,10.2564,10.4921,9.8095,10.0403,1170448,11751700.33
2025-09-22,STK0036,10.0574,10.1649,10.0126,10.1198,1195521,12098425.98
2025-09-23,STK0036,10.0748,10.4063,9.8329,10.1623,1219216,12390021.97
2025-09-24,STK0036,10.1969,10.2782,10.0832,10.1642,635178,6456076.1
2025-09-25,STK0036,10.1974,10.2801,9.9986,10.0804,1247012,12570389.6
2025-09-26,STK0036,10.1785,10.3443,10.0594,10.2247,1579532,16150221.59
2025-09-29,STK0036,10.1946,10.4456,10.1316,10.3815,632685,6568208.01
2025-09-30,STK0036,10.4025,11.1537,10.1837,10.9239,1141178,12466136.87
2025-10-01,STK0036,10.9637,11.0171,10.4815,10.5328,671629,7074139.55
2025-10-02,STK0036,10.5324,10.6598,10.0552,10.1784,869243,8847476.7
2025-10-03,STK0036,10.1655,10.7594,9.933,10.5189,637428,6705010.1
2025-10-06,STK0036,10.3894,10.6245,10.2168,10.4509,792114,8278282.0
2025-10-07,STK0036,10.4561,10.623,10.1756,10.3407,801205,8284985.63
2025-10-08,STK0036,10.3777,10.7735,10.1195,10.512,1046939,11005423.15
2025-10-09,STK0036,10.5084,10.5348,10.1489,10.1745,1238205,12598094.89
2025-10-10,STK0036,10.1268,10.4272,10.0321,10.3305,1390631,14365968.37
2025-10-13,STK0036,10.227,10.2768,10.1161,10.1656,713371,7251865.12
2025-10-14,STK0036,10.1933,10.3985,10.1296,10.334,1000260,10336693.07
2025-10-15,STK0036,10.3361,10.583,10.264,10.5097,605383,6362419.1
2025-10-16,STK0036,10.5978,10.9205,10.4238,10.7441,850605,9138972.1
2025-10-17,STK0036,10.6511,10.9379,10.5631,10.8483,903656,9803112.43
2025-10-20,STK0036,10.8177,11.438,10.6308,11.2438,659754,7418138.58
2025-10-21,STK0036,11.155,11.5417,10.9433,11.3268,1100571,12465902.87
2025-10-22,STK0036,11.3967,11.5248,11.048,11.1737,849274,9489512.8
2025-10-23,STK0036,11.2571,11.4184,10.9359,11.0949,942053,10452025.92
2025-10-24,STK0036,11.2237,11.2802,10.8835,10.9387,1370861,14995376.52
2025-10-27,STK0036,10.9729,11.1848,10.7221,10.9332,775991,8484054.73
2025-10-28,STK0036,10.9851,11.1129,10.4465,10.5695,1213146,12822386.82
2025-10-29,STK0036,10.5972,10.8218,10.2918,10.5147,1540078,16193436.65
2025-10-30,STK0036,10.5509,10.6997,10.2567,10.4034,1516947,15781392.62
2025-10-31,STK0036,10.4065,10.594,10.0006,10.1842,886037,9023554.05
2025-11-03,STK0036,10.2221,10.3268,9.9435,10.0465,672916,6760422.78
2025-11-04,STK0036,10.1763,10.2837,9.8995,10.005,749012,7493877.84
2025-11-05,STK0036,10.0182,10.28,9.8975,10.1577,549392,5580571.55
2025-11-06,STK0036,10.1592,10.3281,9.9221,10.0899,1205434,12162736.18
2025-11-07,STK0036,10.1019,10.2398,9.5615,9.6939,1248750,12105197.21
2025-11-10,STK0036,9.6852,10.5124,9.4867,10.3013,1000543,10306876.89
2025-11-11,STK0036,10.3165,10.4845,10.2829,10.4504,595404,6222198.83
2025-11-12,STK0036,10.4389,10.8345,10.2018,10.5939,860718,9118317.68
2025-11-13,STK0036,10.6668,11.1262,10.4183,10.8728,1588891,17275738.91
2025-11-14,STK0036,10.9412,11.0245,10.6961,10.7782,1210568,13047753.87
2025-11-17,STK0036,10.9192,10.9663,10.7513,10.798,1276016,13778381.8
2025-11-18,STK0036,10.7964,11.1867,10.6328,11.0198,3137487,34574344.35
2025-11-19,STK0036,11.0389,11.3313,11.0005,11.2921,1099990,12421148.34
2025-11-20,STK0036,11.3088,11.5494,11.2264,11.4659,460326,5278067.34
2025-11-21,STK0036,11.4797,11.8551,11.3227,11.6952,669400,7828736.87
2025-11-24,STK0036,11.7747,11.9645,11.3186,11.504,1099877,12652966.64
2025-11-25,STK0036,11.3924,11.5152,11.3187,11.4412,1010069,11556376.06
2025-11-26,STK0036,11.4728,12.0299,11.2038,11.7543,943854,11094314.17
2025-11-27,STK0036,11.8959,11.9912,11.8225,11.9176,969482,11553918.95
2025-11-28,STK0036,12.0155,12.082,11.3755,11.4388,774742,8862156.46
2025-12-01,STK0036,11.5249,11.5909,11.1241,11.1882,1168503,13073483.48
2025-12-02,STK0036,11.2449,11.6371,10.982,11.3713,1665555,18939496.2
2025-12-03,STK0036,11.3307,11.6183,11.079,11.3658,1934497,21987185.57
2025-12-04,STK0036,11.3148,11.4747,11.2836,11.4431,1905346,21803096.28
2025-12-05,STK0036,11.3923,11.61,11.1791,11.3968,748097,8525896.89
2025-12-08,STK0036,11.3192,11.3843,11.2774,11.3424,1039798,11793820.8
2025-12-09,STK0036,11.407,11.4496,11.3216,11.364,934486,10619527.38
2025-12-10,STK0036,11.4646,11.5076,11.1185,11.1603,1289164,14387443.53
2025-12-11,STK0036,11.1894,11.6797,10.9535,11.4386,1036962,11861385.36
2025-12-12,STK0036,11.494,11.6299,11.2599,11.3947,988545,11264200.34
2025-12-15,STK0036,11.4148,11.6909,11.2457,11.5202,1784817,20561518.32
2025-12-16,STK0036,11.5596,11.5909,11.5072,11.5384,1106507,12767374.1
2025-12-17,STK0036,11.3928,12.0682,11.134,11.8001,1108119,13075878.63
2025-12-18,STK0036,11.8224,12.2793,11.5317,11.9847,1227870,14715637.57
2025-12-19,STK0036,11.9541,12.0709,11.8656,11.9822,1346393,16132713.15
2025-12-22,STK0036,11.9793,12.2704,11.7744,12.0641,1373065,16564806.15
2025-12-23,STK0036,12.0805,12.2932,11.6756,11.8849,1835327,21812721.32
2025-12-24,STK0036,11.834,12.1207,11.4906,11.7758,694771,8181511.16
2025-12-25,STK0036,11.7001,11.907,11.5465,11.7527,1217929,14313978.21
2025-12-26,STK0036,11.7002,11.9936,11.6128,11.9047,1051256,12514838.85
2025-12-29,STK0036,11.8017,12.2888,11.6803,12.1636,965159,11739852.27
2025-12-30,STK0036,12.0796,12.2901,11.8778,12.0881,1409871,17042615.66
2025-12-31,STK0036,12.0145,12.2961,11.8599,12.1399,1678092,20371822.06
2026-01-01,STK0036,12.0358,12.3291,11.9897,12.2822,871406,10702742.49
2026-01-02,STK0036,12.3212,12.88,12.0677,12.6204,1942610,24516577.29
2026-01-05,STK0036,12.5524,12.8692,12.2778,12.5936,648977,8172982.21
2026-01-06,STK0036,12.4536,12.8689,12.2917,12.7037,1276768,16219671.48
2026-01-07,STK0036,12.6731,12.8987,12.4952,12.7201,785378,9990114.98
2026-01-08,STK0036,12.6355,12.9905,12.4673,12.8199,843426,10812627.55
2026-01-09,STK0036,12.9326,13.1161,12.4029,12.5814,1082698,13621827.49
2026-01-12,STK0036,12.5914,12.6463,12.2837,12.3375,912008,11251902.84
2026-01-13,STK0036,12.2291,12.6865,12.0827,12.5364,391040,4902217.42
2026-01-14,STK0036,12.5792,12.7339,12.2667,12.4195,1311961,16293873.83
2026-01-15,STK0036,12.4258,12.7358,12.0826,12.3917,1375952,17050415.9
2026-01-16,STK0036,12.374,12.5414,12.3354,12.5024,998785,12487165.35
2026-01-19,STK0036,12.621,12.7369,12.3665,12.481,953328,11898528.63
2026-01-20,STK0036,12.4082,12.5746,12.091,12.2553,904264,11082067.89
2026-01-21,STK0036,12.3317,12.5967,12.0133,12.2771,571905,7021334.99
2026-01-22,STK0036,12.247,12.4627,12.0926,12.3075,563709,6937839.58
2026-01-23,STK0036,12.3061,12.4131,11.9632,12.0681,1390508,16780831.65
2026-01-26,STK0036,12.014,12.3679,11.842,12.1934,1509638,18407621.62
2026-01-27,STK0036,12.1433,12.3325,12.0361,12.2245,1288395,15749985.01
2026-01-28,STK0036,12.1926,12.551,12.0144,12.3702,1158683,14333193.06
2026-01-29,STK0036,12.23,12.6256,12.0115,12.4039,1361874,16892609.04
2026-01-30,STK0036,12.4298,13.1537,12.2532,12.9694,1310693,16998912.15
2026-02-02,STK0036,12.9784,13.5721,12.7704,13.3581,769936,10284894.66
2026-02-03,STK0036,13.2386,13.2769,12.8853,12.9227,1099802,14212364.56
2026-02-04,STK0036,12.9739,13.1965,12.5577,12.7769,917972,11728807.18
2026-02-05,STK0036,12.8891,13.2023,12.4715,12.7821,908992,11618817.73
2026-02-06,STK0036,12.7312,12.9269,12.5618,12.7571,1534918,19581166.39
2026-02-09,STK0036,12.6972,13.0774,12.4374,12.8151,1719287,22032904.29
2026-02-10,STK0036,12.901,13.0897,12.0655,12.2446,428582,5247799.27
2026-02-11,STK0036,12.2742,12.6237,12.0509,12.3981,882603,10942607.17
2026-02-12,STK0036,12.388,12.8837,12.2749,12.7671,854318,10907196.82
2026-02-13,STK0036,12.8297,13.3866,12.5187,13.0698,1454932,19015737.44
2026-02-16,STK0036,13.0914,13.1823,12.7428,12.832,568893,7300021.22
2026-02-17,STK0036,12.9424,13.0157,12.6379,12.7098,339792,4318697.34
2026-02-18,STK0036,12.7085,12.7473,12.3672,12.405,1284136,15929694.92
2026-02-19,STK0036,12.4368,12.6165,11.7617,11.9342,1322299,15780522.05
2026-02-20,STK0036,12.013,12.2081,11.6048,11.7963,489892,5778902.98
2026-02-23,STK0036,11.6243,11.9471,11.4274,11.7481,872898,10254928.83
2026-02-24,STK0036,11.8284,11.9033,11.7579,11.8327,1541319,18238018.86
2026-02-25,STK0036,11.7969,11.9973,11.3925,11.5893,620833,7195046.41
2026-02-26,STK0036,11.6242,11.6915,11.2718,11.3376,931678,10562953.76
2026-02-27,STK0036,11.4513,11.6731,10.9016,11.1169,1089793,12115070.31
2026-03-02,STK0036,11.0965,11.271,11.004,11.1778,552331,6173864.42
2026-03-03,STK0036,11.1473,11.8138,11.0168,11.6771,742568,8671049.84
2026-03-04,STK0036,11.6733,12.086,11.5513,11.961,507890,6074882.55
2026-03-05,STK0036,11.8572,11.9812,11.5354,11.6573,869480,10135814.27
2026-03-06,STK0036,11.8122,12.0317,11.3848,11.6004,706450,8195076.33
2026-03-09,STK0036,11.5974,11.9374,11.3081,11.6468,1019452,11873346.23
2026-03-10,STK0036,11.7624,11.9285,11.2989,11.4609,1178635,13508188.39
2026-03-11,STK0036,11.438,11.8605,11.3096,11.7289,1535356,18007980.18
2026-03-12,STK0036,11.7313,11.8739,11.6285,11.7709,2163436,25465505.46
2026-03-13,STK0036,11.8377,12.0314,11.5483,11.7404,991372,11639135.85
2026-03-16,STK0036,11.663,11.8074,11.1849,11.3251,823916,9330940.76
2026-03-17,STK0036,11.3181,11.7879,11.0943,11.5594,804614,9300817.05
2026-03-18,STK0036,11.6224,11.8078,11.1759,11.357,658130,7474415.25
2026-03-19,STK0036,11.3425,11.4727,11.1384,11.2677,1066293,12014697.8
2026-03-20,STK0036,11.2351,11.5039,10.8459,11.1117,779237,8658617.04
2026-03-23,STK0036,11.1863,11.2115,10.7914,10.8158,1098579,11882019.05
2026-03-24,STK0036,10.9071,11.1155,10.7123,10.9204,656557,7169885.99
2026-03-25,STK0036,11.0231,11.1493,10.5777,10.7002,765459,8190566.61
2026-03-26,STK0036,10.657,10.7081,10.5139,10.5646,1067820,11281110.64
2026-03-27,STK0036,10.528,10.7181,10.4845,10.674,851544,9089367.55
2026-03-30,STK0036,10.6438,11.1189,10.4636,10.9337,466593,5101604.35
2026-03-31,STK0036,10.981,11.0403,10.8921,10.9513,929228,10176216.34
2026-04-01,STK0036,10.8729,11.1087,10.5071,10.7401,699648,7514259.62
2026-04-02,STK0036,10.6668,10.8167,10.5692,10.7187,1422403,15246250.13
2026-04-03,STK0036,10.6728,10.7786,10.5257,10.631,1324039,14075861.17
2026-04-06,STK0036,10.5713,10.753,10.1897,10.3678,434554,4505386.61
2026-04-07,STK0036,10.423,10.4966,10.3248,10.3983,1297418,13490941.15
2026-04-08,STK0036,10.4494,10.472,9.9626,9.9842,1160677,11588389.92
2026-04-09,STK0036,9.9554,10.0773,9.7585,9.8795,588547,5814579.29
2026-04-10,STK0036,9.8681,10.0076,9.625,9.763,1349319,13173434.56
2026-04-13,STK0036,9.6154,9.8169,9.4975,9.6981,617773,5991216.62
2026-04-14,STK0036,9.6715,9.9232,9.5503,9.8003,1432508,14039069.86
2026-04-15,STK0036,9.8738,10.0447,9.603,9.7722,791459,7734270.53
2026-04-16,STK0036,9.7422,9.9512,9.3622,9.5674,587426,5620159.82
2026-04-17,STK0036,9.5049,9.6038,9.2833,9.3809,2130470,19985759.1
2026-04-20,STK0036,9.4587,9.6495,9.1636,9.3522,594862,5563277.92
2026-04-21,STK0036,9.2899,9.3327,9.2579,9.3007,776032,7217646.43
2026-04-22,STK0036,9.3874,9.5099,9.0917,9.2119,824679,7596836.28
2026-04-23,STK0036,9.3729,9.4727,9.1536,9.2522,861223,7968193.81
2026-04-24,STK0036,9.2461,9.3642,9.1285,9.2466,1279434,11830439.26
2025-07-21,STK0037,69.2967,70.6484,67.4995,68.8424,1222709,84174184.4
2025-07-22,STK0037,68.5086,69.1544,67.4386,68.0804,2055443,139935298.14
2025-07-23,STK0037,67.8219,69.8626,67.1812,69.2087,1576632,109116672.27
2025-07-24,STK0037,69.3959,71.9947,68.3557,70.9315,1185219,84069340.26
2025-07-25,STK0037,71.8196,72.7673,67.3613,68.262,2015649,137592237.46
2025-07-28,STK0037,68.1169,68.4436,66.2313,66.5504,1090612,72580714.1
2025-07-29,STK0037,66.9602,68.8769,65.6552,67.5601,1200732,81121633.38
2025-07-30,STK0037,67.7033,68.5286,67.2935,68.1162,1648580,112294986.96
2025-07-31,STK0037,67.4362,71.2665,66.0201,69.8008,1456966,101697371.11
2025-08-01,STK0037,69.7906,72.3385,68.4241,70.9493,1057329,75016760.64
2025-08-04,STK0037,70.8855,75.1424,70.471,74.7057,793105,59249436.26
2025-08-05,STK0037,75.365,76.83,73.397,74.8521,1341512,100414975.19
2025-08-06,STK0037,75.5311,78.4094,74.2319,77.0835,1048143,80794487.25
2025-08-07,STK0037,77.2579,79.1571,74.7197,76.6028,1368454,104827379.82
2025-08-08,STK0037,77.1629,81.8123,75.7453,80.3363,1169941,93988774.02
2025-08-11,STK0037,80.2658,81.2991,79.3849,80.4165,1056405,84952384.51
2025-08-12,STK0037,80.9584,82.8252,79.6419,81.4999,1240326,101086440.86
2025-08-13,STK0037,81.549,83.7162,80.1445,82.2988,1329298,109399593.68
2025-08-14,STK0037,82.8426,84.429,79.419,80.9696,1716300,138968137.26
2025-08-15,STK0037,81.5544,82.5965,78.3987,79.4135,1524677,121079863.66
2025-08-18,STK0037,79.7556,81.4334,77.8077,79.4797,2777877,220784739.11
2025-08-19,STK0037,79.1268,80.2118,78.4463,79.5279,1424467,113284817.22
2025-08-20,STK0037,79.3274,85.5078,77.4111,83.4909,1076625,89888376.07
2025-08-21,STK0037,83.8686,84.6351,81.2466,81.996,1291870,105928156.18
2025-08-22,STK0037,82.4367,84.2561,82.2007,84.0155,1647864,138446118.0
2025-08-25,STK0037,84.0954,84.6507,82.8369,83.3876,1850002,154267153.38
2025-08-26,STK0037,83.2315,85.3361,81.2896,83.3905,2074608,173002532.94
2025-08-27,STK0037,83.4863,85.1703,81.7613,83.4445,883243,73701777.7
2025-08-28,STK0037,83.3052,84.3296,82.2967,83.321,1979410,164926357.73
2025-08-29,STK0037,83.1846,86.3313,81.2865,84.4053,1268734,107087916.1
2025-09-01,STK0037,85.4038,86.0908,84.7486,85.4352,923533,78902272.47
2025-09-02,STK0037,85.1919,85.8199,82.4154,83.0274,1179608,97939819.0
2025-09-03,STK0037,83.2808,83.6944,81.8788,82.2875,1906332,156867271.5
2025-09-04,STK0037,82.363,83.4089,81.3602,82.4055,1465398,120756844.52
2025-09-05,STK0037,81.8013,82.9322,79.7018,80.8191,816578,65995094.03
2025-09-08,STK0037,80.2099,82.9577,79.7817,82.5172,806303,66533838.63
2025-09-09,STK0037,82.477,84.6273,82.0947,84.2368,809515,68190924.72
2025-09-10,STK0037,83.2556,86.8491,82.3414,85.9058,1004491,86291609.84
2025-09-11,STK0037,86.8545,87.4929,85.2059,85.8369,1357269,116503720.37
2025-09-12,STK0037,85.6508,86.9534,82.331,83.6024,889180,74337620.29
2025-09-15,STK0037,83.3804,86.3678,82.2081,85.1704,1133098,96506381.57
2025-09-16,STK0037,85.7977,87.6144,85.3055,87.1146,2133746,185880439.36
2025-09-17,STK0037,87.0411,87.2417,85.3617,85.559,2282764,195310961.69
2025-09-18,STK0037,85.8939,87.3395,84.2129,85.6544,2261870,193739209.32
2025-09-19,STK0037,85.3607,88.2361,83.6726,86.5249,712009,61606520.1
2025-09-22,STK0037,86.5485,90.7448,85.4034,89.5599,2355639,210970836.55
2025-09-23,STK0037,90.0819,91.4544,88.4999,89.8692,1361515,122358226.29
2025-09-24,STK0037,89.4057,93.745,87.2493,91.5372,1377761,126116396.05
2025-09-25,STK0037,91.8275,94.4681,90.0224,92.647,1911779,177120507.74
2025-09-26,STK0037,91.3134,93.9715,90.4297,93.0708,1700557,158272119.84
2025-09-29,STK0037,93.7801,97.6668,91.7585,95.6058,698477,66778443.86
2025-09-30,STK0037,95.2871,96.6798,93.3618,94.7466,1096022,103844322.21
2025-10-01,STK0037,94.6979,96.0241,92.6471,93.963,1202452,112986011.96
2025-10-02,STK0037,93.9078,95.59,92.1004,93.7803,861316,80774474.93
2025-10-03,STK0037,93.2334,94.3408,89.8479,90.928,1956455,177896468.08
2025-10-06,STK0037,90.356,94.5398,88.3449,92.4814,2274110,210312893.72
2025-10-07,STK0037,92.7711,94.2279,92.2287,93.6801,1346489,126139290.71
2025-10-08,STK0037,94.0001,96.1274,92.9,95.0154,1465733,139267182.07
2025-10-09,STK0037,94.512,94.8421,93.5589,93.8867,1326883,124576713.26
2025-10-10,STK0037,94.192,96.4532,92.4755,94.7269,1381415,130857197.12
2025-10-13,STK0037,95.0445,95.8255,93.7884,94.5654,1986603,187863928.4
2025-10-14,STK0037,94.3511,95.5252,93.2392,94.4126,715252,67528778.42
2025-10-15,STK0037,93.6827,95.7799,91.3621,93.4542,1575353,147223345.78
2025-10-16,STK0037,93.4331,94.0203,92.5178,93.1029,1335988,124384318.09
2025-10-17,STK0037,93.307,93.8951,93.1156,93.7028,1056533,99000145.22
2025-10-20,STK0037,93.6698,95.1026,91.4042,92.8241,1151782,106913169.42
2025-10-21,STK0037,92.4947,94.2552,91.3789,93.1317,2579807,240261897.47
2025-10-22,STK0037,93.393,93.6979,91.1749,91.4734,860129,78678954.94
2025-10-23,STK0037,92.1705,92.9829,89.8329,90.6317,1276031,115648906.67
2025-10-24,STK0037,90.2138,96.5873,89.5373,95.8683,2302223,220710219.27
2025-10-27,STK0037,95.697,98.9883,94.932,98.2032,856328,84094163.32
2025-10-28,STK0037,99.8329,101.8458,95.5512,97.5173,1132200,110409114.88
2025-10-29,STK0037,97.6877,99.1467,96.8076,98.2614,1369192,134538729.05
2025-10-30,STK0037,97.5174,101.8947,96.2241,100.5611,1543300,155195898.03
2025-10-31,STK0037,100.2733,101.4042,99.4604,100.5888,1283092,129064622.37
2025-11-03,STK0037,100.133,104.1853,97.7435,101.7572,956768,97357990.57
2025-11-04,STK0037,101.9897,104.0098,98.9368,100.936,1536587,155097010.36
2025-11-05,STK0037,101.1226,104.6406,99.9359,103.4268,1271763,131534396.14
2025-11-06,STK0037,103.0326,108.4348,101.1038,106.4422,1653336,175984654.61
2025-11-07,STK0037,107.6343,110.2301,106.6397,109.2208,1820166,198799977.33
2025-11-10,STK0037,109.2766,110.658,108.8514,110.2291,783532,86368003.16
2025-11-11,STK0037,109.9281,115.3491,108.6197,113.9924,1868599,213006075.57
2025-11-12,STK0037,113.1603,115.2166,111.4645,113.5155,1217151,138165547.13
2025-11-13,STK0037,112.9077,118.6037,111.7747,117.4253,1741500,204496124.57
2025-11-14,STK0037,116.5507,117.8602,113.9789,115.274,1531808,176577669.81
2025-11-17,STK0037,115.1423,117.2646,111.0545,113.1399,2450203,277215768.23
2025-11-18,STK0037,112.5408,119.5477,109.9979,116.9062,1330114,155498535.38
2025-11-19,STK0037,117.4574,121.0328,114.807,118.362,1165812,137987819.84
2025-11-20,STK0037,117.9477,121.8548,116.15,120.0255,1107646,132945743.99
2025-11-21,STK0037,120.6321,122.6199,117.7909,119.7644,933443,111793224.89
2025-11-24,STK0037,120.1181,121.8303,117.0024,118.6944,1794418,212987287.48
2025-11-25,STK0037,119.155,120.4107,115.8116,117.0451,923536,108095341.51
2025-11-26,STK0037,117.6765,119.9098,114.7258,116.9451,1815124,212269898.62
2025-11-27,STK0037,118.3522,118.8917,116.0602,116.5917,1270024,148074294.56
2025-11-28,STK0037,115.9993,118.6165,108.4673,110.9711,742816,82431073.06
2025-12-01,STK0037,111.5358,113.9641,110.5849,113.0007,2264656,255907649.73
2025-12-02,STK0037,113.2709,114.0675,110.1137,110.8936,421741,46768377.91
2025-12-03,STK0037,111.6033,113.3781,110.6768,112.4446,1326901,149202832.46
2025-12-04,STK0037,112.5194,114.8451,109.1553,111.4591,1454684,162137839.98
2025-12-05,STK0037,112.2484,113.1671,110.0168,110.9247,593464,65829798.58
2025-12-08,STK0037,110.0684,114.3535,108.3051,112.5505,1541593,173507091.68
2025-12-09,STK0037,111.8743,116.7557,110.7676,115.612,1032448,119363375.11
2025-12-10,STK0037,115.2178,117.1877,112.7771,114.7388,1210510,138892502.38
2025-12-11,STK0037,114.6874,118.4139,112.8974,116.5941,2144037,249982153.95
2025-12-12,STK0037,116.6266,120.021,113.7169,117.0995,1367796,160168278.34
2025-12-15,STK0037,116.5807,117.6886,115.5138,116.6213,1142056,133188030.02
2025-12-16,STK0037,115.93,117.0946,112.2583,113.3974,1208306,137018779.25
2025-12-17,STK0037,112.9524,113.6947,111.1029,111.8379,2381986,266396232.78
2025-12-18,STK0037,110.6967,113.3627,109.2942,111.9444,1512113,169272603.07
2025-12-19,STK0037,111.7511,114.1268,108.0023,110.3482,951584,105005587.95
2025-12-22,STK0037,110.3095,114.8168,109.5536,114.0353,1118753,127577342.4
2025-12-23,STK0037,114.3375,119.0022,111.5805,116.2003,873198,101465853.71
2025-12-24,STK0037,116.3167,116.5845,113.6892,113.9516,1157670,131918311.58
2025-12-25,STK0037,115.1844,118.7224,112.821,116.3353,2369329,275636706.76
2025-12-26,STK0037,116.9038,118.9972,114.2059,116.2883,1265169,147124320.36
2025-12-29,STK0037,116.8039,119.8756,114.1383,117.201,839565,98397827.38
2025-12-30,STK0037,117.4577,119.1023,113.8994,115.5168,1589297,183590556.26
2025-12-31,STK0037,115.8887,117.9356,112.6209,114.6458,1194156,136904991.44
2026-01-01,STK0037,114.4941,118.8837,114.1349,118.512,1672758,198241818.59
2026-01-02,STK0037,118.5828,119.8955,115.1613,116.4504,1274675,148436442.03
2026-01-05,STK0037,117.8008,120.1245,113.2845,115.5641,2270908,262435484.04
2026-01-06,STK0037,115.5156,117.3025,114.995,116.7762,1000659,116853195.69
2026-01-07,STK0037,115.8468,118.1632,112.6139,114.9116,906791,104200794.18
2026-01-08,STK0037,115.393,116.442,111.6516,112.6758,1935165,218046285.14
2026-01-09,STK0037,113.2691,116.5882,112.1229,115.4203,695633,80290172.11
2026-01-12,STK0037,115.5274,124.0136,113.5762,121.9538,1334460,162742530.95
2026-01-13,STK0037,120.5871,125.0804,120.1292,124.6072,1819075,226669829.56
2026-01-14,STK0037,125.5728,127.628,122.7672,124.8098,644471,80436328.21
2026-01-15,STK0037,124.9821,127.8587,119.3833,122.1957,1417190,173174535.58
2026-01-16,STK0037,121.9684,125.0166,121.4615,124.4991,803250,100003885.47
2026-01-19,STK0037,125.3897,126.3701,122.3167,123.2806,711929,87767048.4
2026-01-20,STK0037,121.7921,124.7085,121.5102,124.4205,913990,113719095.97
2026-01-21,STK0037,124.504,128.3022,122.7717,126.5415,1256239,158966350.6
2026-01-22,STK0037,126.1316,130.1907,123.7588,127.7868,1069041,136609309.87
2026-01-23,STK0037,128.936,131.9411,124.5725,127.5452,1962921,250361127.48
2026-01-26,STK0037,127.7312,129.0788,126.3945,127.7421,1370733,175100260.18
2026-01-27,STK0037,127.0811,129.4974,126.3921,128.7991,1119523,144193557.37
2026-01-28,STK0037,129.6817,132.4394,129.3356,132.0869,815240,107682490.71
2026-01-29,STK0037,130.1523,133.9923,128.9191,132.7346,1413939,187678686.91
2026-01-30,STK0037,133.1398,137.5211,131.3049,135.6516,2712693,367981210.74
2026-02-02,STK0037,134.6273,143.0233,131.5689,139.8463,1063640,148746087.63
2026-02-03,STK0037,139.4588,140.432,138.1471,139.1179,1116521,155328078.4
2026-02-04,STK0037,138.9172,141.6913,133.0718,135.7834,933071,126695507.37
2026-02-05,STK0037,136.5268,140.5272,134.7436,138.7154,2062985,286167882.97
2026-02-06,STK0037,140.5615,143.6473,136.8002,139.8708,1922094,268844866.73
2026-02-09,STK0037,138.3853,141.4091,133.2133,136.1891,1180331,160748202.97
2026-02-10,STK0037,136.5543,140.2837,133.5874,137.3006,1133274,155599157.33
2026-02-11,STK0037,139.127,140.6895,135.9775,137.522,969576,133338027.75
2026-02-12,STK0037,137.0501,142.0639,135.6847,140.6625,1246475,175332323.88
2026-02-13,STK0037,140.1276,141.8916,139.1793,140.9377,1994797,281142193.03
2026-02-16,STK0037,141.1374,143.0059,140.1136,141.976,1363360,193564387.0
2026-02-17,STK0037,142.6838,144.9915,133.9751,136.1776,2120889,288817528.38
2026-02-18,STK0037,136.7159,140.0142,128.9034,132.09,1019492,134664737.84
2026-02-19,STK0037,131.8061,135.4651,129.7055,133.34,578535,77141883.9
2026-02-20,STK0037,132.6995,141.3744,131.1757,139.7694,3268220,456797184.45
2026-02-23,STK0037,140.8775,144.0411,139.8103,142.9581,1412613,201944431.37
2026-02-24,STK0037,142.2952,144.7136,138.9989,141.402,1753600,247962606.21
2026-02-25,STK0037,139.7856,144.0133,138.8279,143.0332,1014618,145124098.53
2026-02-26,STK0037,141.7914,142.3795,139.6057,140.1871,829187,116241328.73
2026-02-27,STK0037,139.7033,142.5315,139.1234,141.9422,1433645,203494753.16
2026-03-02,STK0037,143.219,146.3069,137.8781,140.9163,672941,94828383.64
2026-03-03,STK0037,139.9152,144.2938,138.4052,142.7532,1230161,175609434.34
2026-03-04,STK0037,144.0627,148.5363,140.6588,145.1077,1934843,280760634.72
2026-03-05,STK0037,146.25,149.0846,144.2865,147.1096,1581176,232606209.15
2026-03-06,STK0037,147.3086,149.9461,141.4079,143.9859,1503542,216488914.35
2026-03-09,STK0037,141.8005,145.9679,138.8199,142.9628,2506568,358346094.11
2026-03-10,STK0037,141.9508,148.8221,138.8118,145.6024,1533451,223274086.19
2026-03-11,STK0037,145.0499,146.2826,144.2176,145.4479,679551,98839250.93
2026-03-12,STK0037,146.9661,147.9924,145.2245,146.2458,1216434,177898375.23
2026-03-13,STK0037,145.7472,147.9556,144.9526,147.1533,2570797,378301228.59
2026-03-16,STK0037,146.4724,150.979,144.6785,149.1522,1160139,173037284.95
2026-03-17,STK0037,149.3208,152.3243,148.4897,151.4812,2473657,374712595.09
2026-03-18,STK0037,150.2055,154.5836,147.6566,152.0041,1886851,286809006.75
2026-03-19,STK0037,151.9816,154.4108,150.4094,152.8298,1140582,174314892.66
2026-03-20,STK0037,152.0993,155.7761,143.973,147.5395,908507,134040700.62
2026-03-23,STK0037,149.9381,153.0541,142.8009,145.8315,1462102,213220479.09
2026-03-24,STK0037,145.0308,147.7368,141.5943,144.2865,2067960,298378615.04
2026-03-25,STK0037,145.9669,148.5834,143.3628,145.9791,761504,111163653.41
2026-03-26,STK0037,144.9838,147.4005,144.5618,146.9726,1359239,199770941.54
2026-03-27,STK0037,147.2045,151.7136,146.6268,151.1205,628146,94925750.84
2026-03-30,STK0037,151.5748,155.7348,149.7653,153.8975,1168822,179878754.05
2026-03-31,STK0037,154.0284,157.577,148.996,152.5095,731180,111511894.01
2026-04-01,STK0037,152.5831,153.2182,151.7491,152.3834,1565014,238482133.14
2026-04-02,STK0037,153.1731,154.9595,147.0879,148.8237,1003473,149340576.07
2026-04-03,STK0037,149.1969,152.2196,145.3436,148.3492,1916708,284342074.77
2026-04-06,STK0037,148.1954,149.5818,142.8541,144.2032,1060141,152875671.66
2026-04-07,STK0037,143.6208,148.7453,140.2635,145.3477,1033746,150252634.19
2026-04-08,STK0037,145.2033,148.6153,139.7591,143.1222,735248,105230312.45
2026-04-09,STK0037,142.9694,143.4426,140.6584,141.1255,1498306,211449232.5
2026-04-10,STK0037,140.9582,143.2385,138.5856,140.8644,1545909,217763486.88
2026-04-13,STK0037,140.9288,142.1167,140.1751,141.3607,1865203,263666384.29
2026-04-14,STK0037,140.1704,144.6982,138.4683,142.9622,1676072,239614923.15
2026-04-15,STK0037,142.0835,145.3016,135.7515,138.8975,1564964,217369517.37
2026-04-16,STK0037,139.5924,142.5605,139.0776,142.0368,1660272,235819682.86
2026-04-17,STK0037,140.1318,143.4332,135.4055,138.6725,1683555,233462809.52
2026-04-20,STK0037,139.6721,143.1461,130.2129,133.5342,1767720,236051119.42
2026-04-21,STK0037,133.0872,139.7341,130.7694,137.3422,757236,104000482.77
2026-04-22,STK0037,138.7249,141.6626,137.3107,140.233,1118919,156909407.35
2026-04-23,STK0037,141.2686,142.3667,137.8444,138.9243,732467,101757463.99
2026-04-24,STK0037,138.6517,140.3085,135.7697,137.4118,1433069,196920571.13
2025-07-21,STK0038,37.2001,37.6337,36.3547,36.7835,2425267,89209762.96
2025-07-22,STK0038,36.7898,37.0262,36.5202,36.7564,3704910,136179238.03
2025-07-23,STK0038,36.7016,38.1445,35.9544,37.3835,4715519,176282519.25
2025-07-24,STK0038,37.6504,38.8305,36.7842,37.9573,1992127,75615679.89
2025-07-25,STK0038,38.1839,38.5366,37.1709,37.5175,3124162,117210592.33
2025-07-28,STK0038,37.5262,37.6266,36.4211,36.5187,3235878,118170198.11
2025-07-29,STK0038,36.501,37.602,35.6744,36.7694,2661443,97859551.7
2025-07-30,STK0038,36.5161,37.6568,35.7337,36.867,4064763,149855481.66
2025-07-31,STK0038,37.1024,37.8566,35.2827,36.0148,2377019,85607805.32
2025-08-01,STK0038,36.0025,36.3696,35.2736,35.637,3012866,107369533.91
2025-08-04,STK0038,35.7667,36.2267,35.6296,36.0883,2605607,94031969.07
2025-08-05,STK0038,36.344,37.2316,35.3456,36.2304,6616233,239708894.41
2025-08-06,STK0038,36.1077,36.5897,34.5343,35.0015,2319627,81190428.44
2025-08-07,STK0038,34.8281,35.2192,34.4727,34.8635,3787450,132043709.11
2025-08-08,STK0038,35.3837,36.087,33.8518,34.5383,5504159,190104141.21
2025-08-11,STK0038,34.6617,35.3136,34.0577,34.7088,2194023,76151877.2
2025-08-12,STK0038,34.6508,36.5778,34.5481,36.4698,3150804,114909054.44
2025-08-13,STK0038,36.7421,37.6255,35.4732,36.3471,2143841,77922422.62
2025-08-14,STK0038,36.2799,36.8165,35.2559,35.7852,1483491,53086996.43
2025-08-15,STK0038,35.8551,36.0821,35.4575,35.6833,2273457,81124542.88
2025-08-18,STK0038,35.5619,35.7452,35.4777,35.6608,2419002,86263427.49
2025-08-19,STK0038,35.6571,36.5347,35.1329,36.0054,2475029,89114399.76
2025-08-20,STK0038,35.9462,37.7035,35.3832,37.1221,2570328,95415980.89
2025-08-21,STK0038,36.955,38.2026,36.7964,38.0393,2851614,108473457.09
2025-08-22,STK0038,38.0948,38.8744,37.5411,38.3175,1868022,71577960.11
2025-08-25,STK0038,38.171,38.7006,37.7156,38.2444,3156355,120712913.22
2025-08-26,STK0038,38.3768,39.9033,37.9138,39.4276,4243061,167293550.09
2025-08-27,STK0038,39.3556,40.3171,38.3277,39.2876,4495799,176629063.45
2025-08-28,STK0038,38.8842,39.7916,38.5418,39.4443,2622786,103454023.7
2025-08-29,STK0038,39.5915,40.4758,38.5146,39.3945,3896824,153513282.97
2025-09-01,STK0038,39.5455,39.9379,38.0674,38.449,2263253,87019727.79
2025-09-02,STK0038,38.9724,39.4917,38.7335,39.2511,2490537,97756389.49
2025-09-03,STK0038,39.2553,39.8334,39.0393,39.6154,3214646,127349615.2
2025-09-04,STK0038,39.659,40.5964,36.8844,37.7773,2495643,94278592.25
2025-09-05,STK0038,37.8859,38.7284,37.7898,38.6305,1844544,71255621.15
2025-09-08,STK0038,38.8676,39.1412,38.4401,38.7126,3912321,151456288.96
2025-09-09,STK0038,38.9356,39.7803,38.5528,39.393,2193754,86418657.96
2025-09-10,STK0038,39.4685,40.1436,38.5779,39.2493,2410805,94622412.6
2025-09-11,STK0038,39.2415,39.6592,37.7083,38.114,4274676,162925048.27
2025-09-12,STK0038,38.3072,38.4018,38.2104,38.305,3543872,135747988.53
2025-09-15,STK0038,38.2879,38.8197,37.3577,37.8839,3144303,119118340.16
2025-09-16,STK0038,37.592,38.4319,36.3703,37.2015,1764483,65641432.38
2025-09-17,STK0038,36.8679,38.4823,36.0424,37.6395,2023531,76164695.53
2025-09-18,STK0038,37.5733,38.9178,36.6413,37.9757,3462227,131480554.85
2025-09-19,STK0038,38.0031,39.4422,37.6278,39.0565,3807997,148726986.56
2025-09-22,STK0038,39.6401,39.831,38.6614,38.8485,3332934,129479412.68
2025-09-23,STK0038,38.8205,38.9602,38.2701,38.4083,2606540,100112846.33
2025-09-24,STK0038,38.4191,39.7762,37.576,38.9221,2640111,102758752.47
2025-09-25,STK0038,38.8278,39.5737,37.7833,38.5233,3298953,127086398.2
2025-09-26,STK0038,38.6665,39.302,37.709,38.3391,1971832,75598238.86
2025-09-29,STK0038,38.4036,39.3096,37.888,38.7888,3113550,120770848.43
2025-09-30,STK0038,38.6405,39.3583,38.1568,38.8716,1866918,72570145.53
2025-10-01,STK0038,38.6364,39.1527,37.6769,38.1871,2121893,81028920.58
2025-10-02,STK0038,38.095,38.49,36.7868,37.1722,3241533,120494992.8
2025-10-03,STK0038,36.9846,38.1913,36.5068,37.7043,3706069,139734620.65
2025-10-06,STK0038,37.652,37.9095,37.0604,37.3156,3416196,127477252.09
2025-10-07,STK0038,37.3472,37.8576,37.1714,37.6801,2013176,75856760.9
2025-10-08,STK0038,37.567,38.6539,37.3093,38.3905,1552616,59605737.82
2025-10-09,STK0038,38.727,39.8974,37.7847,38.9496,2943566,114650826.67
2025-10-10,STK0038,39.2215,40.1937,38.0724,39.04,1535344,59939841.67
2025-10-13,STK0038,38.9863,39.7381,37.654,38.3945,4072747,156370892.88
2025-10-14,STK0038,38.173,38.9844,36.7704,37.569,1987330,74661982.07
2025-10-15,STK0038,37.5623,37.7269,37.0927,37.256,6271144,233637508.22
2025-10-16,STK0038,37.2261,37.8217,37.0463,37.6399,2039741,76775654.67
2025-10-17,STK0038,37.6257,37.7812,37.119,37.273,3428762,127800329.78
2025-10-20,STK0038,37.1841,37.8201,37.0557,37.6899,2281977,86007458.8
2025-10-21,STK0038,37.4533,39.3673,36.7346,38.6261,2764331,106775445.15
2025-10-22,STK0038,38.6342,38.7616,38.0923,38.2183,3104467,118647431.82
2025-10-23,STK0038,38.1379,39.0467,36.6492,37.5438,3986180,149656191.11
2025-10-24,STK0038,37.4848,38.1237,36.5986,37.2332,4141682,154207952.3
2025-10-27,STK0038,37.2542,37.4751,35.796,36.0095,3740312,134686920.06
2025-10-28,STK0038,35.9946,37.3934,35.2458,36.6313,4131712,151350031.02
2025-10-29,STK0038,36.6472,37.4148,35.7209,36.4851,2310134,84285399.39
2025-10-30,STK0038,36.3982,36.9431,35.5966,36.1376,3640645,131564002.3
2025-10-31,STK0038,36.2157,36.3639,35.6741,35.8207,2549075,91309634.9
2025-11-03,STK0038,35.6668,36.0669,34.8393,35.2345,4115809,145018662.35
2025-11-04,STK0038,35.0053,36.3197,34.4936,35.7965,3136478,112275037.64
2025-11-05,STK0038,35.6059,37.7589,34.9256,37.051,3776515,139923515.69
2025-11-06,STK0038,36.9008,37.228,35.9044,36.2255,3361760,121781583.9
2025-11-07,STK0038,35.9467,37.6662,35.1529,36.8524,4030691,148540752.76
2025-11-10,STK0038,36.48,37.0963,36.1967,36.8104,2289868,84290862.07
2025-11-11,STK0038,36.9217,38.4503,36.0002,37.514,1792872,67257868.63
2025-11-12,STK0038,37.8019,37.9776,36.0564,36.2247,4344156,157365683.88
2025-11-13,STK0038,36.3461,37.1151,35.5282,36.2962,5083308,184504713.79
2025-11-14,STK0038,36.1911,36.3736,35.5884,35.7687,3015884,107874286.9
2025-11-17,STK0038,35.4022,37.0286,34.7132,36.3216,4213393,153037320.33
2025-11-18,STK0038,36.3635,37.1574,35.4737,36.2655,1751952,63535470.96
2025-11-19,STK0038,35.9175,36.6298,35.5871,36.296,2484948,90193635.33
2025-11-20,STK0038,36.2771,36.5089,36.12,36.3515,3127642,113694528.7
2025-11-21,STK0038,36.1775,38.4464,35.2732,37.5088,1620328,60776511.1
2025-11-24,STK0038,36.999,38.478,36.0987,37.5639,1773108,66604877.05
2025-11-25,STK0038,37.8991,38.8827,37.1636,38.1425,3142205,119851564.88
2025-11-26,STK0038,37.8562,38.905,37.444,38.4859,2378874,91553046.42
2025-11-27,STK0038,38.4038,39.2997,38.2083,39.1006,2571540,100548802.42
2025-11-28,STK0038,39.0704,39.5242,37.5527,37.994,2561853,97335129.73
2025-12-01,STK0038,37.8869,38.8478,37.1835,38.1396,1913523,72980961.51
2025-12-02,STK0038,38.246,38.4566,37.8521,38.0616,2832389,107805376.52
2025-12-03,STK0038,37.8928,37.9832,36.9432,37.0316,3006150,111322493.99
2025-12-04,STK0038,37.1165,37.9625,36.1548,36.9981,2513690,93001718.66
2025-12-05,STK0038,37.0689,39.043,36.3979,38.3489,2555529,98001650.63
2025-12-08,STK0038,38.0332,38.7162,37.3185,38.0009,2804050,106556474.91
2025-12-09,STK0038,38.0547,38.985,37.1496,38.0792,3970496,151193451.37
2025-12-10,STK0038,37.8392,38.8512,37.3103,38.3157,2854732,109381069.96
2025-12-11,STK0038,38.0487,38.493,37.6942,38.1377,1501498,57263754.5
2025-12-12,STK0038,38.2043,39.0798,37.1488,38.0201,1916015,72847045.3
2025-12-15,STK0038,37.927,38.8628,36.7484,37.678,4045899,152441579.2
2025-12-16,STK0038,37.7625,37.8557,37.6421,37.7353,2208837,83351236.02
2025-12-17,STK0038,37.8219,38.1852,37.2637,37.6251,2731578,102775919.08
2025-12-18,STK0038,37.3041,39.6,36.9186,39.1949,5436942,213100252.32
2025-12-19,STK0038,39.3694,39.5489,38.633,38.8099,3423280,132857035.61
2025-12-22,STK0038,38.8763,39.1522,38.5011,38.7762,1281294,49683752.21
2025-12-23,STK0038,38.64,39.6772,38.541,39.5758,4570626,180886228.21
2025-12-24,STK0038,39.5436,40.256,37.7714,38.4644,2926707,112574077.23
2025-12-25,STK0038,38.6423,39.4776,38.47,39.3024,3152745,123910450.16
2025-12-26,STK0038,39.2271,40.1064,37.7748,38.641,3048804,117808793.06
2025-12-29,STK0038,39.1345,39.9672,38.5306,39.3599,3817927,150273074.53
2025-12-30,STK0038,39.7135,40.8928,39.3087,40.4802,2770545,112152319.37
2025-12-31,STK0038,40.5086,41.3433,39.2923,40.1189,1695512,68022111.1
2026-01-01,STK0038,40.0641,40.9172,39.3844,40.2346,3113642,125276058.06
2026-01-02,STK0038,40.19,40.9665,39.3336,40.1085,1696181,68031247.94
2026-01-05,STK0038,39.9642,41.2037,39.0774,40.3093,5239414,211197068.69
2026-01-06,STK0038,40.3396,41.1696,38.8354,39.6513,2427868,96268097.63
2026-01-07,STK0038,39.8152,40.6083,38.8537,39.6434,2671856,105921470.66
2026-01-08,STK0038,39.3237,40.5265,38.585,39.7792,2118569,84274909.78
2026-01-09,STK0038,39.9329,40.3595,38.7676,39.1862,3026581,118600239.51
2026-01-12,STK0038,39.4063,40.0759,37.9026,38.5578,3079433,118736149.89
2026-01-13,STK0038,38.6904,39.6105,38.1096,39.0247,2070213,80789351.75
2026-01-14,STK0038,38.9942,39.9363,37.882,38.8198,3080516,119585130.61
2026-01-15,STK0038,38.9436,39.4702,37.631,38.1468,2673761,101995527.01
2026-01-16,STK0038,38.4454,38.7184,37.7192,37.989,2485776,94432085.46
2026-01-19,STK0038,37.9757,38.4515,36.9996,37.469,2006470,75180435.35
2026-01-20,STK0038,37.4743,38.4769,37.042,38.038,5751492,218775519.71
2026-01-21,STK0038,38.5279,39.0201,37.6488,38.136,3880607,147990759.62
2026-01-22,STK0038,38.2063,39.4525,37.6194,38.8555,3346308,130022515.38
2026-01-23,STK0038,38.6214,39.5408,36.4606,37.3497,3855852,144014814.76
2026-01-26,STK0038,37.5458,37.8636,37.0212,37.3372,2941025,109809727.91
2026-01-27,STK0038,37.4274,38.7483,36.5183,37.8294,2303646,87145520.84
2026-01-28,STK0038,37.6809,38.7087,36.9299,37.9523,1020020,38712058.02
2026-01-29,STK0038,37.7017,38.3195,37.4677,38.0831,1667510,63504004.65
2026-01-30,STK0038,38.1377,39.0339,37.8154,38.7068,5726454,221652647.28
2026-02-02,STK0038,38.6928,40.2475,37.8062,39.3459,4059359,159719046.82
2026-02-03,STK0038,39.0532,39.8511,37.4866,38.2684,2933486,112259911.94
2026-02-04,STK0038,38.2481,38.4507,38.0398,38.2423,1588900,60763266.7
2026-02-05,STK0038,38.2076,39.1372,37.6175,38.5419,3450551,132990896.65
2026-02-06,STK0038,38.5275,38.85,37.8564,38.176,2546675,97221839.06
2026-02-09,STK0038,38.2888,38.9199,37.3137,37.9391,3484535,132199996.87
2026-02-10,STK0038,37.5401,38.0732,37.3152,37.8464,1857131,70285654.22
2026-02-11,STK0038,37.5947,39.3655,37.2152,38.9722,2323663,90558159.59
2026-02-12,STK0038,38.8585,39.9317,38.4335,39.4998,3817885,150805564.43
2026-02-13,STK0038,39.8153,40.3874,38.3295,38.8882,5404902,210186834.43
2026-02-16,STK0038,39.4446,39.7406,38.27,38.5593,2150900,82937282.39
2026-02-17,STK0038,38.5605,39.283,36.8335,37.5369,1879852,70563813.06
2026-02-18,STK0038,37.5472,38.3211,35.1673,35.9075,3845495,138082029.83
2026-02-19,STK0038,35.3849,35.9765,34.4811,35.0674,1743630,61144607.66
2026-02-20,STK0038,35.2582,36.0611,34.3436,35.1438,1762767,61950340.17
2026-02-23,STK0038,35.2387,37.1156,34.5276,36.3814,3017671,109786996.08
2026-02-24,STK0038,36.4432,37.1953,36.3334,37.0835,5729874,212484068.37
2026-02-25,STK0038,36.8073,36.9526,36.4183,36.5627,2055443,75152583.82
2026-02-26,STK0038,36.9996,37.6353,35.322,35.9394,2423076,87083852.41
2026-02-27,STK0038,36.2688,36.9435,34.4301,35.0828,2907710,102010515.81
2026-03-02,STK0038,35.1448,35.9975,32.4877,33.2955,2384051,79378083.57
2026-03-03,STK0038,33.4942,33.5638,32.9846,33.0532,1559254,51538390.54
2026-03-04,STK0038,33.0634,34.2603,32.817,34.0069,3762473,127950037.94
2026-03-05,STK0038,34.1748,34.897,32.9755,33.6873,2963650,99837335.86
2026-03-06,STK0038,33.4241,34.1763,32.371,33.1163,3122113,103392946.89
2026-03-09,STK0038,32.6676,33.0819,32.0286,32.44,2634809,85473206.8
2026-03-10,STK0038,32.1938,32.8791,31.7713,32.4531,4672047,151622378.6
2026-03-11,STK0038,32.2964,33.7131,31.5978,32.9992,2350111,77551757.19
2026-03-12,STK0038,32.872,33.2855,32.4561,32.8696,1912058,62848583.05
2026-03-13,STK0038,32.9581,33.9194,32.2953,33.2507,5071690,168637007.52
2026-03-16,STK0038,33.1994,33.9902,32.2871,33.075,1296150,42870134.26
2026-03-17,STK0038,33.0693,33.5905,32.804,33.3232,2698866,89934850.21
2026-03-18,STK0038,33.0872,33.3622,32.4088,32.6804,2831398,92531333.73
2026-03-19,STK0038,32.4321,33.1971,31.283,32.0387,2769407,88728145.94
2026-03-20,STK0038,32.0466,32.4234,30.7131,31.0785,1687327,52439616.66
2026-03-23,STK0038,30.9776,31.5372,30.9044,31.4629,1925758,60590000.95
2026-03-24,STK0038,31.4638,32.0566,31.0372,31.6278,4108808,129952636.08
2026-03-25,STK0038,31.7313,32.2449,29.2051,29.6856,4864539,144406860.78
2026-03-26,STK0038,29.9791,30.2078,29.7035,29.9318,2626474,78615201.1
2026-03-27,STK0038,29.9282,31.0999,29.3676,30.5281,2211520,67513398.44
2026-03-30,STK0038,30.862,31.0891,30.1254,30.3487,1656458,50271417.37
2026-03-31,STK0038,30.4228,30.812,30.2782,30.6663,4218665,129370737.72
2026-04-01,STK0038,30.7934,31.0316,30.2456,30.4814,4304160,131196787.98
2026-04-02,STK0038,30.6746,31.1126,29.1383,29.5604,1115615,32978068.26
2026-04-03,STK0038,29.6884,31.3792,29.0446,30.7132,1277035,39221890.41
2026-04-06,STK0038,30.5659,31.3525,30.1326,30.9143,3182124,98373035.79
2026-04-07,STK0038,31.1158,31.7856,30.4052,31.0741,3329161,103450734.27
2026-04-08,STK0038,31.0044,31.1122,30.3917,30.4977,2471705,75381388.91
2026-04-09,STK0038,30.553,30.8759,29.7642,30.0822,2842656,85513243.88
2026-04-10,STK0038,30.1062,30.8676,29.7446,30.5013,2660339,81143891.28
2026-04-13,STK0038,30.7114,31.3392,29.6584,30.2773,2904178,87930690.72
2026-04-14,STK0038,30.3488,31.6905,29.8619,31.1901,2124083,66250270.21
2026-04-15,STK0038,30.9317,32.2317,30.3114,31.5979,2846990,89958989.88
2026-04-16,STK0038,31.997,32.5198,31.6838,32.2046,2271062,73138660.11
2026-04-17,STK0038,32.3663,33.1264,31.1578,31.9071,2220109,70837262.21
2026-04-20,STK0038,31.8019,32.4606,30.6559,31.3044,1523775,47700812.89
2026-04-21,STK0038,31.0915,32.7719,30.3746,32.0333,2727366,87366589.63
2026-04-22,STK0038,32.2163,32.5772,31.9571,32.3173,3886516,125601568.21
2026-04-23,STK0038,32.1203,32.1894,32.0272,32.0962,2678123,85957602.07
2026-04-24,STK0038,32.2508,32.7718,30.9459,31.4541,2563212,80623500.15
2025-07-21,STK0039,35.3715,36.086,34.206,34.9112,4737878,165404823.34
2025-07-22,STK0039,34.6977,35.4872,33.786,34.5726,4447375,153757270.03
2025-07-23,STK0039,34.9914,35.2639,34.7205,34.993,3266380,114300452.62
2025-07-24,STK0039,34.4881,36.6337,33.6938,35.809,7159852,256387029.44
2025-07-25,STK0039,35.8112,36.4286,34.8122,35.4229,6911476,244824693.39
2025-07-28,STK0039,35.26,36.0064,34.7347,35.4778,6419803,227760756.96
2025-07-29,STK0039,35.8161,36.3023,34.3399,34.8124,4711378,164014381.67
2025-07-30,STK0039,34.8575,35.8283,34.412,35.3762,6228412,220337481.91
2025-07-31,STK0039,35.9228,36.0557,33.194,33.3172,3621435,120656145.56
2025-08-01,STK0039,33.3244,34.1138,33.2159,34.0031,5195259,176654721.71
2025-08-04,STK0039,33.8482,35.3944,33.5228,35.0575,4572865,160313014.16
2025-08-05,STK0039,34.6995,35.9688,34.4677,35.73,5216438,186383566.67
2025-08-06,STK0039,35.9681,37.3412,35.8245,37.1927,2561726,95277634.57
2025-08-07,STK0039,37.0069,37.1018,36.2081,36.3011,9212645,334429505.64
2025-08-08,STK0039,36.2098,37.8333,35.3226,36.9285,8443683,311812318.81
2025-08-11,STK0039,37.2016,37.4575,36.5018,36.7546,3263123,119934647.51
2025-08-12,STK0039,36.9876,37.9149,36.0759,37.0029,6066432,224475614.46
2025-08-13,STK0039,36.8678,37.4033,35.4279,35.95,3006004,108065924.05
2025-08-14,STK0039,35.8522,36.6682,35.6223,36.4345,5238441,190860170.23
2025-08-15,STK0039,36.0527,36.8262,35.8601,36.6305,2386219,87408470.82
2025-08-18,STK0039,36.1815,36.421,35.8696,36.1086,4744987,171334727.41
2025-08-19,STK0039,36.2744,36.6505,35.4846,35.8563,4408265,158064221.85
2025-08-20,STK0039,36.0449,36.2869,35.0951,35.3324,7890550,278791920.62
2025-08-21,STK0039,35.4082,36.1533,34.285,35.0221,9139215,320074153.31
2025-08-22,STK0039,35.0614,35.8678,34.6953,35.4971,8995780,319324388.4
2025-08-25,STK0039,35.347,36.5213,34.848,36.0128,7521760,270879631.62
2025-08-26,STK0039,36.3314,37.1422,35.8399,36.6464,5212427,191016843.67
2025-08-27,STK0039,36.2563,38.0135,35.6338,37.3719,5767821,215554212.34
2025-08-28,STK0039,37.267,39.0856,36.3375,38.1346,5705879,217591211.49
2025-08-29,STK0039,38.1714,38.6371,37.3406,37.8018,3283300,124114771.12
2025-09-01,STK0039,37.8017,39.0129,37.4456,38.6488,7432874,287271511.51
2025-09-02,STK0039,38.6483,40.2269,37.7051,39.2686,6120555,240345721.35
2025-09-03,STK0039,39.1465,40.123,37.1834,38.1347,6264463,238893214.63
2025-09-04,STK0039,38.2586,39.0223,36.206,36.9434,2179483,80517543.81
2025-09-05,STK0039,36.675,37.4212,35.4156,36.1511,5696071,205919259.64
2025-09-08,STK0039,36.1199,36.5305,34.8953,35.2965,6899390,243524650.21
2025-09-09,STK0039,35.3881,35.8975,34.0892,34.5871,4727408,163507187.72
2025-09-10,STK0039,34.5181,34.8665,33.679,34.0223,3923483,133486006.47
2025-09-11,STK0039,34.0233,35.285,33.471,34.7214,2969067,103090034.32
2025-09-12,STK0039,34.7663,35.4961,33.8786,34.6051,2867670,99235880.07
2025-09-15,STK0039,34.2414,34.6045,33.4911,33.8501,5061110,171318879.86
2025-09-16,STK0039,33.5131,34.5646,33.0336,34.0769,4345627,148085685.27
2025-09-17,STK0039,34.1043,34.7804,33.1003,33.7697,4323381,145999454.72
2025-09-18,STK0039,33.6467,33.8756,33.1136,33.3405,8001445,266771820.38
2025-09-19,STK0039,33.231,33.764,32.4727,33.002,3006017,99204705.36
2025-09-22,STK0039,33.1149,34.3501,32.4578,33.6818,4112744,138524631.94
2025-09-23,STK0039,33.4826,33.5897,32.9372,33.0429,8582140,283578669.8
2025-09-24,STK0039,32.5679,32.8231,31.8544,32.1059,4377269,140536323.71
2025-09-25,STK0039,32.4267,32.6146,32.343,32.5306,5014945,163139352.48
2025-09-26,STK0039,32.7676,32.838,32.1044,32.1735,4580228,147361993.94
2025-09-29,STK0039,32.4054,33.5726,31.9847,33.1422,6111166,202537639.12
2025-09-30,STK0039,32.9201,33.7964,32.3237,33.1951,2276996,75585000.44
2025-10-01,STK0039,33.1796,33.5383,32.3933,32.7473,4449039,145693931.79
2025-10-02,STK0039,32.499,33.6546,31.9698,33.1153,4763053,157730149.1
2025-10-03,STK0039,33.1034,33.3154,31.7956,32.0005,3273491,104753385.87
2025-10-06,STK0039,31.9338,32.7007,31.2556,32.0206,5247832,168038787.74
2025-10-07,STK0039,31.8142,32.1431,31.3988,31.7268,5893010,186966361.93
2025-10-08,STK0039,31.8228,33.2745,31.2415,32.6776,5144631,168114351.96
2025-10-09,STK0039,32.6269,32.7897,31.9076,32.0676,8024077,257312775.49
2025-10-10,STK0039,32.4008,33.0752,31.7206,32.395,3662103,118633779.2
2025-10-13,STK0039,32.4117,32.8627,31.3123,31.7541,5094164,161760831.08
2025-10-14,STK0039,31.2724,32.6675,30.512,31.8921,5132669,163691347.95
2025-10-15,STK0039,31.5472,32.1317,31.19,31.772,3961376,125860714.46
2025-10-16,STK0039,32.174,32.8844,31.3433,32.051,6352331,203598434.05
2025-10-17,STK0039,31.982,33.6256,31.6149,33.244,4717228,156819502.18
2025-10-20,STK0039,33.2919,33.4411,33.1107,33.2598,2767349,92041457.09
2025-10-21,STK0039,33.2617,33.9895,32.6692,33.3946,5513673,184126699.09
2025-10-22,STK0039,33.6796,34.871,33.4705,34.6558,3583973,124205498.84
2025-10-23,STK0039,34.2616,35.8304,33.5627,35.1142,3660012,128518361.48
2025-10-24,STK0039,35.3954,35.7388,33.2167,33.5421,3792324,127202515.47
2025-10-27,STK0039,33.7967,34.4523,32.164,32.8003,5361698,175865240.86
2025-10-28,STK0039,32.8015,33.2303,31.3853,31.801,6070588,193051061.92
2025-10-29,STK0039,31.88,32.5483,31.4225,32.0878,4005561,128529785.62
2025-10-30,STK0039,32.0166,32.748,31.4116,32.1406,3822160,122846704.36
2025-10-31,STK0039,31.8173,33.3482,31.267,32.7812,1976597,64795272.41
2025-11-03,STK0039,32.8956,33.8799,32.3272,33.3045,3153095,105012169.27
2025-11-04,STK0039,33.3538,34.1178,32.7816,33.5424,2802846,94014091.37
2025-11-05,STK0039,33.5962,34.1157,32.3277,32.8353,4339444,142487131.66
2025-11-06,STK0039,32.9305,33.9632,32.2533,33.2788,3796370,126338523.48
2025-11-07,STK0039,33.1583,34.3114,32.8632,34.0087,2884571,98100572.18
2025-11-10,STK0039,34.3148,34.5267,33.0293,33.2346,4187484,139169197.75
2025-11-11,STK0039,33.2362,33.8646,32.2386,32.86,3863152,126943030.88
2025-11-12,STK0039,32.9669,33.4422,32.4856,32.9608,1615423,53245586.94
2025-11-13,STK0039,32.907,33.6544,32.1575,32.9049,5750202,189209806.95
2025-11-14,STK0039,33.1129,34.2482,32.3117,33.4391,5577304,186500040.66
2025-11-17,STK0039,33.46,34.7368,32.7257,33.9909,3519639,119635789.5
2025-11-18,STK0039,33.9736,34.5965,33.4778,34.0989,4423743,150844709.97
2025-11-19,STK0039,34.3468,35.2593,33.6824,34.5901,3451011,119370899.91
2025-11-20,STK0039,34.2344,35.5228,33.9027,35.1819,2224029,78245572.64
2025-11-21,STK0039,35.1228,35.3943,35.0407,35.3117,8326027,294005763.8
2025-11-24,STK0039,35.1821,35.9531,34.4802,35.2498,4988804,175854356.03
2025-11-25,STK0039,35.329,36.554,34.6233,35.8382,5437827,194881911.76
2025-11-26,STK0039,35.9062,35.9846,35.1516,35.2285,3599517,126805747.67
2025-11-27,STK0039,35.2261,35.9962,34.3748,35.1431,5759913,202421446.32
2025-11-28,STK0039,34.9929,35.7723,33.1993,33.9556,2401628,81548801.5
2025-12-01,STK0039,33.9507,34.3245,33.6325,34.0057,3571254,121443023.69
2025-12-02,STK0039,34.0718,34.4798,33.9901,34.3973,4887602,168120475.27
2025-12-03,STK0039,34.3605,35.1216,32.8031,33.5461,2934616,98444884.85
2025-12-04,STK0039,33.7698,33.8921,33.4182,33.5397,4963959,166489721.5
2025-12-05,STK0039,33.6631,33.9102,32.7601,33.0024,3935623,129884868.34
2025-12-08,STK0039,33.0061,34.0176,32.5282,33.5321,3748925,125709163.78
2025-12-09,STK0039,33.0634,35.4495,32.3763,34.7278,2654838,92196716.49
2025-12-10,STK0039,34.6824,35.3754,33.6317,34.3174,3927892,134795140.4
2025-12-11,STK0039,34.4474,35.056,32.0526,32.6291,6616578,215892742.19
2025-12-12,STK0039,32.5744,33.7529,31.8884,33.0568,3637319,120238062.14
2025-12-15,STK0039,33.117,33.7053,32.4278,33.0143,4166968,137569483.81
2025-12-16,STK0039,32.9698,33.5193,32.2385,32.7849,4440417,145578583.06
2025-12-17,STK0039,32.8307,33.4491,32.6384,33.2543,2267428,75401712.83
2025-12-18,STK0039,33.535,33.9414,32.8327,33.2355,3200691,106376444.43
2025-12-19,STK0039,33.3927,33.8062,32.0069,32.4081,3173240,102838829.22
2025-12-22,STK0039,32.1572,32.3715,32.0792,32.2932,1607833,51922006.48
2025-12-23,STK0039,31.9735,32.9915,31.6113,32.622,4415102,144029443.98
2025-12-24,STK0039,32.7087,33.2117,32.4725,32.9735,2399440,79118024.96
2025-12-25,STK0039,33.2054,33.699,33.0705,33.5626,4192814,140721933.24
2025-12-26,STK0039,33.2299,34.3013,32.7459,33.8088,2523692,85323112.15
2025-12-29,STK0039,33.7663,34.0179,33.316,33.5661,6946481,233166161.88
2025-12-30,STK0039,34.0475,34.3676,33.8303,34.1498,3097822,105789958.01
2025-12-31,STK0039,34.0948,34.78,32.8723,33.5465,6693914,224557417.3
2026-01-01,STK0039,34.0588,35.5442,33.3561,34.8256,3156483,109926550.08
2026-01-02,STK0039,34.654,35.4758,34.0579,34.876,3230583,112669772.75
2026-01-05,STK0039,34.7409,34.9619,34.2223,34.4414,5677356,195536273.0
2026-01-06,STK0039,34.2965,34.8641,33.3155,33.8762,2420528,81998213.0
2026-01-07,STK0039,33.6172,34.9328,32.9984,34.3014,3385943,116142728.0
2026-01-08,STK0039,33.9551,34.7254,33.705,34.4715,4009396,138209952.42
2026-01-09,STK0039,34.4258,34.7934,34.2517,34.6183,3780911,130888650.77
2026-01-12,STK0039,34.6484,35.0632,33.265,33.668,3246482,109302715.99
2026-01-13,STK0039,33.5236,34.1655,33.1294,33.7684,3114452,105170215.78
2026-01-14,STK0039,33.6721,33.8582,32.9191,33.102,4312453,142750941.41
2026-01-15,STK0039,33.3905,33.6045,32.9583,33.1709,3434316,113919388.34
2026-01-16,STK0039,33.3649,33.815,32.3172,32.7592,4538037,148662342.08
2026-01-19,STK0039,32.7084,33.1706,30.6842,31.124,3658172,113857039.73
2026-01-20,STK0039,31.2044,31.6528,30.1108,30.5498,4017876,122745256.6
2026-01-21,STK0039,30.2513,30.9951,29.1566,29.8916,4667217,139510514.52
2026-01-22,STK0039,29.94,30.0271,29.1852,29.2704,2825118,82692438.71
2026-01-23,STK0039,29.2595,30.0437,28.6718,29.4522,4633876,136477794.9
2026-01-26,STK0039,29.3861,29.6827,28.0465,28.3324,3047618,86346321.39
2026-01-27,STK0039,28.338,29.089,27.7906,28.5377,1946457,55547445.13
2026-01-28,STK0039,28.5157,29.055,27.9096,28.4477,2776301,78979259.72
2026-01-29,STK0039,28.2243,28.9774,27.7655,28.5139,2404148,68551561.14
2026-01-30,STK0039,28.8027,29.2784,28.1662,28.6392,3563149,102045888.56
2026-02-02,STK0039,28.8031,29.3807,28.3059,28.8821,2710923,78297218.26
2026-02-03,STK0039,28.815,29.4251,28.2619,28.871,3174658,91655406.25
2026-02-04,STK0039,28.5676,28.7112,27.3783,27.5167,4315840,118757553.21
2026-02-05,STK0039,27.1141,28.4261,26.8349,28.1363,5003851,140789926.35
2026-02-06,STK0039,28.4768,29.0852,26.7709,27.3554,3277610,89660348.38
2026-02-09,STK0039,27.3269,27.8459,26.9279,27.4451,4278192,117415488.17
2026-02-10,STK0039,27.571,27.713,26.5898,26.7274,2699795,72158505.03
2026-02-11,STK0039,26.5757,27.2166,25.8268,26.4651,1614446,42726519.15
2026-02-12,STK0039,26.4164,27.0694,25.4193,26.0636,1866923,48658744.94
2026-02-13,STK0039,26.0236,26.3825,25.4786,25.8349,2612125,67484016.31
2026-02-16,STK0039,25.8724,26.2414,25.3304,25.697,3673880,94407571.38
2026-02-17,STK0039,25.7108,25.9349,24.7398,24.9574,2632561,65701812.79
2026-02-18,STK0039,24.8197,25.1639,24.4201,24.7636,4268907,105713374.99
2026-02-19,STK0039,24.6254,25.4601,24.0274,24.8566,5227774,129944536.62
2026-02-20,STK0039,24.8444,26.2779,24.6493,26.0731,2038276,53144220.7
2026-02-23,STK0039,25.8001,27.1057,25.5678,26.8638,5983223,160731880.6
2026-02-24,STK0039,26.7314,28.0739,26.1262,27.4523,1617115,44393570.97
2026-02-25,STK0039,27.427,27.7243,26.4907,26.7811,5402822,144693404.6
2026-02-26,STK0039,26.845,27.4992,25.1135,25.7407,2734652,70391873.81
2026-02-27,STK0039,25.974,26.2347,25.1025,25.3571,2516128,63801654.88
2026-03-02,STK0039,25.2847,26.0327,25.2314,25.978,2726327,70824524.31
2026-03-03,STK0039,25.9836,27.6417,25.3617,26.9956,2111010,56987899.12
2026-03-04,STK0039,26.6948,27.2939,26.4959,27.0921,4670706,126539035.0
2026-03-05,STK0039,27.1465,27.6342,26.1461,26.6244,2146483,57148879.99
2026-03-06,STK0039,26.4796,27.131,26.3977,27.0474,2279086,61643361.15
2026-03-09,STK0039,26.9974,27.516,26.2366,26.7505,1702513,45543037.93
2026-03-10,STK0039,26.827,27.0364,26.6375,26.8469,2192014,58848699.45
2026-03-11,STK0039,26.9304,27.778,26.3808,27.2225,2210560,60176921.19
2026-03-12,STK0039,26.9861,29.2285,26.3321,28.537,2197392,62706981.14
2026-03-13,STK0039,28.6746,29.2797,28.5875,29.191,2718535,79356630.95
2026-03-16,STK0039,29.1841,30.3362,28.8788,30.022,1977896,59380458.06
2026-03-17,STK0039,30.2512,30.8097,28.5895,29.1273,5091753,148308954.65
2026-03-18,STK0039,29.3839,30.3139,28.6517,29.5769,2757667,81563305.92
2026-03-19,STK0039,29.8633,30.1724,28.4887,28.7867,3336963,96060067.72
2026-03-20,STK0039,28.5417,30.0926,27.8315,29.362,4005820,117618719.56
2026-03-23,STK0039,29.4329,30.796,28.7653,30.113,6066248,182672751.4
2026-03-24,STK0039,29.8293,31.3714,29.2762,30.8002,3998661,123159612.35
2026-03-25,STK0039,31.0417,31.3764,30.0852,30.4132,2676807,81410240.79
2026-03-26,STK0039,30.6778,31.118,29.6745,30.1065,1985874,59787689.05
2026-03-27,STK0039,30.2837,30.846,29.3839,29.9398,3227351,96626169.13
2026-03-30,STK0039,29.8636,31.1904,29.3329,30.6458,4187044,128315336.66
2026-03-31,STK0039,30.746,31.1729,30.4806,30.906,3112219,96186377.21
2026-04-01,STK0039,30.8038,32.0576,30.3474,31.5895,3019239,95376350.3
2026-04-02,STK0039,31.5921,33.4766,30.9222,32.7814,3275571,107377947.2
2026-04-03,STK0039,32.7633,33.1868,31.9585,32.3771,1554093,50316989.36
2026-04-06,STK0039,31.9912,33.5246,31.5106,33.0283,3206108,105892444.59
2026-04-07,STK0039,32.8683,33.6528,32.555,33.335,3961213,132046964.11
2026-04-08,STK0039,33.7923,33.9843,32.7605,32.9477,3026459,99714867.24
2026-04-09,STK0039,32.9306,33.2581,32.8147,33.1415,4652284,154183790.91
2026-04-10,STK0039,33.1734,34.2317,32.7972,33.8479,4662221,157806370.47
2026-04-13,STK0039,33.8461,34.4926,33.2866,33.9317,2657487,90173020.48
2026-04-14,STK0039,33.8482,34.5076,33.1228,33.7808,3688600,124603980.65
2026-04-15,STK0039,33.7882,33.921,33.3212,33.4528,3177052,106281288.32
2026-04-16,STK0039,33.3712,33.6869,33.06,33.3757,1508480,50346556.35
2026-04-17,STK0039,32.9216,33.7033,32.244,33.0237,2942778,97181292.04
2026-04-20,STK0039,33.1798,33.3318,31.8762,32.023,2228153,71352052.64
2026-04-21,STK0039,32.3344,33.2478,31.531,32.4418,3325812,107895164.59
2026-04-22,STK0039,32.2159,33.7026,31.6827,33.1539,4063162,134709618.38
2026-04-23,STK0039,33.0719,33.9492,32.2907,33.1658,2970503,98519083.27
2026-04-24,STK0039,33.4656,34.3088,32.8366,33.6759,2327028,78364671.41
2025-07-21,STK0040,74.6459,75.9886,73.6556,74.9937,4473559,335488895.42
2025-07-22,STK0040,75.0107,75.207,74.2784,74.4733,3236622,241041768.07
2025-07-23,STK0040,74.3546,74.6106,73.8734,74.1286,6158612,456529288.25
2025-07-24,STK0040,74.125,74.7242,72.9059,73.5001,4785414,351728362.43
2025-07-25,STK0040,73.2083,74.4912,69.1407,70.3739,2954003,207884661.75
2025-07-28,STK0040,70.6501,71.8337,68.0438,69.2032,2985253,206588926.52
2025-07-29,STK0040,68.6599,69.094,67.7652,68.1964,3630178,247565203.75
2025-07-30,STK0040,68.3307,70.139,67.4261,69.2226,4574725,316674487.18
2025-07-31,STK0040,68.9417,70.5954,68.2218,69.8659,1725778,120572973.89
2025-08-01,STK0040,69.6871,70.7378,67.7606,68.7979,2825910,194416549.81
2025-08-04,STK0040,68.633,70.6188,67.9674,69.9405,3050636,213363026.89
2025-08-05,STK0040,69.8712,71.8319,68.2912,70.2435,2318526,162861360.02
2025-08-06,STK0040,70.4554,71.3619,69.0464,69.9463,2741858,191782698.05
2025-08-07,STK0040,69.9312,71.344,69.1053,70.5111,4171581,294142894.07
2025-08-08,STK0040,70.907,74.4005,69.6181,73.0723,3302647,241332014.84
2025-08-11,STK0040,73.5319,74.9992,71.963,73.4283,3343328,245494817.92
2025-08-12,STK0040,73.5644,74.4519,72.3714,73.2551,2343431,171668300.47
2025-08-13,STK0040,73.5557,74.2183,73.2243,73.8854,3604953,266353266.36
2025-08-14,STK0040,74.7885,75.8654,74.4926,75.5664,2263609,171052694.4
2025-08-15,STK0040,74.9283,76.6193,74.2151,75.8969,6348761,481851184.25
2025-08-18,STK0040,76.3885,77.8284,73.925,75.3452,6918974,521311477.87
2025-08-19,STK0040,76.0468,77.3422,73.1476,74.4152,3125587,232591111.16
2025-08-20,STK0040,74.6091,75.252,73.0715,73.7067,2502688,184464828.68
2025-08-21,STK0040,74.5536,74.7102,73.7071,73.8622,5010975,370121874.05
2025-08-22,STK0040,74.6525,75.9053,71.5923,72.8142,4421498,321947911.89
2025-08-25,STK0040,72.6671,73.7558,70.9693,72.0487,6792255,489372932.42
2025-08-26,STK0040,71.9362,74.6237,70.5142,73.1772,7484448,547690760.67
2025-08-27,STK0040,73.4105,77.0045,72.1051,75.6591,1738433,131528338.23
2025-08-28,STK0040,75.3763,77.0137,74.7976,76.4269,5269227,402710550.53
2025-08-29,STK0040,77.6803,79.1451,75.1067,76.5501,3279071,251013322.11
2025-09-01,STK0040,76.9133,78.869,75.8991,77.8425,4203735,327229109.29
2025-09-02,STK0040,77.8642,80.4098,76.6791,79.2044,4513688,357503782.74
2025-09-03,STK0040,78.537,80.2535,77.7351,79.4423,4482623,356109958.75
2025-09-04,STK0040,79.5625,81.1683,77.6147,79.2135,4869680,385744513.12
2025-09-05,STK0040,78.652,80.5092,78.14,79.9885,2833443,226642791.11
2025-09-08,STK0040,80.354,80.8927,78.1386,78.666,2427556,190966153.0
2025-09-09,STK0040,77.4938,79.7466,76.9156,79.1561,5070581,401367197.88
2025-09-10,STK0040,79.816,81.425,75.8472,77.4077,2401751,185914087.52
2025-09-11,STK0040,77.211,78.9096,75.7636,77.4575,6061368,469498583.18
2025-09-12,STK0040,76.6753,77.4716,76.0465,76.8415,2400736,184476048.72
2025-09-15,STK0040,76.8339,78.5444,76.426,78.1296,2764236,215968549.16
2025-09-16,STK0040,78.1374,78.4651,77.9305,78.2578,2949664,230834245.6
2025-09-17,STK0040,78.2276,79.6144,74.9117,76.2637,1870804,142674448.29
2025-09-18,STK0040,76.8977,78.0045,74.918,76.0121,1861692,141511141.66
2025-09-19,STK0040,76.186,80.6082,74.803,79.171,4251438,336590649.84
2025-09-22,STK0040,79.5501,81.005,74.7431,76.1356,1700963,129503859.65
2025-09-23,STK0040,76.0221,78.5483,74.3929,76.9004,7381023,567603279.43
2025-09-24,STK0040,77.0976,77.9894,74.7796,75.6547,2962325,224113934.2
2025-09-25,STK0040,75.0631,79.6184,73.4847,77.9788,2063422,160903099.68
2025-09-26,STK0040,78.0996,80.1342,77.1607,79.1822,3412984,270247708.65
2025-09-29,STK0040,78.8228,81.0927,77.382,79.6369,1257824,100169260.53
2025-09-30,STK0040,80.27,82.5708,79.0919,81.3765,2672486,217477582.55
2025-10-01,STK0040,81.4134,83.3016,78.9288,80.8029,2784665,225008922.64
2025-10-02,STK0040,81.1249,81.9777,79.7665,80.614,1919482,154737037.51
2025-10-03,STK0040,80.7409,82.1835,78.0397,79.4594,2378918,189027304.08
2025-10-06,STK0040,80.3252,81.5908,77.3147,78.5524,5039984,395902709.02
2025-10-07,STK0040,77.8204,79.7635,75.7947,77.7357,3179849,247187877.06
2025-10-08,STK0040,77.6827,78.9819,77.3893,78.6847,3391463,266856261.01
2025-10-09,STK0040,78.2327,79.4654,74.3456,75.5358,2217278,167483828.51
2025-10-10,STK0040,74.6125,78.1186,74.0644,77.5489,1794608,139169933.69
2025-10-13,STK0040,77.0735,81.0265,75.3519,79.2562,2646679,209765662.62
2025-10-14,STK0040,79.8155,81.4336,76.8497,78.44,1212532,95111002.75
2025-10-15,STK0040,78.4258,81.6087,77.0751,80.227,1915636,153685729.73
2025-10-16,STK0040,80.1213,81.4628,79.0759,80.4136,1836561,147684499.27
2025-10-17,STK0040,80.7877,82.2152,78.5899,80.0036,1392619,111414465.68
2025-10-20,STK0040,80.059,81.2398,78.7848,79.9642,3525522,281915694.51
2025-10-21,STK0040,80.2591,80.9499,79.1857,79.8732,2717458,217052125.36
2025-10-22,STK0040,80.0281,81.6964,76.9232,78.5609,2276297,178827948.91
2025-10-23,STK0040,78.8171,81.0749,77.7303,79.9722,3490107,279111487.22
2025-10-24,STK0040,79.7567,80.3879,78.4887,79.1148,1573247,124467073.86
2025-10-27,STK0040,79.6134,80.9891,75.4986,76.8261,1724550,132490520.14
2025-10-28,STK0040,76.2694,76.4547,75.9328,76.1176,4266392,324747612.67
2025-10-29,STK0040,76.0784,77.4905,73.2474,74.6327,6364237,474980322.82
2025-10-30,STK0040,75.1255,76.0885,73.5391,74.4939,3527649,262788491.47
2025-10-31,STK0040,74.4251,75.7478,73.1905,74.5117,3359195,250299302.88
2025-11-03,STK0040,74.3193,74.7367,72.7315,73.1422,2319471,169651263.35
2025-11-04,STK0040,74.1534,76.2267,72.7801,74.8406,2345291,175523052.76
2025-11-05,STK0040,75.4804,77.4627,74.0738,76.0455,3103302,235992218.09
2025-11-06,STK0040,76.1102,77.5606,74.1285,75.5686,4536752,342835939.93
2025-11-07,STK0040,75.1298,76.3244,74.1723,75.3638,3150845,237459753.63
2025-11-10,STK0040,74.4492,77.7948,73.2035,76.5146,3904605,298759334.86
2025-11-11,STK0040,76.8406,77.965,75.2888,76.4068,1977681,151108326.24
2025-11-12,STK0040,76.9894,79.396,76.4227,78.8159,3463515,272979924.5
2025-11-13,STK0040,79.0032,79.2031,78.0494,78.2474,2222142,173876734.0
2025-11-14,STK0040,77.4483,80.1035,76.5567,79.1919,2957393,234201487.33
2025-11-17,STK0040,79.2681,80.9123,76.008,77.618,3465840,269011698.64
2025-11-18,STK0040,77.3916,78.12,74.9972,75.7097,2399608,181673645.35
2025-11-19,STK0040,75.7832,79.5556,74.3261,78.0549,2001816,156251453.62
2025-11-20,STK0040,78.9703,80.2901,76.4535,77.753,3209627,249558060.52
2025-11-21,STK0040,78.1221,78.9131,75.6392,76.4129,2721977,207994163.86
2025-11-24,STK0040,76.6775,76.9125,76.5231,76.758,2960236,227221843.53
2025-11-25,STK0040,76.7371,79.4046,75.823,78.4698,3496076,274336323.78
2025-11-26,STK0040,78.6652,79.5333,76.2944,77.1458,4382069,338058198.49
2025-11-27,STK0040,76.8119,77.4457,76.4131,77.0458,3531176,272062129.6
2025-11-28,STK0040,77.3027,78.913,71.9999,73.5316,3466219,254876777.4
2025-12-01,STK0040,73.4464,75.2073,70.3591,72.0874,2489819,179484699.18
2025-12-02,STK0040,71.7327,72.9809,71.3892,72.633,2555615,185622092.43
2025-12-03,STK0040,72.9891,73.5228,70.5369,71.0564,3433601,243979483.09
2025-12-04,STK0040,70.1114,71.2716,68.5218,69.6748,2539191,176917505.52
2025-12-05,STK0040,69.4474,71.1051,66.5937,68.2221,3326119,226914905.88
2025-12-08,STK0040,68.4736,70.0815,65.7012,67.2811,2116648,142410454.85
2025-12-09,STK0040,67.7773,70.5407,66.1899,68.9264,5477981,377577495.04
2025-12-10,STK0040,69.1218,70.0483,68.2838,69.2092,2934156,203070635.54
2025-12-11,STK0040,68.9307,72.0789,67.2298,70.3431,2767014,194640324.39
2025-12-12,STK0040,70.3216,71.052,69.1399,69.8656,2281828,159421386.28
2025-12-15,STK0040,69.9879,70.2674,68.7083,68.9838,5344933,368713943.39
2025-12-16,STK0040,69.6328,70.9002,66.2924,67.5214,1762834,119029073.65
2025-12-17,STK0040,67.8954,68.8997,66.8679,67.8719,2104833,142859066.48
2025-12-18,STK0040,68.2509,71.748,66.8594,70.3145,3694366,259767433.09
2025-12-19,STK0040,70.3421,71.4876,67.088,68.1986,2974904,202884364.19
2025-12-22,STK0040,67.7618,69.1763,65.7946,67.1973,2214594,148814787.16
2025-12-23,STK0040,66.6328,67.2931,65.3137,65.9674,2180770,143859705.07
2025-12-24,STK0040,65.8483,67.2277,65.2805,66.6529,2403689,160212958.39
2025-12-25,STK0040,66.9333,68.2329,64.5697,65.8482,2742266,180573317.9
2025-12-26,STK0040,65.6502,67.4486,64.7674,66.5536,4572039,304285592.35
2025-12-29,STK0040,66.7825,67.1916,65.2746,65.677,3286293,215833758.23
2025-12-30,STK0040,65.3646,67.2474,64.67,66.5403,3837773,255366729.65
2025-12-31,STK0040,66.2852,67.6384,64.8621,66.2139,2309956,152951137.54
2026-01-01,STK0040,66.7756,68.3282,63.7107,65.2272,3203989,208987259.74
2026-01-02,STK0040,65.528,67.4897,64.2511,66.1997,1564047,103539377.28
2026-01-05,STK0040,66.078,67.3016,64.4118,65.627,2911613,191080531.02
2026-01-06,STK0040,65.3008,66.7109,63.9512,65.36,2911549,190298856.75
2026-01-07,STK0040,65.7332,66.2473,65.2986,65.8122,5193104,341769530.29
2026-01-08,STK0040,66.1592,67.1734,63.8305,64.8243,4811064,311873834.94
2026-01-09,STK0040,65.0734,66.7991,64.0539,65.7688,2486154,163511357.35
2026-01-12,STK0040,65.6987,67.2594,63.707,65.2573,2074368,135367700.42
2026-01-13,STK0040,64.8301,65.9947,64.6777,65.8398,2074362,136575633.68
2026-01-14,STK0040,65.834,68.1981,64.2328,66.5787,2496257,166197655.17
2026-01-15,STK0040,67.1434,68.399,65.7643,67.0175,4460083,298903761.73
2026-01-16,STK0040,66.653,66.8207,66.1546,66.3214,3278760,217452025.12
2026-01-19,STK0040,66.3403,67.2646,65.0825,66.0021,3396823,224197342.12
2026-01-20,STK0040,66.6531,66.8933,62.1249,62.3496,3758365,234332696.71
2026-01-21,STK0040,62.2359,63.2241,60.7692,61.7497,1983866,122503142.22
2026-01-22,STK0040,61.7025,62.5978,60.9382,61.8319,2229323,137843342.39
2026-01-23,STK0040,61.333,62.5453,59.0932,60.2848,3422372,206317041.34
2026-01-26,STK0040,60.5106,61.4381,57.5001,58.3951,2102234,122760127.8
2026-01-27,STK0040,58.1362,60.2399,56.9684,59.0537,1639913,96842976.95
2026-01-28,STK0040,58.5055,61.5055,57.8922,60.8675,1939551,118055652.2
2026-01-29,STK0040,60.5203,62.3722,59.2065,61.047,4100192,250304317.16
2026-01-30,STK0040,61.1234,64.8637,59.7832,63.4721,2457773,155999971.35
2026-02-02,STK0040,62.8732,65.6247,61.7996,64.5229,2979718,192260114.58
2026-02-03,STK0040,63.9886,64.5047,62.4005,62.9079,1895753,119257843.64
2026-02-04,STK0040,63.1194,64.6849,59.5387,61.053,3116698,190283676.11
2026-02-05,STK0040,61.0265,64.5217,59.7566,63.2065,2415660,152685484.29
2026-02-06,STK0040,62.8609,64.2179,60.2265,61.5553,3123222,192250951.75
2026-02-09,STK0040,61.4368,61.576,60.5516,60.6891,2262625,137316652.94
2026-02-10,STK0040,61.3253,63.8898,60.0374,62.5757,3253049,203561665.83
2026-02-11,STK0040,63.0587,63.5007,61.4407,61.8743,2291388,141778063.03
2026-02-12,STK0040,61.8344,64.8191,60.9879,63.9437,2650248,169466644.68
2026-02-13,STK0040,64.2576,65.427,61.7178,62.8618,2416487,151904681.79
2026-02-16,STK0040,62.9074,63.6644,62.188,62.9445,2649226,166754333.43
2026-02-17,STK0040,62.278,64.1512,61.8045,63.6672,2954932,188132103.6
2026-02-18,STK0040,62.9254,63.7752,61.4642,62.3056,2263703,141041455.85
2026-02-19,STK0040,61.9666,62.7356,61.4155,62.1825,2604686,161965964.85
2026-02-20,STK0040,61.5974,64.0175,60.6025,62.9999,2872007,180936101.94
2026-02-23,STK0040,63.1026,63.388,62.582,62.8663,3237181,203509675.97
2026-02-24,STK0040,62.6592,66.273,61.9455,65.5266,2579459,169023218.08
2026-02-25,STK0040,65.6941,68.3407,64.6688,67.2905,1969479,132527199.71
2026-02-26,STK0040,67.4686,69.1407,64.95,66.6005,2721451,181249922.69
2026-02-27,STK0040,66.8768,67.7726,64.8244,65.7046,3241093,212954588.85
2026-03-02,STK0040,65.3387,68.288,64.568,67.4919,1663010,112239641.63
2026-03-03,STK0040,67.701,69.3767,65.0326,66.6831,1673196,111573897.82
2026-03-04,STK0040,66.3019,68.8165,64.7582,67.2507,2110833,141954961.39
2026-03-05,STK0040,67.5383,69.4046,66.3579,68.2124,2419332,165028438.11
2026-03-06,STK0040,68.7146,69.713,65.991,66.964,1210732,81075455.85
2026-03-09,STK0040,67.2552,67.8087,65.8515,66.398,3236095,214870109.32
2026-03-10,STK0040,66.3275,68.093,65.2431,66.9977,2475792,165872428.11
2026-03-11,STK0040,67.2259,68.6499,64.9568,66.3625,1174579,77947982.86
2026-03-12,STK0040,65.7548,67.3708,62.86,64.4438,1843643,118811408.91
2026-03-13,STK0040,63.7674,64.8914,63.3891,64.5087,2469546,159307179.97
2026-03-16,STK0040,64.6896,65.5194,64.1525,64.9799,1428117,92798837.23
2026-03-17,STK0040,65.4917,66.9549,62.9842,64.4236,3666115,236184186.83
2026-03-18,STK0040,63.9493,65.3435,61.4777,62.848,2858126,179627374.46
2026-03-19,STK0040,62.8537,64.8452,61.6919,63.6684,3398644,216386294.99
2026-03-20,STK0040,63.8363,64.1163,63.3544,63.6335,1872279,119139726.45
2026-03-23,STK0040,63.3993,64.556,62.1575,63.3125,3061237,193814651.31
2026-03-24,STK0040,63.1837,66.0215,62.3757,65.1879,2083505,135819319.96
2026-03-25,STK0040,65.4282,66.2519,64.7387,65.561,2498779,163822344.66
2026-03-26,STK0040,65.6035,68.1742,65.0941,67.6489,3092977,209236373.88
2026-03-27,STK0040,67.6946,69.2629,67.0641,68.6238,2699533,185252171.41
2026-03-30,STK0040,68.2205,69.1977,66.6625,67.6312,3701811,250358073.59
2026-03-31,STK0040,67.6186,68.0057,66.5729,66.9562,2956339,197945313.65
2026-04-01,STK0040,66.7966,67.7126,65.1088,66.0141,2391987,157904795.92
2026-04-02,STK0040,65.8778,67.1821,65.673,66.9739,3710521,248508244.21
2026-04-03,STK0040,66.7567,67.6068,65.9927,66.8418,3910423,261379713.04
2026-04-06,STK0040,66.8309,68.4402,64.7112,66.3079,2844102,188586407.78
2026-04-07,STK0040,65.9633,68.3931,64.7103,67.1181,4400562,295357141.81
2026-04-08,STK0040,67.1229,67.9245,66.8828,67.6823,2557029,173065650.25
2026-04-09,STK0040,67.5342,68.7377,65.6426,66.8336,2663483,178010068.28
2026-04-10,STK0040,66.4608,68.419,66.0281,67.9764,2800693,190381107.77
2026-04-13,STK0040,67.1863,68.6026,66.3192,67.7285,2686071,181923629.38
2026-04-14,STK0040,68.1146,68.7117,66.4174,67.0047,2547925,170722990.38
2026-04-15,STK0040,67.3054,68.8861,64.6749,66.2303,2186399,144805966.04
2026-04-16,STK0040,65.9113,67.9058,65.6969,67.6857,2018288,136609265.77
2026-04-17,STK0040,67.9631,69.4761,65.9088,67.4094,2938481,198081382.34
2026-04-20,STK0040,66.9962,68.211,65.3357,66.5422,4315174,287141356.85
2026-04-21,STK0040,66.4197,67.1326,65.7327,66.4453,3705966,246243855.43
2026-04-22,STK0040,66.2342,67.7067,62.5164,63.9379,3184527,203611953.53
2026-04-23,STK0040,63.8315,66.5627,63.1073,65.816,4262201,280521024.56
2026-04-24,STK0040,66.0717,67.2651,62.1708,63.3145,2772297,175526488.2
2025-07-21,STK0041,47.687,48.9117,46.9714,48.1885,3319152,159945028.5
2025-07-22,STK0041,48.5784,49.484,46.6986,47.5857,5377187,255877114.13
2025-07-23,STK0041,47.4088,47.987,47.2639,47.8408,2194849,105003264.16
2025-07-24,STK0041,47.8907,48.9009,47.5741,48.5797,3559336,172911589.09
2025-07-25,STK0041,48.557,49.0907,47.8721,48.4041,2993171,144881826.39
2025-07-28,STK0041,48.7472,49.831,45.7943,46.8356,6409117,300174994.62
2025-07-29,STK0041,46.686,47.6636,46.4748,47.4489,4777367,226681007.88
2025-07-30,STK0041,47.3413,48.2459,45.4382,46.3233,3929520,182028493.26
2025-07-31,STK0041,46.6975,47.9099,45.5799,46.7901,5122719,239692540.9
2025-08-01,STK0041,46.5093,47.5785,46.3332,47.399,2289526,108521309.56
2025-08-04,STK0041,47.2576,48.5024,46.8012,48.0384,7278793,349661408.17
2025-08-05,STK0041,48.0767,49.0238,45.4845,46.3985,2710968,125784923.03
2025-08-06,STK0041,46.8247,47.9255,43.922,44.9794,5782738,260104179.84
2025-08-07,STK0041,44.6585,46.2523,44.3157,45.9,4440614,203824199.96
2025-08-08,STK0041,45.7047,46.4709,43.3739,44.1134,3952773,174370375.7
2025-08-11,STK0041,44.2705,45.1264,43.4371,44.2926,5536787,245238475.52
2025-08-12,STK0041,44.4915,45.7591,43.9891,45.2482,5157612,233372552.67
2025-08-13,STK0041,45.3057,46.6216,44.5174,45.8243,3805683,174392882.76
2025-08-14,STK0041,45.7923,46.6647,45.1223,45.9918,3251130,149525429.02
2025-08-15,STK0041,46.0276,47.4494,44.9434,46.3574,3876955,179725556.99
2025-08-18,STK0041,45.9401,47.1481,45.2789,46.4793,3584451,166602669.95
2025-08-19,STK0041,46.5076,47.1532,44.3948,45.0198,4251631,191407421.73
2025-08-20,STK0041,45.4219,46.9323,44.6318,46.1299,5426359,250317441.39
2025-08-21,STK0041,45.766,47.5178,45.5141,47.2577,4429753,209340011.56
2025-08-22,STK0041,47.0359,48.3716,46.3674,47.6937,3974601,189563588.81
2025-08-25,STK0041,47.5803,47.7309,46.9934,47.1427,2943040,138742822.71
2025-08-26,STK0041,47.0483,48.8039,46.2757,48.0154,4252527,204186666.9
2025-08-27,STK0041,48.5488,50.0321,47.8547,49.3269,2066032,101910896.98
2025-08-28,STK0041,49.0518,51.6526,48.0067,50.575,2815709,142404534.52
2025-08-29,STK0041,50.2328,52.7855,49.2107,51.7329,4656007,240868565.86
2025-09-01,STK0041,51.9728,52.5938,50.6156,51.2277,5050346,258717733.86
2025-09-02,STK0041,51.0293,52.3223,50.1538,51.4398,3692410,189936774.62
2025-09-03,STK0041,51.6835,52.3015,51.2195,51.8362,3878177,201029809.38
2025-09-04,STK0041,51.7749,53.0434,51.2095,52.4704,4126787,216534206.53
2025-09-05,STK0041,52.6151,53.4667,52.4155,53.2646,4605245,245296592.4
2025-09-08,STK0041,52.7659,55.5709,52.5381,55.3321,3389404,187542895.77
2025-09-09,STK0041,55.4836,56.6394,52.3984,53.5131,2544864,136183578.81
2025-09-10,STK0041,53.5831,54.997,52.2781,53.6894,4124894,221463150.44
2025-09-11,STK0041,53.6072,54.5096,52.8968,53.7967,7144554,384353152.5
2025-09-12,STK0041,53.4002,55.281,53.1363,55.0091,2657994,146213923.34
2025-09-15,STK0041,55.0807,57.1749,54.8587,56.9453,3545142,201879277.42
2025-09-16,STK0041,57.1933,57.3674,56.158,56.3295,3167925,178447721.29
2025-09-17,STK0041,56.1503,58.8552,54.9031,57.5763,8334420,479865116.11
2025-09-18,STK0041,57.3999,59.283,56.7013,58.5702,2535207,148487472.77
2025-09-19,STK0041,58.8498,60.1591,57.1575,58.4581,3363811,196642124.73
2025-09-22,STK0041,59.0611,59.6721,57.0475,57.6438,3123824,180069134.41
2025-09-23,STK0041,57.9697,59.214,57.0697,58.3087,2282058,133063861.08
2025-09-24,STK0041,58.389,59.7765,57.3673,58.7485,2335754,137222122.21
2025-09-25,STK0041,58.6629,59.6704,58.478,59.4829,4470973,265946602.66
2025-09-26,STK0041,59.4731,60.5244,57.8355,58.8762,4794950,282308544.0
2025-09-29,STK0041,58.4098,60.918,57.2187,59.7005,3069453,183247900.86
2025-09-30,STK0041,59.6452,59.7948,59.4659,59.6154,5916797,352732176.24
2025-10-01,STK0041,60.0173,60.4067,59.8161,60.2049,1648279,99234448.93
2025-10-02,STK0041,60.2192,62.8126,59.3757,61.9449,2372252,146948896.31
2025-10-03,STK0041,61.7128,63.2151,59.3463,60.8269,2787526,169556609.4
2025-10-06,STK0041,60.5654,62.0642,59.0886,60.5868,3722946,225561508.07
2025-10-07,STK0041,60.5753,61.8169,60.3015,61.5387,3190531,196341241.26
2025-10-08,STK0041,61.0846,63.8945,59.8934,62.6724,3456368,216618863.31
2025-10-09,STK0041,62.3317,63.5937,59.5097,60.7395,4453979,270532446.45
2025-10-10,STK0041,61.3007,63.6153,59.9417,62.2356,6218257,386996885.04
2025-10-13,STK0041,61.8499,62.0355,60.5229,60.705,4897677,297313590.67
2025-10-14,STK0041,60.4138,62.2579,58.9417,60.777,3795148,230657885.24
2025-10-15,STK0041,60.8834,62.1558,58.5598,59.8098,3602107,215441293.3
2025-10-16,STK0041,59.6515,61.9798,58.6984,61.0052,5552652,338740372.73
2025-10-17,STK0041,61.0376,61.2535,60.7274,60.943,7354211,448187641.86
2025-10-20,STK0041,61.2593,62.8598,60.7984,62.3904,4699818,293223423.91
2025-10-21,STK0041,61.8139,62.61,61.1975,61.9918,3112461,192946976.35
2025-10-22,STK0041,62.273,63.6255,59.9112,61.2413,4011143,245647748.43
2025-10-23,STK0041,61.0277,63.3947,59.8373,62.1818,4648410,289046391.88
2025-10-24,STK0041,62.0751,63.5424,59.4784,60.9183,3112889,189631856.31
2025-10-27,STK0041,61.6249,62.9947,60.9028,62.2651,5177077,322351199.44
2025-10-28,STK0041,61.7433,63.3255,60.3179,61.8965,4112603,254555896.93
2025-10-29,STK0041,62.1163,63.5202,59.4401,60.8146,5545717,337260508.3
2025-10-30,STK0041,61.2276,61.3761,60.5176,60.6648,2613550,158550384.17
2025-10-31,STK0041,60.4165,61.2418,59.9632,60.7857,2051494,124701534.9
2025-11-03,STK0041,60.5427,63.5517,59.3078,62.2813,3226057,200922985.92
2025-11-04,STK0041,62.1437,63.2186,60.0331,61.0897,3697239,225863373.13
2025-11-05,STK0041,60.8376,61.2711,60.3625,60.7957,1978794,120302250.68
2025-11-06,STK0041,60.82,62.3167,59.6052,61.0964,3076314,187951656.88
2025-11-07,STK0041,61.4245,63.2599,60.8544,62.6782,6004434,376347129.82
2025-11-10,STK0041,62.5418,65.1113,61.5505,64.0954,4664782,298991171.44
2025-11-11,STK0041,64.4535,67.1541,62.939,65.6124,4008101,262981289.0
2025-11-12,STK0041,66.1663,66.6633,64.9826,65.4744,2587183,169394285.53
2025-11-13,STK0041,65.644,67.2147,65.4291,66.9954,5700224,381888810.08
2025-11-14,STK0041,67.207,69.038,66.0521,67.8718,3138470,213013482.33
2025-11-17,STK0041,67.6303,70.3425,66.362,69.0476,3767601,260143682.66
2025-11-18,STK0041,67.9694,70.4111,67.3448,69.77,4126735,287922253.05
2025-11-19,STK0041,70.0156,70.9099,68.1837,69.0659,3813662,263394121.35
2025-11-20,STK0041,69.3968,72.6742,68.4582,71.7044,6025777,432074458.1
2025-11-21,STK0041,71.8087,73.3,70.2064,71.6953,4335237,310816213.4
2025-11-24,STK0041,72.0877,74.1765,70.7944,72.8692,4043787,294667474.94
2025-11-25,STK0041,72.6299,74.3436,72.0286,73.7332,3435375,253301281.52
2025-11-26,STK0041,73.963,74.5753,71.1133,71.7069,4208386,301770485.98
2025-11-27,STK0041,72.3431,73.0285,70.9458,71.6244,3403744,243791170.22
2025-11-28,STK0041,71.9111,72.2963,70.5055,70.8852,3856676,273381270.6
2025-12-01,STK0041,71.4586,71.8222,69.5431,69.8988,3260748,227922353.12
2025-12-02,STK0041,70.4669,71.9327,67.6548,69.0919,3034757,209677226.69
2025-12-03,STK0041,68.5875,71.8877,67.1383,70.4002,2674356,188275269.04
2025-12-04,STK0041,70.7047,71.269,69.0741,69.6298,3368294,234533765.11
2025-12-05,STK0041,69.3663,70.8618,66.1046,67.5612,3214778,217194219.27
2025-12-08,STK0041,67.1137,68.129,65.6567,66.6652,6729410,448617227.07
2025-12-09,STK0041,66.551,69.6094,65.3278,68.3531,4989662,341058902.57
2025-12-10,STK0041,69.0763,70.756,67.5394,69.2159,3408387,235914658.08
2025-12-11,STK0041,68.9905,71.092,68.3632,70.4515,3072307,216448562.91
2025-12-12,STK0041,69.7122,72.3024,68.5109,71.0777,4405804,313154309.58
2025-12-15,STK0041,70.4643,71.9611,69.8233,71.3124,7015022,500258332.6
2025-12-16,STK0041,71.5174,73.1457,68.5122,70.1084,4559103,319631281.28
2025-12-17,STK0041,69.7899,70.4104,68.1452,68.7565,1913003,131531363.33
2025-12-18,STK0041,67.9187,69.0314,66.6198,67.7294,4820586,326495484.21
2025-12-19,STK0041,67.1608,67.5902,66.065,66.4901,5190035,345085996.24
2025-12-22,STK0041,66.5567,68.4344,65.8576,67.723,7736967,523970741.42
2025-12-23,STK0041,68.0405,68.8697,67.3545,68.1823,3241639,221022269.37
2025-12-24,STK0041,68.0002,69.3097,66.5866,67.8941,3651984,247948050.84
2025-12-25,STK0041,68.159,68.7446,65.2587,65.8243,4004258,263577340.76
2025-12-26,STK0041,66.1866,69.6841,65.5558,69.0263,2708380,186949408.17
2025-12-29,STK0041,68.7025,68.8547,67.5803,67.7304,2620746,177504240.6
2025-12-30,STK0041,67.6812,68.6745,67.0542,68.0442,4120217,280356726.34
2025-12-31,STK0041,67.7995,69.9008,67.2395,69.3282,2114493,146593971.88
2026-01-01,STK0041,69.5527,71.3959,68.5424,70.3737,2293447,161398306.73
2026-01-02,STK0041,70.1156,70.9038,68.4694,69.2478,4770860,330371756.97
2026-01-05,STK0041,68.7456,71.3907,67.0578,69.68,4301930,299758279.02
2026-01-06,STK0041,69.7019,70.7169,67.1631,68.1556,5506844,375321992.09
2026-01-07,STK0041,68.6111,70.7504,68.3591,70.4914,4219634,297448018.49
2026-01-08,STK0041,70.7077,73.1932,69.2498,71.7146,3545614,254272239.47
2026-01-09,STK0041,72.1491,72.3818,71.7025,71.9345,5510721,396410902.95
2026-01-12,STK0041,72.3322,73.8698,68.8749,70.3708,3007018,211606130.44
2026-01-13,STK0041,70.3886,71.1858,69.0388,69.8297,3168536,221257818.09
2026-01-14,STK0041,69.5798,69.8176,68.8509,69.087,3356320,231878198.12
2026-01-15,STK0041,68.7275,72.863,67.045,71.122,4162231,296026050.46
2026-01-16,STK0041,70.4481,71.8365,69.5045,70.887,3431446,243244841.05
2026-01-19,STK0041,71.3947,72.9412,69.5844,71.125,2084820,148282921.23
2026-01-20,STK0041,70.9841,71.8127,69.985,70.8115,3213439,227548510.78
2026-01-21,STK0041,70.0909,75.2653,69.2066,74.3275,3506149,260603204.31
2026-01-22,STK0041,74.88,75.6538,72.8711,73.632,3737454,275196372.81
2026-01-23,STK0041,73.6737,75.6043,72.9012,74.8198,3095913,231635659.59
2026-01-26,STK0041,75.2555,76.7794,72.1815,73.6734,4458863,328499398.63
2026-01-27,STK0041,73.5578,73.757,72.7777,72.9753,2149463,156857659.91
2026-01-28,STK0041,72.6288,74.4045,71.6652,73.4303,4360808,320215446.86
2026-01-29,STK0041,73.627,75.2252,73.03,74.6202,7003061,522570089.25
2026-01-30,STK0041,74.8573,78.4684,73.7491,77.3236,2997506,231778025.59
2026-02-02,STK0041,77.1939,77.7304,73.9363,74.4538,3856368,287121213.53
2026-02-03,STK0041,75.0429,75.7949,73.312,74.0541,3558829,263546039.21
2026-02-04,STK0041,74.4754,75.5378,70.9374,71.964,3634211,261532285.71
2026-02-05,STK0041,72.2082,73.5847,69.8703,71.228,2620909,186682077.45
2026-02-06,STK0041,70.7552,72.4361,67.4907,69.1332,7292335,504142166.74
2026-02-09,STK0041,68.6162,69.1372,67.9474,68.4672,4156568,284588460.44
2026-02-10,STK0041,68.9615,69.8654,66.6236,67.5084,2864476,193376303.07
2026-02-11,STK0041,66.6278,67.612,65.9603,66.9414,2753401,184316421.23
2026-02-12,STK0041,66.9048,67.9712,64.5771,65.6231,3772601,247569703.89
2026-02-13,STK0041,65.6808,66.5445,64.9959,65.8576,1760472,115940515.4
2026-02-16,STK0041,65.6644,65.9422,64.5924,64.8668,5448711,353440684.12
2026-02-17,STK0041,64.8531,65.8993,61.4488,62.4563,3077708,192222114.81
2026-02-18,STK0041,62.614,62.7904,60.8159,60.9878,4144046,252736059.45
2026-02-19,STK0041,60.7733,60.955,59.7412,59.9204,4216754,252669560.17
2026-02-20,STK0041,60.2381,61.5837,58.6248,59.9642,5107518,306268402.19
2026-02-23,STK0041,60.1742,61.624,58.8493,60.2965,4250421,256285354.89
2026-02-24,STK0041,60.2314,61.1314,57.9568,58.8359,4686182,275715941.35
2026-02-25,STK0041,58.5449,58.6863,58.2787,58.4197,5027356,293696642.71
2026-02-26,STK0041,58.3879,58.9655,55.8572,56.4152,3012251,169936829.8
2026-02-27,STK0041,57.1342,57.7035,56.4566,57.0248,7086082,404082317.32
2026-03-02,STK0041,56.7662,58.9933,55.7115,57.9172,3854529,223243346.95
2026-03-03,STK0041,58.4516,60.2946,57.2431,59.0733,3451412,203886460.68
2026-03-04,STK0041,58.4545,60.1588,57.8613,59.5544,2535185,150981485.41
2026-03-05,STK0041,59.2476,61.2688,58.5544,60.5602,3093826,187362872.42
2026-03-06,STK0041,60.3634,61.9147,59.9308,61.4741,3872652,238067985.29
2026-03-09,STK0041,61.8252,62.9839,59.0036,60.1305,3455705,207793428.86
2026-03-10,STK0041,60.1505,60.7539,59.3573,59.9587,6467450,387779866.48
2026-03-11,STK0041,60.4319,61.5333,58.9049,59.9984,3009729,180578977.34
2026-03-12,STK0041,59.8788,61.1521,58.7855,60.0556,4436427,266432094.6
2026-03-13,STK0041,60.0362,60.7935,59.7004,60.4553,2329889,140854251.94
2026-03-16,STK0041,60.3362,61.6857,58.7966,60.1417,7467370,449100343.71
2026-03-17,STK0041,60.8774,62.1536,58.7638,60.0221,2360545,141684868.03
2026-03-18,STK0041,59.62,62.2332,58.7013,61.2888,7424601,455044645.64
2026-03-19,STK0041,61.1022,61.3457,60.3092,60.5505,3423216,207277490.05
2026-03-20,STK0041,60.1963,60.5482,59.3835,59.7327,1631493,97453480.71
2026-03-23,STK0041,59.9385,60.1855,59.3691,59.6148,5588848,333177855.27
2026-03-24,STK0041,59.208,61.0968,58.4583,60.3328,3525032,212675204.84
2026-03-25,STK0041,60.9961,61.4906,58.5007,58.9789,2883469,170063769.37
2026-03-26,STK0041,59.0074,60.253,56.6688,57.8908,4127296,238932276.34
2026-03-27,STK0041,58.0342,61.4023,57.3362,60.6726,4065044,246636805.41
2026-03-30,STK0041,60.8414,61.5958,58.849,59.5878,3590398,213943929.54
2026-03-31,STK0041,59.5806,61.4128,58.1981,60.0201,4566215,274064601.67
2026-04-01,STK0041,60.0639,61.1263,59.1456,60.2058,3386992,203916638.11
2026-04-02,STK0041,60.2364,62.6021,59.5793,61.9266,3873683,239883946.97
2026-04-03,STK0041,62.1198,64.1361,60.5905,62.595,2558714,160162736.17
2026-04-06,STK0041,62.2869,66.4811,61.4999,65.6515,4061577,266648529.24
2026-04-07,STK0041,65.2618,67.082,64.2612,66.069,2658781,175663007.14
2026-04-08,STK0041,66.3952,67.7367,65.6791,67.0139,2224359,149063005.4
2026-04-09,STK0041,67.0131,68.6875,65.8477,67.5133,3074168,207547362.33
2026-04-10,STK0041,66.7054,71.834,65.3818,70.4363,2987616,210436640.07
2026-04-13,STK0041,70.2358,72.7285,69.0798,71.5508,4524538,323734495.24
2026-04-14,STK0041,72.2107,72.7677,71.4314,71.9867,1983872,142812435.8
2026-04-15,STK0041,71.9175,73.62,69.6193,71.3073,4826386,344156670.84
2026-04-16,STK0041,71.0805,73.446,70.1018,72.4485,2640568,191305091.93
2026-04-17,STK0041,71.8016,73.5874,70.2939,72.0739,1384065,99755029.78
2026-04-20,STK0041,71.8288,71.987,68.7767,68.9285,2119160,146070521.22
2026-04-21,STK0041,68.4489,70.1252,67.4969,69.1632,2803829,193921902.85
2026-04-22,STK0041,69.3416,71.722,67.7108,70.074,3611286,253057245.46
2026-04-23,STK0041,70.0947,71.3444,67.1996,68.4194,3015580,206324313.39
2026-04-24,STK0041,68.2704,68.5862,66.8409,67.1516,2113331,141913490.12
2025-07-21,STK0042,15.1061,15.7082,14.9935,15.592,5681138,88580021.86
2025-07-22,STK0042,15.5964,15.6411,15.1336,15.1771,3477787,52782881.83
2025-07-23,STK0042,15.1806,15.3816,15.0732,15.2736,5324675,81326690.95
2025-07-24,STK0042,15.3069,15.9093,15.2554,15.856,5910183,93711686.59
2025-07-25,STK0042,15.8456,16.0695,15.4471,15.6684,6460590,101227369.23
2025-07-28,STK0042,15.9163,15.9864,15.3723,15.4403,2510746,38766682.24
2025-07-29,STK0042,15.4086,15.9652,15.2306,15.7829,3678726,58061073.07
2025-07-30,STK0042,15.6676,16.0797,15.3589,15.769,4788622,75512003.56
2025-07-31,STK0042,15.6362,16.1378,15.3272,15.825,2577630,40791081.79
2025-08-01,STK0042,15.8877,16.4048,15.6505,16.1635,2471323,39945285.41
2025-08-04,STK0042,16.0099,16.0533,15.4994,15.5415,3783184,58796350.04
2025-08-05,STK0042,15.4291,15.9592,15.2078,15.7336,3262616,51332537.27
2025-08-06,STK0042,15.6063,15.7282,15.4063,15.5276,3561482,55301340.65
2025-08-07,STK0042,15.5703,15.8351,15.3356,15.6,3172832,49496028.06
2025-08-08,STK0042,15.725,16.085,15.3282,15.6874,8069547,126589861.82
2025-08-11,STK0042,15.5988,15.8448,15.1598,15.4028,3215689,49530649.08
2025-08-12,STK0042,15.4419,15.8767,15.0769,15.5102,4701438,72920060.54
2025-08-13,STK0042,15.2667,15.6166,15.1629,15.5111,4575333,70968539.89
2025-08-14,STK0042,15.442,15.7985,15.3158,15.6705,2130291,33382656.18
2025-08-15,STK0042,15.7272,15.8125,15.6132,15.6983,6335248,99452805.44
2025-08-18,STK0042,15.6689,15.7285,15.5866,15.6461,4860192,76043057.36
2025-08-19,STK0042,15.7397,15.775,15.5083,15.5431,4020823,62496031.32
2025-08-20,STK0042,15.3362,16.0739,14.9782,15.7072,5452307,85640523.93
2025-08-21,STK0042,15.6381,15.8318,15.2365,15.4277,3625193,55928266.57
2025-08-22,STK0042,15.4696,16.1085,15.1046,15.7372,5080003,79945139.05
2025-08-25,STK0042,15.7788,16.124,15.3304,15.6732,1950434,30569477.27
2025-08-26,STK0042,15.7219,16.0223,15.324,15.6226,4916473,76807979.05
2025-08-27,STK0042,15.642,16.1432,15.2805,15.7785,3997567,63075726.86
2025-08-28,STK0042,15.6706,15.9232,15.5441,15.7957,3977601,62829082.62
2025-08-29,STK0042,15.7221,16.5578,15.3809,16.2062,2778595,45030390.04
2025-09-01,STK0042,16.433,17.0266,16.1431,16.7315,3488554,58368589.16
2025-09-02,STK0042,16.6055,16.9759,16.3433,16.712,3440312,57494549.94
2025-09-03,STK0042,16.5707,17.2105,16.3017,16.9356,2553229,43240522.31
2025-09-04,STK0042,17.0048,17.3933,16.5227,16.9089,4302929,72757808.34
2025-09-05,STK0042,16.8018,17.1944,16.2495,16.6383,6616615,110089060.54
2025-09-08,STK0042,16.8182,17.1529,16.7161,17.0494,2310372,39390397.69
2025-09-09,STK0042,17.3314,17.3983,16.401,16.4645,4386020,72213753.84
2025-09-10,STK0042,16.4407,16.5767,15.235,15.362,3183019,48897601.23
2025-09-11,STK0042,15.3906,15.784,15.073,15.4649,3017140,46659634.31
2025-09-12,STK0042,15.2965,15.7316,15.2317,15.6653,3814958,59762383.21
2025-09-15,STK0042,15.7625,16.1331,15.4911,15.86,3757568,59594917.65
2025-09-16,STK0042,15.6484,16.5112,15.4734,16.3286,3956313,64601005.29
2025-09-17,STK0042,16.1979,16.6177,15.8256,16.2443,2489770,40444597.99
2025-09-18,STK0042,16.2559,16.595,15.8265,16.1637,5449697,88087229.44
2025-09-19,STK0042,16.2169,16.6379,15.9951,16.4134,3750113,61551983.92
2025-09-22,STK0042,16.2679,16.4428,16.0574,16.232,4466455,72499354.82
2025-09-23,STK0042,16.1792,16.6129,15.8363,16.2681,5495316,89398144.52
2025-09-24,STK0042,16.1067,16.4959,15.984,16.3712,1892584,30983782.51
2025-09-25,STK0042,16.34,16.7936,16.1032,16.5536,4575225,75736642.63
2025-09-26,STK0042,16.4743,16.8603,16.0793,16.4651,3524829,58036591.52
2025-09-29,STK0042,16.4024,16.663,16.0973,16.3571,5427142,88772379.04
2025-09-30,STK0042,16.4212,16.8053,15.7303,16.107,2919547,47025229.55
2025-10-01,STK0042,16.1343,16.3306,15.5231,15.7143,5314072,83506735.96
2025-10-02,STK0042,15.7673,16.4685,15.5075,16.2016,2720481,44076198.21
2025-10-03,STK0042,16.1891,16.5716,15.6914,16.0712,4669341,75041828.7
2025-10-06,STK0042,16.1405,16.4464,15.7487,16.0531,4505236,72322800.5
2025-10-07,STK0042,16.0497,16.4161,15.2425,15.5986,3835774,59832660.71
2025-10-08,STK0042,15.5527,16.866,15.2239,16.5169,2786063,46017122.52
2025-10-09,STK0042,16.5735,16.6363,16.1011,16.1623,3539167,57201188.79
2025-10-10,STK0042,16.1213,16.2494,15.812,15.9387,5567313,88735474.39
2025-10-13,STK0042,15.9072,16.2103,15.4289,15.7286,6803049,107002139.38
2025-10-14,STK0042,15.8297,16.1854,15.0952,15.4422,7849016,121205683.42
2025-10-15,STK0042,15.5327,15.8829,15.215,15.5646,4765034,74165640.45
2025-10-16,STK0042,15.5368,15.6798,15.0739,15.2139,4402107,66973160.92
2025-10-17,STK0042,15.2938,15.8658,15.0447,15.6116,4775196,74548241.71
2025-10-20,STK0042,15.4923,16.2474,15.2256,15.9724,7965197,127223689.12
2025-10-21,STK0042,15.9446,16.1368,15.7082,15.8999,4858268,77246161.98
2025-10-22,STK0042,15.8284,16.074,15.1444,15.3831,4083525,62817393.79
2025-10-23,STK0042,15.383,15.7626,14.8808,15.2573,3561223,54334734.23
2025-10-24,STK0042,15.3247,15.5474,15.0336,15.2552,3689287,56280920.38
2025-10-27,STK0042,15.3062,15.4052,14.6942,14.7899,4509115,66689205.89
2025-10-28,STK0042,14.8272,15.0287,14.2,14.3957,2995953,43128926.42
2025-10-29,STK0042,14.4076,14.662,14.3206,14.5739,3081673,44912004.14
2025-10-30,STK0042,14.56,14.9314,14.3004,14.6698,3795264,55675809.52
2025-10-31,STK0042,14.7759,15.112,14.385,14.7197,3292286,48461570.31
2025-11-03,STK0042,14.5838,15.1995,14.3279,14.9374,4692375,70091835.91
2025-11-04,STK0042,14.8778,15.2078,14.5195,14.849,4880404,72468995.63
2025-11-05,STK0042,14.8857,15.1646,14.574,14.8523,4255091,63197889.59
2025-11-06,STK0042,14.9891,15.2269,14.8083,15.0454,4593245,69107206.92
2025-11-07,STK0042,15.0142,15.4527,14.7983,15.2337,4010887,61100532.9
2025-11-10,STK0042,15.2098,15.6442,14.9931,15.4244,1026605,15834748.44
2025-11-11,STK0042,15.3055,15.9347,15.1367,15.7609,2872193,45268380.53
2025-11-12,STK0042,15.7098,15.7933,15.6448,15.7282,5014499,78869243.38
2025-11-13,STK0042,15.7952,16.0818,15.033,15.3107,2924099,44770079.95
2025-11-14,STK0042,15.4565,15.5275,15.4088,15.4798,5242868,81158498.95
2025-11-17,STK0042,15.4526,15.5723,15.3491,15.4687,5303371,82036375.38
2025-11-18,STK0042,15.3947,15.5862,15.0168,15.206,3503535,53274624.24
2025-11-19,STK0042,15.2123,15.7863,14.8365,15.4057,3082030,47480812.95
2025-11-20,STK0042,15.2572,15.7066,15.119,15.5656,3741419,58237346.85
2025-11-21,STK0042,15.6814,15.9994,14.9537,15.2632,3666942,55969289.25
2025-11-24,STK0042,15.1509,15.7069,14.9744,15.526,4707019,73081257.0
2025-11-25,STK0042,15.5553,16.1633,15.4449,16.0494,1614655,25914224.12
2025-11-26,STK0042,16.0782,16.1375,16.0362,16.0955,2817117,45342778.09
2025-11-27,STK0042,16.1562,16.2214,15.9496,16.0142,2566100,41094155.09
2025-11-28,STK0042,16.0388,16.2246,15.1739,15.3518,1539418,23632806.45
2025-12-01,STK0042,15.352,15.9403,15.18,15.7637,3211135,50619329.29
2025-12-02,STK0042,15.8043,16.0636,15.2157,15.4695,2250342,34811621.27
2025-12-03,STK0042,15.5471,15.6005,14.9234,14.9748,3420921,51227672.8
2025-12-04,STK0042,15.1371,15.2662,14.9223,15.0507,3325357,50048927.46
2025-12-05,STK0042,14.9515,15.2659,14.9135,15.2273,4679819,71260891.65
2025-12-08,STK0042,15.0602,15.8714,14.728,15.5289,3600374,55910013.89
2025-12-09,STK0042,15.3855,15.6633,15.214,15.4907,2188868,33907128.06
2025-12-10,STK0042,15.3231,15.6633,15.0865,15.4251,4527608,69838974.1
2025-12-11,STK0042,15.3145,15.7953,15.0336,15.5108,9258355,143604122.69
2025-12-12,STK0042,15.3878,15.8086,15.2622,15.6806,5560893,87197940.98
2025-12-15,STK0042,15.6414,15.9079,15.5616,15.8272,4852279,76797756.34
2025-12-16,STK0042,15.9086,16.1527,15.5541,15.7965,3561147,56253649.19
2025-12-17,STK0042,15.856,16.3861,15.4948,16.0212,3276705,52496715.51
2025-12-18,STK0042,15.9615,16.3211,15.3772,15.7317,3172378,49906743.82
2025-12-19,STK0042,15.6812,15.8237,15.5122,15.6545,4154660,65039061.13
2025-12-22,STK0042,15.8445,15.9732,15.6411,15.7692,2521509,39762163.91
2025-12-23,STK0042,15.8256,15.9859,15.6246,15.7846,4015273,63379315.77
2025-12-24,STK0042,15.8009,15.9217,15.5282,15.6478,3067048,47992538.11
2025-12-25,STK0042,15.6592,16.0379,15.1474,15.5228,2073262,32182773.16
2025-12-26,STK0042,15.4959,15.5392,15.3315,15.3745,2921066,44909825.88
2025-12-29,STK0042,15.5604,16.1908,15.4608,16.0878,5733138,92233824.45
2025-12-30,STK0042,16.0695,16.5603,16.0269,16.5165,4000402,66072813.3
2025-12-31,STK0042,16.5313,17.2143,16.1736,16.8497,1111497,18728348.31
2026-01-01,STK0042,16.6838,17.1056,16.4695,16.8887,3116158,52627782.53
2026-01-02,STK0042,16.8243,16.9462,16.4533,16.5734,5380256,89169204.91
2026-01-05,STK0042,16.5187,16.702,16.2076,16.3894,3460160,56710100.37
2026-01-06,STK0042,16.4373,16.52,16.3644,16.4469,4582903,75374699.2
2026-01-07,STK0042,16.3706,16.4439,15.9798,16.0517,3316074,53228497.95
2026-01-08,STK0042,16.0563,16.7438,15.6745,16.3549,4062010,66433615.4
2026-01-09,STK0042,16.2955,17.0832,16.002,16.781,3843727,64501472.97
2026-01-12,STK0042,16.6705,16.9487,15.8936,16.1634,3055335,49384555.74
2026-01-13,STK0042,16.0531,16.2837,15.8464,16.0768,4628763,74415633.49
2026-01-14,STK0042,16.0601,16.5122,15.847,16.296,6387881,104097145.35
2026-01-15,STK0042,16.3061,16.6544,15.984,16.3318,4199309,68582118.54
2026-01-16,STK0042,16.3128,16.3651,15.9215,15.9727,3818113,60985481.81
2026-01-19,STK0042,15.8931,16.4217,15.6173,16.1416,2745175,44311611.96
2026-01-20,STK0042,16.1283,16.3648,15.5803,15.8121,5205427,82308831.13
2026-01-21,STK0042,15.7815,15.9637,15.6386,15.8205,3208052,50752965.92
2026-01-22,STK0042,15.7219,15.8313,15.3687,15.4764,4584414,70950315.03
2026-01-23,STK0042,15.4841,15.822,14.9834,15.3176,4920298,75367306.22
2026-01-26,STK0042,15.4849,15.8505,15.1222,15.4876,5308568,82217220.04
2026-01-27,STK0042,15.4738,15.5388,15.3277,15.3924,5221516,80371806.52
2026-01-28,STK0042,15.2581,15.7627,15.168,15.6701,5115149,80155148.45
2026-01-29,STK0042,15.8088,16.164,15.5347,15.8885,2402577,38173275.16
2026-01-30,STK0042,16.0088,16.8789,15.6918,16.5512,2734784,45263831.23
2026-02-02,STK0042,16.694,16.9161,16.2468,16.4658,2257772,37176075.29
2026-02-03,STK0042,16.4617,17.2055,16.0778,16.8134,2203455,37047653.27
2026-02-04,STK0042,16.7346,17.1301,16.3651,16.76,6305977,105688162.7
2026-02-05,STK0042,16.6704,16.9518,16.5887,16.869,2606463,43968548.63
2026-02-06,STK0042,16.985,17.0746,16.7673,16.8563,2486060,41905663.86
2026-02-09,STK0042,17.0195,17.0871,16.6011,16.6673,3494399,58242343.38
2026-02-10,STK0042,16.5756,16.9424,16.074,16.4378,2768232,45503657.59
2026-02-11,STK0042,16.1911,16.7454,15.9511,16.5008,7958844,131327426.55
2026-02-12,STK0042,16.4991,16.8893,15.8922,16.2771,3320744,54052247.07
2026-02-13,STK0042,16.1891,16.493,15.8198,16.1225,4152389,66946900.92
2026-02-16,STK0042,16.0542,16.3566,15.5383,15.8366,2691695,42627200.53
2026-02-17,STK0042,15.8139,15.9593,15.7368,15.8819,2005887,31857236.65
2026-02-18,STK0042,15.921,15.9929,15.7857,15.8574,2757694,43729869.76
2026-02-19,STK0042,15.7833,16.5466,15.4138,16.1681,2770197,44788714.13
2026-02-20,STK0042,16.1813,16.3932,15.8564,16.0668,2746485,44127298.66
2026-02-23,STK0042,16.0547,16.4538,15.6443,16.0431,2010270,32250954.43
2026-02-24,STK0042,15.8227,15.9719,15.4939,15.6414,3756253,58752961.93
2026-02-25,STK0042,15.6926,16.0913,15.4369,15.8333,3116052,49337505.75
2026-02-26,STK0042,15.7906,16.425,15.5509,16.1795,2042185,33041547.5
2026-02-27,STK0042,16.0573,16.1145,15.9635,16.0206,3649766,58471413.75
2026-03-02,STK0042,15.951,16.1732,15.6959,15.9177,4656763,74125125.41
2026-03-03,STK0042,15.9371,16.3078,15.4656,15.8339,5413606,85718711.02
2026-03-04,STK0042,15.8383,16.3592,15.6413,16.1582,1548275,25017286.41
2026-03-05,STK0042,16.2208,16.565,16.012,16.3545,2794375,45700604.58
2026-03-06,STK0042,16.3974,17.3444,16.1003,17.0358,2237691,38120771.67
2026-03-09,STK0042,16.9164,17.4193,16.5788,17.0785,2880968,49202528.9
2026-03-10,STK0042,16.7784,17.7387,16.4253,17.3731,5943269,103252946.16
2026-03-11,STK0042,17.3857,17.6012,17.1345,17.3495,2857266,49572254.88
2026-03-12,STK0042,17.4153,17.628,17.0872,17.2984,3069245,53093141.35
2026-03-13,STK0042,17.2774,17.5001,17.0355,17.2579,2720392,46948275.61
2026-03-16,STK0042,17.3264,17.7473,16.6505,17.065,6476225,110516652.58
2026-03-17,STK0042,16.9627,17.5635,16.5663,17.1624,1675429,28754389.24
2026-03-18,STK0042,17.1268,17.5837,16.8472,17.3012,3037786,52557472.52
2026-03-19,STK0042,17.2059,17.3529,17.0222,17.1689,2748271,47184691.95
2026-03-20,STK0042,17.2408,17.6324,16.5414,16.9258,2026491,34300038.16
2026-03-23,STK0042,16.8336,17.0887,16.7338,16.988,5459570,92747106.46
2026-03-24,STK0042,17.1992,17.2759,16.8179,16.8932,1943333,32829078.82
2026-03-25,STK0042,16.8424,17.3596,16.6481,17.1616,3109569,53365263.99
2026-03-26,STK0042,17.244,17.5503,16.7197,17.022,3569831,60765720.9
2026-03-27,STK0042,16.9721,17.0266,16.6553,16.7089,2780692,46462411.08
2026-03-30,STK0042,16.8436,17.1688,16.6887,17.0124,2014279,34267623.06
2026-03-31,STK0042,17.1455,17.5442,16.802,17.1996,3404845,58561872.72
2026-04-01,STK0042,17.1662,17.4608,16.5971,16.8869,2788525,47089495.74
2026-04-02,STK0042,16.9147,17.2864,16.848,17.2185,4658783,80217360.79
2026-04-03,STK0042,17.3506,17.5892,17.2354,17.4732,4189333,73200928.25
2026-04-06,STK0042,17.5051,18.6545,17.1781,18.3124,6955927,127379747.67
2026-04-07,STK0042,18.2115,18.3475,18.1262,18.262,3699798,67565806.02
2026-04-08,STK0042,18.2697,18.3103,18.0438,18.084,4368605,79001928.07
2026-04-09,STK0042,18.003,18.4501,17.2721,17.7119,3123500,55323251.75
2026-04-10,STK0042,17.728,18.3811,17.4422,18.0895,6502577,117628355.75
2026-04-13,STK0042,18.0042,18.5373,17.7906,18.3199,3636230,66615295.75
2026-04-14,STK0042,18.3609,18.9197,18.072,18.6266,3568529,66469711.6
2026-04-15,STK0042,18.4278,18.7535,18.1069,18.4325,4383675,80802148.24
2026-04-16,STK0042,18.3088,19.0437,18.0636,18.792,2886197,54237371.91
2026-04-17,STK0042,18.7028,19.0232,18.2453,18.5634,2938521,54548906.68
2026-04-20,STK0042,18.5456,18.8849,17.5167,17.8432,4142131,73908759.56
2026-04-21,STK0042,17.682,18.2447,17.5737,18.1336,4384081,79499058.08
2026-04-22,STK0042,18.0377,18.2496,17.3178,17.5236,4236114,74232157.4
2026-04-23,STK0042,17.6056,17.7642,17.3178,17.4751,3318112,57984446.14
2026-04-24,STK0042,17.5695,17.9268,17.0574,17.4115,3735102,65033681.61
2025-07-21,STK0043,45.1185,46.2022,43.8111,44.8893,847711,38053188.89
2025-07-22,STK0043,45.0348,45.9106,43.6134,44.4783,870539,38720128.2
2025-07-23,STK0043,44.7119,45.4527,44.3479,45.0856,796115,35893332.02
2025-07-24,STK0043,44.9187,46.212,43.9208,45.2077,675852,30553708.35
2025-07-25,STK0043,45.3732,46.3736,43.9871,44.9788,983346,44229704.88
2025-07-28,STK0043,45.3036,46.1961,44.4409,45.3328,398776,18077629.91
2025-07-29,STK0043,45.2345,47.0214,44.5279,46.2982,569186,26352285.54
2025-07-30,STK0043,45.9002,47.06,45.1911,46.344,1261689,58471743.83
2025-07-31,STK0043,45.9801,47.0968,44.2989,45.4014,572756,26003947.09
2025-08-01,STK0043,45.2175,45.7917,43.58,44.1405,688310,30382338.61
2025-08-04,STK0043,44.0225,44.9293,42.5992,43.4951,1127072,49022078.43
2025-08-05,STK0043,43.4856,43.6851,42.6922,42.8889,675588,28975249.1
2025-08-06,STK0043,42.8849,43.7654,42.1078,42.9865,525925,22607667.73
2025-08-07,STK0043,42.9163,45.9248,41.8537,44.8151,1064858,47721758.49
2025-08-08,STK0043,44.9982,45.2316,44.8978,45.1309,643440,29039056.63
2025-08-11,STK0043,44.9254,45.2817,44.4469,44.8022,657510,29457909.81
2025-08-12,STK0043,45.1435,46.617,44.2382,45.7005,348895,15944677.39
2025-08-13,STK0043,45.959,46.8266,43.8889,44.7334,656167,29352586.74
2025-08-14,STK0043,44.9667,46.7206,44.1174,45.8546,879573,40332433.92
2025-08-15,STK0043,45.6735,47.7936,44.5501,46.6463,614028,28642106.96
2025-08-18,STK0043,46.6137,46.835,46.4177,46.6389,461720,21534095.81
2025-08-19,STK0043,46.8416,49.0534,46.0206,48.2084,607615,29292162.26
2025-08-20,STK0043,48.1506,50.4282,47.3442,49.5975,577657,28650362.3
2025-08-21,STK0043,49.3899,49.9216,49.0574,49.5877,656063,32532679.99
2025-08-22,STK0043,49.3683,49.7088,48.9776,49.3178,580314,28619799.83
2025-08-25,STK0043,49.1139,49.9466,47.993,48.8207,1245991,60830154.45
2025-08-26,STK0043,48.4818,49.7176,47.655,48.8839,780291,38143697.62
2025-08-27,STK0043,49.7331,50.519,48.1444,48.9173,392039,19177498.91
2025-08-28,STK0043,48.3477,49.3907,47.7373,48.775,751313,36645254.53
2025-08-29,STK0043,48.4888,49.5991,47.6254,48.7314,743794,36246148.49
2025-09-01,STK0043,48.906,49.3659,47.9416,48.3967,1175000,56866116.83
2025-09-02,STK0043,48.1992,48.557,47.4193,47.774,747903,35730286.66
2025-09-03,STK0043,47.6732,48.4215,45.5344,46.2604,740711,34265621.09
2025-09-04,STK0043,46.3703,47.1213,45.6009,46.3517,1524608,70668142.4
2025-09-05,STK0043,46.6397,47.6043,45.6505,46.6146,532884,24840188.05
2025-09-08,STK0043,46.5382,47.4136,45.9998,46.8713,1026115,48095354.69
2025-09-09,STK0043,47.1313,48.5214,46.2087,47.5898,800471,38094272.24
2025-09-10,STK0043,47.1076,48.1961,45.5144,46.591,654118,30475984.41
2025-09-11,STK0043,46.4219,46.9692,45.2042,45.7435,607057,27768901.67
2025-09-12,STK0043,45.8795,46.5438,44.0909,44.7387,1254671,56132311.0
2025-09-15,STK0043,45.2715,46.8527,44.2331,45.8022,923484,42297604.27
2025-09-16,STK0043,45.5377,46.8907,45.1321,46.4768,993760,46186783.64
2025-09-17,STK0043,46.1596,48.272,45.3,47.3896,1111715,52683723.13
2025-09-18,STK0043,47.4868,49.5836,46.7614,48.8375,936764,45749250.34
2025-09-19,STK0043,48.8531,49.416,47.9471,48.506,583395,28298150.6
2025-09-22,STK0043,48.2973,49.3539,46.9126,47.9618,482953,23163309.39
2025-09-23,STK0043,47.613,47.8798,46.4519,46.7137,1424050,66522601.72
2025-09-24,STK0043,46.5699,46.7009,45.7416,45.8706,887816,40724688.99
2025-09-25,STK0043,46.0143,46.3256,45.5055,45.8154,836483,38323789.47
2025-09-26,STK0043,45.7239,46.7369,43.1902,44.1687,1571120,69394302.16
2025-09-29,STK0043,44.4801,44.9206,42.9772,43.407,575966,25000964.26
2025-09-30,STK0043,43.3716,44.3018,42.6026,43.53,348015,15149082.67
2025-10-01,STK0043,43.6874,44.122,43.368,43.8018,437666,19170554.0
2025-10-02,STK0043,43.875,44.4582,42.5744,43.1478,693650,29929479.71
2025-10-03,STK0043,43.0434,43.7156,42.4397,43.1109,864931,37287989.95
2025-10-06,STK0043,43.327,44.7297,42.9958,44.3904,1376954,61123472.47
2025-10-07,STK0043,44.0673,44.5481,42.4238,42.8918,1124843,48246513.27
2025-10-08,STK0043,42.7495,44.5404,42.4067,44.186,348498,15398732.85
2025-10-09,STK0043,44.0764,44.4216,43.8862,44.2307,2309085,102132434.31
2025-10-10,STK0043,44.3321,46.0939,43.8033,45.5506,745229,33945626.37
2025-10-13,STK0043,45.7233,46.5111,45.0392,45.8254,1350699,61896336.93
2025-10-14,STK0043,45.6018,45.7875,44.9964,45.1804,1082450,48905472.65
2025-10-15,STK0043,44.9219,45.6961,44.4623,45.2333,902432,40819993.98
2025-10-16,STK0043,45.2546,45.8268,43.6776,44.2368,816764,36131057.98
2025-10-17,STK0043,43.8306,45.0686,42.8028,44.036,608496,26795726.32
2025-10-20,STK0043,44.3031,45.0136,43.5882,44.2986,572812,25374781.62
2025-10-21,STK0043,44.2392,45.4895,43.1919,44.4376,848837,37720256.39
2025-10-22,STK0043,44.1268,45.5656,43.5064,44.9338,554069,24896446.7
2025-10-23,STK0043,44.6143,47.4564,43.7009,46.5042,1602749,74534532.57
2025-10-24,STK0043,46.5916,46.788,45.8885,46.0827,919338,42365605.55
2025-10-27,STK0043,46.1619,47.3369,45.4703,46.6382,1807033,84276691.56
2025-10-28,STK0043,46.4236,46.9761,45.9539,46.5056,726836,33801922.02
2025-10-29,STK0043,46.4738,47.3454,44.2962,45.1428,691576,31219704.18
2025-10-30,STK0043,44.838,46.1767,43.8433,45.1745,1008382,45553190.43
2025-10-31,STK0043,45.1045,46.1472,44.2754,45.3142,757061,34305620.73
2025-11-03,STK0043,45.7172,45.9014,44.6674,44.8481,1174225,52661780.11
2025-11-04,STK0043,45.4251,46.1648,43.1752,43.89,1375565,60373494.0
2025-11-05,STK0043,43.8342,44.6721,42.2736,43.0973,1240592,53466220.03
2025-11-06,STK0043,43.2092,43.3252,42.7457,42.8608,1355990,58118863.46
2025-11-07,STK0043,42.9618,43.2155,41.8633,42.1119,1126842,47453425.29
2025-11-10,STK0043,41.6793,43.9523,40.9438,43.1901,678225,29292628.12
2025-11-11,STK0043,42.8932,43.2896,40.7619,41.1422,1184381,48727986.91
2025-11-12,STK0043,40.5745,41.2657,40.4353,41.1246,1010953,41575023.32
2025-11-13,STK0043,41.2355,42.3415,40.3095,41.4115,642025,26587226.97
2025-11-14,STK0043,41.8977,42.8991,39.4074,40.3723,680798,27485412.67
2025-11-17,STK0043,40.6314,41.0616,39.9115,40.3387,780780,31495629.23
2025-11-18,STK0043,40.3494,41.3516,38.9723,39.9649,1194094,47721814.29
2025-11-19,STK0043,39.9417,40.8085,39.0478,39.914,853072,34049521.47
2025-11-20,STK0043,39.8297,41.1257,39.2408,40.5266,815682,33056796.54
2025-11-21,STK0043,40.7851,41.8608,40.0025,41.0727,779855,32030769.8
2025-11-24,STK0043,41.1259,42.0937,39.8563,40.8169,716378,29240316.71
2025-11-25,STK0043,40.8322,41.5969,38.9577,39.7012,526189,20890337.37
2025-11-26,STK0043,39.4393,40.0941,39.0543,39.7065,1036239,41145378.96
2025-11-27,STK0043,39.8499,40.1065,38.9674,39.22,555880,21801616.94
2025-11-28,STK0043,39.1847,39.6522,37.9499,38.4081,804040,30881637.97
2025-12-01,STK0043,38.4997,38.742,37.9469,38.1872,687213,26242765.95
2025-12-02,STK0043,38.4168,38.5127,37.4583,37.552,1021019,38341276.8
2025-12-03,STK0043,37.1854,37.9747,36.7211,37.5064,686700,25755650.47
2025-12-04,STK0043,37.4399,39.7265,37.0815,39.3498,546233,21494168.98
2025-12-05,STK0043,39.2459,39.7618,39.0814,39.5959,1087327,43053644.33
2025-12-08,STK0043,39.4704,41.3555,38.6004,40.4635,571722,23133867.14
2025-12-09,STK0043,40.1932,41.3994,39.9992,41.2005,774922,31927156.4
2025-12-10,STK0043,41.021,41.8386,40.3442,41.1595,1161007,47786432.85
2025-12-11,STK0043,40.8891,42.3914,40.2719,41.761,574721,24000948.87
2025-12-12,STK0043,41.9683,42.9972,40.8305,41.8567,705582,29533350.34
2025-12-15,STK0043,41.9516,42.7868,41.6228,42.4541,646665,27453562.17
2025-12-16,STK0043,42.5326,42.8481,41.9145,42.2277,778145,32859293.43
2025-12-17,STK0043,41.7423,42.4279,40.4756,41.1515,719970,29627844.88
2025-12-18,STK0043,41.6355,42.2534,39.7107,40.3089,1003135,40435269.67
2025-12-19,STK0043,40.2102,41.0414,39.3421,40.1725,594696,23890450.58
2025-12-22,STK0043,40.5953,40.838,39.2479,39.484,1179415,46568023.61
2025-12-23,STK0043,39.6619,40.3978,39.3083,40.0408,1350798,54087059.74
2025-12-24,STK0043,39.9852,40.9401,39.9006,40.8537,859606,35118053.98
2025-12-25,STK0043,41.3576,42.1267,39.5463,40.2956,590620,23799406.02
2025-12-26,STK0043,40.433,41.5963,40.0495,41.2055,787152,32434978.82
2025-12-29,STK0043,41.1491,41.5574,40.8433,41.2509,762169,31440140.79
2025-12-30,STK0043,41.1542,41.9946,40.4993,41.3368,1446735,59803375.78
2025-12-31,STK0043,41.5935,41.9175,41.0761,41.3986,745630,30868030.1
2026-01-01,STK0043,41.2655,41.4019,41.0951,41.2314,1260429,51969191.48
2026-01-02,STK0043,41.1378,41.4436,40.1608,40.4616,799962,32367735.58
2026-01-05,STK0043,40.3169,41.1855,38.1707,39.0111,783523,30566125.84
2026-01-06,STK0043,38.8347,39.4441,37.943,38.5479,686612,26467484.02
2026-01-07,STK0043,38.3877,40.6376,37.8949,40.1226,713787,28638989.81
2026-01-08,STK0043,40.5516,41.091,38.8974,39.4218,1078358,42510852.13
2026-01-09,STK0043,39.6609,40.6496,37.8488,38.8165,609953,23676240.99
2026-01-12,STK0043,38.8713,38.9772,38.2473,38.3518,1090174,41810145.32
2026-01-13,STK0043,38.226,38.4442,37.9925,38.2106,1261981,48221070.35
2026-01-14,STK0043,38.0844,38.9234,37.2501,38.089,618732,23566898.7
2026-01-15,STK0043,38.0053,38.5489,36.9735,37.5099,1152333,43223913.59
2026-01-16,STK0043,37.9147,38.8583,36.2187,37.1431,1087743,40402096.8
2026-01-19,STK0043,37.2079,37.8676,35.8371,36.484,990433,36134968.81
2026-01-20,STK0043,36.648,37.3311,35.17,35.838,571646,20486663.46
2026-01-21,STK0043,35.881,36.5068,35.3308,35.9555,690212,24816896.42
2026-01-22,STK0043,35.7649,35.9016,35.6791,35.8157,673164,24109811.63
2026-01-23,STK0043,35.8377,37.5892,35.0176,36.7482,1455560,53489217.68
2026-01-26,STK0043,36.5118,37.024,35.9667,36.4785,689126,25138271.86
2026-01-27,STK0043,36.741,36.8222,36.3393,36.4197,639944,23306568.57
2026-01-28,STK0043,36.2565,36.504,34.7798,35.0189,457160,16009244.49
2026-01-29,STK0043,34.899,36.0103,34.5479,35.6516,486428,17341957.48
2026-01-30,STK0043,35.826,36.1335,34.7938,35.095,542388,19035087.84
2026-02-02,STK0043,34.9482,35.6401,34.856,35.5463,769216,27342771.21
2026-02-03,STK0043,35.4996,35.7994,35.1012,35.4002,406350,14384857.55
2026-02-04,STK0043,34.8443,36.198,34.0563,35.3975,538845,19073753.98
2026-02-05,STK0043,35.329,35.8782,34.5155,35.0604,353460,12392451.87
2026-02-06,STK0043,35.1856,35.5206,34.5535,34.8856,1113508,38845399.65
2026-02-09,STK0043,34.7547,35.3561,34.6148,35.2143,702321,24731760.75
2026-02-10,STK0043,35.3327,36.0139,33.8227,34.4876,759470,26192317.1
2026-02-11,STK0043,34.4843,35.4815,33.8456,34.8363,448159,15612201.0
2026-02-12,STK0043,35.0644,35.5215,34.9924,35.4487,1002617,35541481.35
2026-02-13,STK0043,35.2927,36.2814,34.4158,35.4017,1122326,39732246.34
2026-02-16,STK0043,35.3504,36.6791,35.0637,36.3841,666324,24243577.92
2026-02-17,STK0043,36.0646,36.7603,35.7749,36.4673,541706,19754541.3
2026-02-18,STK0043,36.4471,36.7724,34.6738,34.986,774136,27083896.58
2026-02-19,STK0043,34.8976,36.3542,34.0559,35.498,823847,29244932.21
2026-02-20,STK0043,35.7031,36.4652,34.3198,35.0684,865702,30358774.54
2026-02-23,STK0043,34.9372,36.6061,34.3552,36.0063,791077,28483748.67
2026-02-24,STK0043,35.9149,36.716,35.4348,36.2316,890247,32255080.76
2026-02-25,STK0043,36.0851,36.4287,34.4503,34.7815,494632,17204047.25
2026-02-26,STK0043,34.7872,35.3847,34.4495,35.0445,859878,30133992.6
2026-02-27,STK0043,35.4651,35.8017,34.2979,34.6265,531338,18398383.36
2026-03-02,STK0043,33.9074,34.8634,33.1669,34.1183,261307,8915340.88
2026-03-03,STK0043,34.1085,34.7112,33.0994,33.6948,534653,18015048.29
2026-03-04,STK0043,33.9331,35.0691,33.5477,34.6753,513711,17813076.36
2026-03-05,STK0043,34.5684,35.4275,33.0737,33.9166,675217,22901032.32
2026-03-06,STK0043,34.024,35.0134,33.817,34.8018,847470,29493459.37
2026-03-09,STK0043,35.0485,35.1804,33.5303,33.657,686958,23120919.45
2026-03-10,STK0043,33.6012,34.4088,33.2495,34.0524,1304141,44409128.16
2026-03-11,STK0043,33.9193,35.4718,33.0855,34.6207,538476,18642418.16
2026-03-12,STK0043,34.8156,35.1433,34.7267,35.0538,334123,11712294.61
2026-03-13,STK0043,35.1582,35.2975,35.0224,35.1617,743568,26145086.2
2026-03-16,STK0043,35.1485,35.4948,34.5332,34.8769,559013,19496619.96
2026-03-17,STK0043,35.005,35.87,33.7832,34.6392,461209,15975916.32
2026-03-18,STK0043,34.8394,35.1843,33.4476,33.782,610975,20639969.93
2026-03-19,STK0043,33.7713,34.3655,32.51,33.0923,492414,16295127.06
2026-03-20,STK0043,33.153,33.8782,31.5395,32.2448,517626,16690740.61
2026-03-23,STK0043,32.346,32.9096,31.0852,31.6363,1099630,34788276.44
2026-03-24,STK0043,31.5488,33.168,31.4205,33.0337,666870,22029153.83
2026-03-25,STK0043,33.27,33.4502,31.8892,32.0628,569753,18267898.28
2026-03-26,STK0043,31.8651,32.9538,31.6117,32.6938,1081601,35361663.89
2026-03-27,STK0043,32.6681,33.3315,31.3868,32.0374,554746,17772611.83
2026-03-30,STK0043,32.1853,32.8432,31.0858,31.7345,405339,12863237.2
2026-03-31,STK0043,31.534,31.7205,31.0098,31.1943,399552,12463752.43
2026-04-01,STK0043,31.3578,31.694,30.166,30.4929,636333,19403610.68
2026-04-02,STK0043,30.5277,31.4013,30.3685,31.2384,368878,11523155.31
2026-04-03,STK0043,31.4878,32.072,31.0822,31.6641,433377,13722489.14
2026-04-06,STK0043,31.7807,32.194,31.4509,31.8633,578375,18428952.62
2026-04-07,STK0043,31.8322,34.3287,31.0422,33.4974,969740,32483723.49
2026-04-08,STK0043,33.5439,33.9109,32.8479,33.2112,1010799,33569874.69
2026-04-09,STK0043,33.2646,33.3694,32.837,32.9408,805715,26540922.44
2026-04-10,STK0043,33.3432,33.809,32.4449,32.9046,638416,21006825.18
2026-04-13,STK0043,32.9213,33.6741,32.0639,32.8142,507604,16656632.91
2026-04-14,STK0043,32.7871,33.1313,32.1216,32.4624,721457,23420213.23
2026-04-15,STK0043,32.4243,33.5641,31.7491,32.8794,1179253,38773134.21
2026-04-16,STK0043,32.9167,33.9402,32.5353,33.5515,672107,22550194.95
2026-04-17,STK0043,33.3239,34.5979,32.8217,34.0841,531479,18115000.95
2026-04-20,STK0043,34.0059,34.4669,32.9911,33.4444,585347,19576601.96
2026-04-21,STK0043,33.242,34.7008,32.5071,33.9503,557414,18924379.58
2026-04-22,STK0043,33.7712,34.5603,33.2625,34.0474,739280,25170545.44
2026-04-23,STK0043,34.212,34.6823,33.8453,34.3145,466763,16016743.85
2026-04-24,STK0043,34.3199,34.994,33.086,33.7488,712169,24034859.83
2025-07-21,STK0044,72.2147,72.6951,71.2878,71.7652,514420,36917454.28
2025-07-22,STK0044,72.4665,73.7339,68.7978,70.0224,577298,40423804.22
2025-07-23,STK0044,69.9872,70.4099,67.683,68.0943,1484002,101052068.84
2025-07-24,STK0044,67.9,69.6296,67.0018,68.7205,671331,46134171.66
2025-07-25,STK0044,69.2005,70.8077,66.9173,68.5084,373790,25607772.92
2025-07-28,STK0044,67.761,67.9911,66.2003,66.4258,817250,54286519.73
2025-07-29,STK0044,66.4977,68.7884,64.9742,67.2478,954043,64157250.85
2025-07-30,STK0044,67.665,68.0966,66.7529,67.1814,810376,54442221.79
2025-07-31,STK0044,67.4086,68.2912,64.212,65.064,592406,38544286.92
2025-08-01,STK0044,64.2483,65.6863,63.9245,65.3568,466096,30462560.28
2025-08-04,STK0044,64.8311,66.7057,63.643,65.5052,459280,30085232.53
2025-08-05,STK0044,65.4603,67.0934,62.9804,64.5919,590701,38154472.17
2025-08-06,STK0044,64.7762,66.3389,64.1965,65.7505,558046,36691810.2
2025-08-07,STK0044,65.9537,69.0454,64.419,67.4754,524052,35360621.47
2025-08-08,STK0044,67.4729,68.7407,65.0978,66.3443,941200,62443275.89
2025-08-11,STK0044,66.6356,68.2485,64.6389,66.2423,823743,54566634.39
2025-08-12,STK0044,66.4162,67.8464,65.2571,66.6827,931368,62106175.63
2025-08-13,STK0044,66.6313,67.8098,64.9271,66.096,447389,29570638.91
2025-08-14,STK0044,66.3096,67.8815,64.3841,65.9474,423027,27897543.5
2025-08-15,STK0044,65.6917,66.9787,64.4613,65.7472,596114,39192820.4
2025-08-18,STK0044,65.9989,68.2057,64.5805,66.7707,660368,44093261.81
2025-08-19,STK0044,66.4323,67.4738,65.8646,66.9021,574905,38462354.98
2025-08-20,STK0044,67.0981,67.4929,64.871,65.255,633063,41310524.22
2025-08-21,STK0044,65.4365,66.5307,61.6612,62.7098,948946,59508179.04
2025-08-22,STK0044,62.5974,63.0863,59.9711,60.4432,500976,30280571.86
2025-08-25,STK0044,60.6739,61.3951,58.1206,58.8197,710154,41771061.03
2025-08-26,STK0044,59.3667,60.6537,57.0107,58.274,641569,37386787.52
2025-08-27,STK0044,57.9184,58.9287,56.9619,57.9713,573523,33247902.26
2025-08-28,STK0044,58.3042,59.6865,56.7181,58.0955,713420,41446459.47
2025-08-29,STK0044,58.4754,59.0694,57.6696,58.2615,420321,24488522.96
2025-09-01,STK0044,58.1891,59.7151,57.6971,59.2145,393051,23274319.22
2025-09-02,STK0044,59.4997,60.669,59.0883,60.2523,647435,39009448.96
2025-09-03,STK0044,60.1603,61.6317,56.8005,58.2245,312625,18202423.0
2025-09-04,STK0044,58.665,59.362,57.5069,58.1984,677883,39451735.68
2025-09-05,STK0044,57.2498,60.1968,55.9238,58.8341,385814,22699008.63
2025-09-08,STK0044,59.3463,59.9358,57.4571,58.0335,984377,57126861.9
2025-09-09,STK0044,57.6475,59.0468,57.1507,58.5423,493156,28870475.25
2025-09-10,STK0044,58.5739,59.7295,57.3895,58.5445,943499,55236666.24
2025-09-11,STK0044,58.2593,59.204,57.175,58.1174,522973,30393822.93
2025-09-12,STK0044,58.6416,59.4665,55.1465,55.9334,508595,28447427.46
2025-09-15,STK0044,55.8565,57.9462,55.1793,57.252,745508,42681816.1
2025-09-16,STK0044,57.0661,58.472,56.3397,57.7372,609534,35192761.96
2025-09-17,STK0044,58.1265,59.3584,56.626,57.8521,541132,31305599.92
2025-09-18,STK0044,58.1068,58.4276,54.2281,54.5291,487990,26609674.96
2025-09-19,STK0044,54.4201,54.5928,53.8901,54.0617,496539,26843760.52
2025-09-22,STK0044,53.7412,53.856,52.6651,52.7779,1306727,68966274.65
2025-09-23,STK0044,52.4224,55.1273,51.7208,54.3992,318819,17343484.94
2025-09-24,STK0044,54.8169,55.9579,52.3125,53.4245,374362,20000098.35
2025-09-25,STK0044,53.5589,56.1271,52.6253,55.1654,857744,47317813.46
2025-09-26,STK0044,55.2229,57.543,53.8544,56.1516,825793,46369590.1
2025-09-29,STK0044,56.3177,57.4132,55.4149,56.5075,403990,22828445.99
2025-09-30,STK0044,55.8506,58.7615,55.085,57.9668,303755,17607703.37
2025-10-01,STK0044,57.854,58.7437,55.4669,56.3332,896046,50477136.5
2025-10-02,STK0044,56.2326,57.486,54.1874,55.4227,397046,22005370.05
2025-10-03,STK0044,55.75,56.2725,55.6198,56.1413,476481,26750251.23
2025-10-06,STK0044,55.6486,56.357,54.2216,54.9207,593773,32610437.17
2025-10-07,STK0044,55.269,55.9022,52.8966,53.5096,382759,20481284.49
2025-10-08,STK0044,54.0888,55.383,52.5521,53.8403,782128,42110041.66
2025-10-09,STK0044,53.2879,53.6239,52.2973,52.6292,557967,29365365.51
2025-10-10,STK0044,52.6345,54.9916,52.4983,54.8496,410805,22532500.02
2025-10-13,STK0044,55.0142,55.9235,53.9738,54.8809,420656,23085989.11
2025-10-14,STK0044,55.1692,56.0726,53.2845,54.1716,878702,47600712.55
2025-10-15,STK0044,53.4726,53.9723,52.7767,53.2745,522271,27823747.05
2025-10-16,STK0044,53.3826,54.6291,52.6131,53.8529,705036,37968224.72
2025-10-17,STK0044,53.7823,56.2008,52.9366,55.3308,558180,30884548.86
2025-10-20,STK0044,55.2368,56.5422,54.6779,55.9758,303462,16986516.54
2025-10-21,STK0044,56.675,57.3365,54.234,54.8745,745179,40891337.52
2025-10-22,STK0044,54.8036,55.0919,52.9981,53.2784,837786,44635919.09
2025-10-23,STK0044,53.4224,54.4766,52.2303,53.2817,1097112,58456032.34
2025-10-24,STK0044,53.2433,54.0914,52.6602,53.5054,296758,15878156.94
2025-10-27,STK0044,53.5829,54.4856,51.6342,52.5189,188216,9884903.2
2025-10-28,STK0044,52.6934,53.6269,52.0709,53.0008,712956,37787252.78
2025-10-29,STK0044,53.2857,53.5911,52.8125,53.1169,459475,24405905.85
2025-10-30,STK0044,52.8699,54.5279,51.9122,53.5577,350437,18768603.59
2025-10-31,STK0044,53.6068,54.7397,52.985,54.1121,607462,32871042.64
2025-11-03,STK0044,54.1732,54.5125,52.7362,53.0686,490067,26007177.97
2025-11-04,STK0044,52.5464,53.7797,51.1872,52.4175,365360,19151256.67
2025-11-05,STK0044,52.1184,53.2935,50.3503,51.5117,559192,28804913.01
2025-11-06,STK0044,51.7878,53.1062,50.8181,52.1301,691611,36053756.37
2025-11-07,STK0044,51.9859,52.7787,50.274,51.0525,593350,30292021.54
2025-11-10,STK0044,51.8589,52.7083,50.4753,51.3159,590817,30318278.83
2025-11-11,STK0044,51.6132,52.1441,50.3729,50.8963,650665,33116458.09
2025-11-12,STK0044,51.0345,51.7146,50.6238,51.3018,313052,16060120.78
2025-11-13,STK0044,51.7688,52.5773,49.2757,50.0574,557733,27918676.21
2025-11-14,STK0044,50.29,51.2466,49.038,49.9888,640824,32034014.54
2025-11-17,STK0044,50.0441,50.7141,48.5687,49.2278,510984,25154618.75
2025-11-18,STK0044,48.8119,49.9149,47.1121,48.2014,441166,21264809.61
2025-11-19,STK0044,48.3942,48.9233,47.5583,48.084,446716,21479883.81
2025-11-20,STK0044,48.4886,49.8446,47.9718,49.3189,536231,26446334.11
2025-11-21,STK0044,49.1438,49.7231,48.1774,48.752,835205,40717945.13
2025-11-24,STK0044,48.2208,49.0983,46.6053,47.4691,1046120,49658377.56
2025-11-25,STK0044,47.1655,47.2896,46.5102,46.633,949066,44257758.68
2025-11-26,STK0044,47.1277,47.6055,45.6882,46.1561,349514,16132202.42
2025-11-27,STK0044,46.1783,48.617,45.2969,47.7064,429128,20472141.62
2025-11-28,STK0044,48.1261,48.8364,46.7009,47.4005,755540,35812996.14
2025-12-01,STK0044,47.4059,47.8386,45.8053,46.2272,925889,42801246.53
2025-12-02,STK0044,46.0897,46.878,44.847,45.6275,420383,19181019.06
2025-12-03,STK0044,46.2156,47.6241,45.1653,46.5658,625401,29122315.8
2025-12-04,STK0044,46.4621,47.1475,45.8294,46.5141,390108,18145523.03
2025-12-05,STK0044,46.4446,47.3272,45.1175,45.9915,644345,29634361.8
2025-12-08,STK0044,46.1187,46.4214,45.2221,45.5209,466606,21240330.59
2025-12-09,STK0044,45.4417,47.1759,44.8565,46.576,621193,28932706.08
2025-12-10,STK0044,46.794,47.2011,45.6079,46.0081,385502,17736217.96
2025-12-11,STK0044,46.1314,48.1806,44.9857,47.0131,342194,16087601.82
2025-12-12,STK0044,47.1503,47.9016,46.8188,47.5672,1800412,85640493.83
2025-12-15,STK0044,47.3915,49.1604,46.264,48.018,607014,29147615.1
2025-12-16,STK0044,47.5415,48.0835,46.9241,47.4652,1221771,57991587.22
2025-12-17,STK0044,47.2288,47.8646,45.5403,46.1617,982509,45354271.72
2025-12-18,STK0044,45.9561,46.9366,45.3104,46.2863,331914,15363063.45
2025-12-19,STK0044,46.3676,46.7182,44.7674,45.1085,669134,30183636.44
2025-12-22,STK0044,44.8884,45.2249,44.3014,44.636,377649,16856729.42
2025-12-23,STK0044,44.2453,45.0038,43.7741,44.5296,535115,23828478.99
2025-12-24,STK0044,44.2243,45.5601,43.3779,44.7045,311334,13918025.25
2025-12-25,STK0044,44.8086,45.6204,42.909,43.7007,350321,15309284.24
2025-12-26,STK0044,43.8813,44.976,41.5942,42.6583,443794,18931496.39
2025-12-29,STK0044,42.5288,42.7003,41.5847,41.753,497822,20785581.14
2025-12-30,STK0044,41.6529,43.9634,40.8422,43.1241,596873,25739604.96
2025-12-31,STK0044,43.2832,43.8434,43.0026,43.561,412472,17967686.14
2026-01-01,STK0044,43.6043,44.204,42.7714,43.3679,621947,26972533.94
2026-01-02,STK0044,43.6776,44.5913,43.393,44.3025,880532,39009811.13
2026-01-05,STK0044,44.2607,45.3021,42.7249,43.7544,654407,28633207.45
2026-01-06,STK0044,43.5367,46.2762,42.9418,45.6523,583200,26624449.83
2026-01-07,STK0044,45.9509,46.539,45.3619,45.95,687406,31586318.34
2026-01-08,STK0044,45.8643,47.3528,45.4483,46.9272,369305,17330435.36
2026-01-09,STK0044,46.7056,48.5505,46.1299,47.9593,853976,40956115.67
2026-01-12,STK0044,48.2169,49.6258,47.9977,49.4012,410541,20281208.46
2026-01-13,STK0044,49.8326,50.7165,48.7093,49.5888,1105720,54831334.35
2026-01-14,STK0044,49.6434,51.1377,48.8925,50.3757,841005,42366249.19
2026-01-15,STK0044,50.0731,50.2879,49.3487,49.5613,774292,38374922.66
2026-01-16,STK0044,50.0198,50.2376,48.6661,48.879,780745,38162001.7
2026-01-19,STK0044,48.9896,49.4176,48.3107,48.7365,636709,31030988.18
2026-01-20,STK0044,48.8008,49.6427,48.1722,49.0113,482359,23641051.13
2026-01-21,STK0044,48.8927,49.3183,48.5445,48.9696,444995,21791212.49
2026-01-22,STK0044,49.3027,50.6114,49.0551,50.3586,1161560,58494523.67
2026-01-23,STK0044,50.0248,51.1906,49.8139,50.9757,660448,33666821.54
2026-01-26,STK0044,50.6089,51.0653,50.1459,50.6022,438665,22197426.07
2026-01-27,STK0044,51.1807,52.0242,49.0341,49.8558,792326,39502027.17
2026-01-28,STK0044,49.5985,52.0036,48.7254,51.1041,747693,38210150.57
2026-01-29,STK0044,51.3992,51.8364,49.5779,50.0032,593254,29664621.23
2026-01-30,STK0044,50.4185,52.4965,49.8068,51.8672,493579,25600567.21
2026-02-02,STK0044,51.9327,52.7872,50.4306,51.2743,858521,44020081.85
2026-02-03,STK0044,51.004,52.5714,50.4796,52.0364,919284,47836233.07
2026-02-04,STK0044,52.2334,53.5135,48.6776,49.9006,738357,36844432.88
2026-02-05,STK0044,50.319,51.2214,48.5299,49.4161,685712,33885184.97
2026-02-06,STK0044,49.5177,50.2755,48.7297,49.487,504467,24964570.14
2026-02-09,STK0044,49.2659,50.5326,48.6032,49.8619,776348,38710185.68
2026-02-10,STK0044,49.9535,50.6187,48.4113,49.0646,522199,25621459.26
2026-02-11,STK0044,48.6586,49.1431,48.2348,48.7188,420679,20494973.27
2026-02-12,STK0044,48.435,50.1745,48.2521,49.9858,972793,48625795.54
2026-02-13,STK0044,49.9082,52.0492,48.8466,50.9651,447638,22813911.71
2026-02-16,STK0044,50.9839,52.1476,49.4264,50.5809,324316,16404183.02
2026-02-17,STK0044,50.2174,51.4434,48.4098,49.6212,998099,49526864.01
2026-02-18,STK0044,49.6956,50.2567,47.2333,47.7727,343673,16418196.69
2026-02-19,STK0044,47.9225,49.0615,46.6708,47.807,552388,26408024.21
2026-02-20,STK0044,47.7455,49.3724,46.8787,48.492,428432,20775542.43
2026-02-23,STK0044,47.8682,49.8933,47.3077,49.3158,493776,24350978.95
2026-02-24,STK0044,49.3468,50.488,47.4305,48.5533,1393220,67645449.8
2026-02-25,STK0044,49.0849,51.7626,47.8933,50.5358,620437,31354283.94
2026-02-26,STK0044,50.6748,51.3984,47.7742,48.4663,733255,35538182.17
2026-02-27,STK0044,48.4709,49.7493,47.5048,48.7771,873195,42591904.8
2026-03-02,STK0044,48.6682,49.6348,47.6287,48.5938,519952,25266464.67
2026-03-03,STK0044,48.7624,49.5428,47.9447,48.7244,943982,45994988.66
2026-03-04,STK0044,48.7854,49.4355,48.2135,48.8626,735365,35931868.52
2026-03-05,STK0044,49.0704,49.3202,48.1657,48.4121,855306,41407189.94
2026-03-06,STK0044,48.0947,50.2188,46.8946,48.9962,506920,24837166.24
2026-03-09,STK0044,49.0319,49.2108,48.3939,48.5711,754105,36627742.66
2026-03-10,STK0044,48.4369,48.684,47.1381,47.3798,642534,30443142.35
2026-03-11,STK0044,47.4856,49.5352,46.9813,49.0146,958654,46988054.51
2026-03-12,STK0044,48.4458,50.0843,47.9048,49.5312,543997,26944803.92
2026-03-13,STK0044,49.4146,49.9509,49.0121,49.5473,1330943,65944671.21
2026-03-16,STK0044,49.7089,49.8975,49.1914,49.3788,728224,35958824.25
2026-03-17,STK0044,49.5877,52.2399,48.4628,51.081,610685,31194404.73
2026-03-18,STK0044,51.0717,51.7767,49.5283,50.2216,583168,29287636.27
2026-03-19,STK0044,49.5748,50.7798,47.6875,48.8755,658064,32163205.35
2026-03-20,STK0044,49.0639,50.2178,47.975,49.1275,532404,26155688.78
2026-03-23,STK0044,49.5967,50.2709,48.934,49.608,845357,41936471.98
2026-03-24,STK0044,49.359,49.8984,48.7937,49.3329,666629,32886708.55
2026-03-25,STK0044,49.207,50.771,48.8199,50.3748,1324419,66717299.81
2026-03-26,STK0044,50.6191,51.8765,49.3397,50.5965,583240,29509907.13
2026-03-27,STK0044,50.8501,51.6594,49.106,49.9003,656207,32744903.02
2026-03-30,STK0044,50.2298,51.9563,49.1581,50.8709,591068,30068166.57
2026-03-31,STK0044,51.1815,52.5387,49.9201,51.2749,1323913,67883487.17
2026-04-01,STK0044,50.8057,51.3926,50.4424,51.0277,412770,21062716.85
2026-04-02,STK0044,50.8812,53.0449,49.6971,51.8385,711971,36907540.08
2026-04-03,STK0044,52.0338,53.6736,50.9789,52.6071,769745,40494078.07
2026-04-06,STK0044,52.5799,54.8147,51.925,54.1402,479958,25985041.14
2026-04-07,STK0044,54.2592,55.6199,52.9667,54.3257,1825085,99149101.97
2026-04-08,STK0044,54.2832,55.1283,52.7047,53.5382,517212,27690592.93
2026-04-09,STK0044,53.3984,53.9887,52.5994,53.1874,712188,37879404.48
2026-04-10,STK0044,53.1102,55.3738,52.8087,55.0612,1261486,69458935.29
2026-04-13,STK0044,54.6918,57.5193,53.6668,56.4611,603722,34086829.08
2026-04-14,STK0044,56.2166,57.3298,54.9414,56.0514,718943,40297757.45
2026-04-15,STK0044,56.0289,56.4076,55.56,55.9381,597227,33407715.44
2026-04-16,STK0044,55.9217,58.933,55.3316,58.3177,658138,38381066.55
2026-04-17,STK0044,58.5166,58.7832,58.3255,58.5919,974424,57093339.57
2026-04-20,STK0044,58.4917,59.3584,57.472,58.3363,577087,33665146.39
2026-04-21,STK0044,58.9259,60.7998,57.9947,59.854,263323,15760944.19
2026-04-22,STK0044,60.2974,61.5944,57.8164,59.0873,650260,38422119.71
2026-04-23,STK0044,58.9095,59.5921,58.7562,59.4374,684817,40703772.07
2026-04-24,STK0044,59.508,61.6919,59.2253,61.4001,721677,44311034.36
2025-07-21,STK0045,38.3075,38.8079,36.6987,37.1844,680562,25306273.4
2025-07-22,STK0045,36.9367,37.8354,36.7162,37.6109,803016,30202141.47
2025-07-23,STK0045,38.4939,39.0914,37.8585,38.4554,886176,34078253.27
2025-07-24,STK0045,38.4516,38.5595,38.198,38.3056,620730,23777407.43
2025-07-25,STK0045,37.9213,39.0908,37.5548,38.7166,489364,18946506.47
2025-07-28,STK0045,38.4761,39.4167,37.8504,38.786,370068,14353451.64
2025-07-29,STK0045,38.5465,39.598,37.9162,38.9609,2442021,95143435.05
2025-07-30,STK0045,38.6471,39.7216,38.4094,39.4788,481922,19025698.96
2025-07-31,STK0045,39.6005,40.3046,39.2123,39.9134,488578,19500789.31
2025-08-01,STK0045,39.2798,40.278,38.7877,39.7796,1072038,42645280.47
2025-08-04,STK0045,40.0148,40.4735,39.3968,39.8536,533570,21264680.18
2025-08-05,STK0045,40.0488,40.7603,39.2839,39.9944,503626,20142225.79
2025-08-06,STK0045,39.885,40.6438,38.1296,38.8691,324469,12611816.32
2025-08-07,STK0045,39.0832,39.1981,38.5047,38.6182,1002076,38698391.34
2025-08-08,STK0045,38.3658,40.7861,37.6315,40.0201,628294,25144363.94
2025-08-11,STK0045,39.8183,40.7025,38.3159,39.186,1162480,45552962.81
2025-08-12,STK0045,39.3154,40.2205,37.1243,37.999,893489,33951719.68
2025-08-13,STK0045,37.9513,38.4839,37.8265,38.3578,933741,35816270.93
2025-08-14,STK0045,38.2142,39.6339,37.3611,38.7684,773951,30004826.41
2025-08-15,STK0045,38.742,39.19,38.5186,38.9653,832907,32454507.67
2025-08-18,STK0045,39.2749,39.6591,38.422,38.8015,676030,26230983.69
2025-08-19,STK0045,39.1007,39.6731,38.6792,39.25,690990,27121390.4
2025-08-20,STK0045,39.3505,41.0561,39.0012,40.6948,630563,25660660.22
2025-08-21,STK0045,40.6081,40.9646,39.9143,40.2678,1556721,62685752.28
2025-08-22,STK0045,40.394,40.8422,40.1558,40.6028,805858,32720112.32
2025-08-25,STK0045,40.3933,42.0314,39.7002,41.3224,420802,17388551.5
2025-08-26,STK0045,41.6132,42.252,40.417,41.0471,1014386,41637553.3
2025-08-27,STK0045,41.2818,42.9657,40.6167,42.2845,693758,29335206.89
2025-08-28,STK0045,42.7774,43.871,42.1789,43.2656,906746,39230928.08
2025-08-29,STK0045,43.0579,43.3627,42.1355,42.4359,839104,35608157.9
2025-09-01,STK0045,42.2007,45.0247,41.5473,44.3381,1529260,67804536.62
2025-09-02,STK0045,44.485,45.2429,42.5338,43.271,800903,34655837.14
2025-09-03,STK0045,43.1999,43.3379,42.4449,42.5809,1240147,52806539.55
2025-09-04,STK0045,42.8369,43.9163,41.7781,42.8569,1210687,51886346.34
2025-09-05,STK0045,43.1971,44.529,42.5347,43.8565,587983,25786849.17
2025-09-08,STK0045,44.3068,45.0459,43.5464,44.2851,1006219,44560507.49
2025-09-09,STK0045,44.3006,44.9697,43.0869,43.7476,723980,31672364.29
2025-09-10,STK0045,43.9793,44.7659,42.5073,43.2814,617189,26712812.64
2025-09-11,STK0045,43.1474,43.8855,42.0028,42.7338,619194,26460539.68
2025-09-12,STK0045,42.7896,44.4721,41.9175,43.5839,1276117,55618101.61
2025-09-15,STK0045,43.5699,43.8189,43.2441,43.4927,2410422,104835707.83
2025-09-16,STK0045,43.4648,43.7154,42.8998,43.1486,701401,30264478.06
2025-09-17,STK0045,43.6234,43.931,41.5208,41.8156,1014793,42434161.33
2025-09-18,STK0045,41.4802,42.4824,40.4352,41.4362,1055255,43725793.47
2025-09-19,STK0045,41.435,41.8581,40.957,41.3796,788113,32611799.57
2025-09-22,STK0045,41.393,41.7767,40.23,40.6065,1525661,61951738.21
2025-09-23,STK0045,40.7635,41.06,39.3047,39.5927,1986179,78638165.76
2025-09-24,STK0045,39.3329,40.8862,38.8187,40.3586,738861,29819430.53
2025-09-25,STK0045,40.2863,41.2057,38.9184,39.8273,1656709,65982265.23
2025-09-26,STK0045,39.6852,40.3799,38.2345,38.9158,740148,28803417.97
2025-09-29,STK0045,38.3935,40.3639,38.1509,40.1105,626961,25147710.65
2025-09-30,STK0045,40.3912,41.7779,39.5325,40.9083,866083,35429959.53
2025-10-01,STK0045,40.5491,42.2181,39.5862,41.2388,1260716,51990420.55
2025-10-02,STK0045,40.844,42.2824,40.0925,41.5185,900508,37387701.66
2025-10-03,STK0045,41.7552,43.0288,41.1016,42.3656,1208530,51200141.83
2025-10-06,STK0045,42.2806,43.5948,41.5428,42.8471,1038603,44501093.17
2025-10-07,STK0045,42.7699,43.5795,41.692,42.4964,1578424,67077260.33
2025-10-08,STK0045,42.4247,43.3481,41.2145,42.1315,1170651,49321292.41
2025-10-09,STK0045,42.404,43.1312,40.2129,40.9146,1667358,68219238.88
2025-10-10,STK0045,40.7793,41.6751,40.1993,41.0907,720834,29619547.82
2025-10-13,STK0045,41.2376,41.4932,39.5573,39.804,902634,35928432.89
2025-10-14,STK0045,39.5324,39.9517,38.7256,39.1408,966332,37823014.07
2025-10-15,STK0045,39.2184,39.3731,38.922,39.0762,716158,27984752.78
2025-10-16,STK0045,39.2884,40.9911,38.5515,40.2364,680913,27397506.78
2025-10-17,STK0045,40.5771,41.5843,38.3759,39.3528,1110877,43716093.21
2025-10-20,STK0045,38.9887,39.7602,38.8247,39.5937,1253351,49624741.92
2025-10-21,STK0045,39.5232,40.0024,38.1453,38.6135,1020511,39405482.09
2025-10-22,STK0045,38.9856,39.6913,37.4112,38.1009,1442016,54942168.82
2025-10-23,STK0045,38.3123,39.083,38.2093,38.9782,665709,25948136.14
2025-10-24,STK0045,38.9317,39.4031,37.8687,38.3329,857221,32859768.1
2025-10-27,STK0045,38.3338,39.1112,37.0385,37.8051,660679,24977059.17
2025-10-28,STK0045,37.8726,38.2037,37.2663,37.595,1057368,39751765.02
2025-10-29,STK0045,37.511,38.4718,36.8668,37.8223,1188873,44965915.11
2025-10-30,STK0045,37.9467,38.5526,36.981,37.5811,1609894,60501582.28
2025-10-31,STK0045,37.6919,39.1766,37.0096,38.4801,683361,26295790.58
2025-11-03,STK0045,38.2236,38.6467,37.936,38.3581,1165069,44689819.02
2025-11-04,STK0045,38.2455,38.8007,38.021,38.5742,1705009,65769426.36
2025-11-05,STK0045,38.4693,38.5753,38.3774,38.4834,736988,28361784.85
2025-11-06,STK0045,38.4244,39.6822,37.9231,39.1711,674961,26438951.79
2025-11-07,STK0045,39.2346,40.7905,38.9875,40.5352,637344,25834897.89
2025-11-10,STK0045,40.5792,41.2681,39.7746,40.4616,1370647,55458532.85
2025-11-11,STK0045,40.2872,40.8767,39.6686,40.2576,868671,34970622.43
2025-11-12,STK0045,40.5827,41.442,38.9967,39.8403,1345664,53611682.36
2025-11-13,STK0045,39.8415,40.6561,38.5093,39.313,1028379,40428712.69
2025-11-14,STK0045,39.6598,40.0686,38.0938,38.4906,2042430,78614280.11
2025-11-17,STK0045,38.8246,39.1668,38.2681,38.6084,1430908,55245042.02
2025-11-18,STK0045,38.3638,38.513,37.7954,37.943,811686,30797814.95
2025-11-19,STK0045,37.8316,38.5654,36.7112,37.4374,976625,36562263.41
2025-11-20,STK0045,37.3438,37.8446,35.0065,35.4824,1370429,48626163.75
2025-11-21,STK0045,35.5492,36.8465,35.2031,36.4912,722265,26356335.13
2025-11-24,STK0045,36.6506,38.4492,35.9842,37.7626,1583730,59805748.28
2025-11-25,STK0045,37.7959,38.494,37.482,38.1769,951534,36326660.73
2025-11-26,STK0045,38.051,38.5454,36.979,37.4659,1418522,53146189.55
2025-11-27,STK0045,37.839,38.2941,36.1601,36.6003,993258,36353546.22
2025-11-28,STK0045,36.5042,36.804,34.8691,35.1579,864399,30390470.37
2025-12-01,STK0045,35.3148,36.0274,34.4886,35.1989,821896,28929831.16
2025-12-02,STK0045,35.191,36.3225,34.5482,35.6708,1928115,68777465.15
2025-12-03,STK0045,35.6569,36.1543,35.0274,35.5229,945833,33598707.31
2025-12-04,STK0045,35.6668,36.8233,35.0284,36.1758,3193393,115523570.1
2025-12-05,STK0045,36.5123,36.6604,36.0836,36.2306,1149314,41640306.44
2025-12-08,STK0045,36.2969,36.7284,35.2096,35.6332,821575,29275322.47
2025-12-09,STK0045,35.5288,37.1992,34.9673,36.6204,638424,23379363.15
2025-12-10,STK0045,36.9471,37.5633,36.5385,37.1525,1744771,64822639.03
2025-12-11,STK0045,37.2628,37.9493,36.0093,36.6852,1053777,38658031.04
2025-12-12,STK0045,36.7227,37.4918,36.2082,36.9737,1480196,54728349.38
2025-12-15,STK0045,37.2024,37.6044,36.4216,36.8195,2530755,93181008.45
2025-12-16,STK0045,36.8907,37.3169,35.9777,36.3982,1425187,51874251.7
2025-12-17,STK0045,36.9388,37.6211,35.889,36.5645,1284273,46958797.61
2025-12-18,STK0045,36.5649,37.1499,36.4364,37.0198,1736888,64299267.78
2025-12-19,STK0045,37.2761,38.0692,36.3652,37.1558,1509127,56072828.86
2025-12-22,STK0045,37.2545,37.3781,36.5809,36.7027,714778,26234310.83
2025-12-23,STK0045,36.7995,37.3261,36.6136,37.1385,1760165,65369912.65
2025-12-24,STK0045,37.0579,37.8226,35.4683,36.2156,1075004,38931956.17
2025-12-25,STK0045,36.1381,36.5216,35.3491,35.7282,1887634,67441804.08
2025-12-26,STK0045,35.8348,36.2852,35.2239,35.6721,1304803,46545116.87
2025-12-29,STK0045,35.4868,36.5442,35.1116,36.1619,1624234,58735376.55
2025-12-30,STK0045,36.0372,36.3753,35.888,36.2253,981037,35538405.83
2025-12-31,STK0045,36.2287,36.8082,35.4814,36.0582,629638,22703640.75
2026-01-01,STK0045,36.3276,38.0842,35.6792,37.4164,1306972,48902198.1
2026-01-02,STK0045,37.4345,37.6729,36.8271,37.0631,1493520,55354511.0
2026-01-05,STK0045,37.0775,37.793,35.7776,36.4816,884174,32256122.04
2026-01-06,STK0045,36.2507,36.4064,35.1609,35.3126,1024444,36175773.82
2026-01-07,STK0045,35.6737,36.3808,34.5294,35.2277,513716,18097028.79
2026-01-08,STK0045,35.4625,36.1054,34.3364,34.9704,1020173,35675888.27
2026-01-09,STK0045,35.2273,36.0368,34.213,35.0177,697834,24436536.76
2026-01-12,STK0045,34.7138,35.9864,33.9949,35.2562,1292767,45578030.06
2026-01-13,STK0045,35.3306,36.0875,34.1847,34.933,1176381,41094559.71
2026-01-14,STK0045,34.7369,35.5716,33.3078,34.1278,1031675,35208841.51
2026-01-15,STK0045,34.2862,35.0206,32.2999,33.0069,1650003,54461420.71
2026-01-16,STK0045,33.0706,33.7425,31.8287,32.4888,1133118,36813613.22
2026-01-19,STK0045,32.5901,32.8023,31.6434,31.8507,1115780,35538419.78
2026-01-20,STK0045,31.7141,33.4148,31.0999,32.7799,1155648,37882045.86
2026-01-21,STK0045,32.576,34.3894,32.0368,33.8295,855853,28953066.14
2026-01-22,STK0045,33.6997,35.434,32.887,34.5996,1457707,50436100.94
2026-01-23,STK0045,34.6636,35.307,32.8284,33.4492,737738,24676752.12
2026-01-26,STK0045,33.4006,33.6668,32.837,33.1009,1173228,38834859.62
2026-01-27,STK0045,33.1512,33.3426,32.2743,32.4617,1515049,49181134.74
2026-01-28,STK0045,32.2629,34.0406,31.9896,33.7547,681416,23000960.53
2026-01-29,STK0045,33.7533,35.2036,33.3131,34.7503,619881,21541068.05
2026-01-30,STK0045,35.0424,35.6384,34.2166,34.8086,679430,23650027.68
2026-02-02,STK0045,34.8781,35.386,34.6358,35.1418,1871287,65760480.43
2026-02-03,STK0045,35.2252,35.4843,33.7248,33.9747,808094,27454726.0
2026-02-04,STK0045,34.0569,34.3615,33.0814,33.3799,655402,21877285.54
2026-02-05,STK0045,33.2776,34.0214,32.5931,33.3358,1110261,37011385.48
2026-02-06,STK0045,33.6637,34.014,33.2365,33.5859,376810,12655507.09
2026-02-09,STK0045,33.6579,34.2152,33.5299,34.0855,678109,23113709.71
2026-02-10,STK0045,34.1218,34.6178,33.4545,33.9479,1541340,52325285.04
2026-02-11,STK0045,34.0881,34.161,33.7031,33.7753,675026,22799219.13
2026-02-12,STK0045,33.9665,34.5607,31.5429,32.1046,872093,27998175.51
2026-02-13,STK0045,31.8655,33.7611,31.1846,33.0548,1056628,34926609.05
2026-02-16,STK0045,33.066,33.2586,32.4368,32.6269,1047239,34168184.64
2026-02-17,STK0045,33.0674,33.7759,31.7502,32.4454,775940,25175658.76
2026-02-18,STK0045,32.7692,33.9786,32.1919,33.3903,1124020,37531368.15
2026-02-19,STK0045,33.369,33.5114,32.4266,32.5655,1554599,50626330.66
2026-02-20,STK0045,32.7081,32.9449,32.3276,32.5634,649673,21155576.21
2026-02-23,STK0045,32.4997,33.5093,32.2647,33.2688,794857,26443934.0
2026-02-24,STK0045,33.3395,34.1873,33.115,33.9586,916318,31116920.27
2026-02-25,STK0045,33.8654,34.5264,33.5371,34.1949,1214544,41531247.64
2026-02-26,STK0045,34.0976,35.5965,33.3175,34.8003,942694,32806076.97
2026-02-27,STK0045,34.677,34.9251,34.0043,34.2493,876545,30021082.11
2026-03-02,STK0045,34.5968,35.4034,33.5468,34.3476,537668,18467612.31
2026-03-03,STK0045,34.2487,34.9286,33.7473,34.4245,609319,20975513.39
2026-03-04,STK0045,34.6612,35.3738,34.1797,34.8891,963560,33617782.87
2026-03-05,STK0045,34.7989,35.497,34.19,34.8865,751177,26205971.8
2026-03-06,STK0045,34.7724,35.4863,33.8352,34.5444,785446,27132798.05
2026-03-09,STK0045,34.6253,35.4571,33.3173,34.1374,844980,28845455.43
2026-03-10,STK0045,33.8725,33.9423,33.5057,33.5749,1925491,64648218.15
2026-03-11,STK0045,33.7091,34.0852,33.0255,33.3981,693730,23169264.94
2026-03-12,STK0045,33.3708,34.2576,33.1667,34.0493,1353987,46102271.13
2026-03-13,STK0045,33.9369,34.484,33.7506,34.2957,1327668,45533355.19
2026-03-16,STK0045,34.1386,34.5089,33.9549,34.3242,1098015,37688436.18
2026-03-17,STK0045,34.7326,35.369,32.8409,33.454,603549,20191121.41
2026-03-18,STK0045,33.4471,33.6431,33.3409,33.5366,866915,29073341.5
2026-03-19,STK0045,33.5212,34.2333,32.5008,33.2063,725500,24091147.79
2026-03-20,STK0045,33.3806,34.0252,32.5825,33.224,1667804,55411159.64
2026-03-23,STK0045,33.0567,34.4903,32.6794,34.1011,968504,33027094.34
2026-03-24,STK0045,34.334,34.7387,33.8271,34.2305,780141,26704598.04
2026-03-25,STK0045,34.2231,34.8255,33.4733,34.073,1577474,53749301.72
2026-03-26,STK0045,33.7913,34.6872,33.7153,34.6094,734986,25437398.74
2026-03-27,STK0045,34.4994,34.8756,33.9287,34.3028,985893,33818876.16
2026-03-30,STK0045,34.0781,34.8876,33.8688,34.6746,1015136,35199408.37
2026-03-31,STK0045,34.6915,34.9051,33.2942,33.5005,924971,30986984.14
2026-04-01,STK0045,33.3414,33.8303,32.7289,33.216,779399,25888525.07
2026-04-02,STK0045,33.0364,34.5338,32.7835,34.2714,1085587,37204596.8
2026-04-03,STK0045,34.3315,34.9494,33.9666,34.5818,654032,22617613.01
2026-04-06,STK0045,34.5909,36.1865,33.9511,35.5292,1203656,42764972.27
2026-04-07,STK0045,35.7879,36.7798,35.2055,36.1908,736947,26670698.78
2026-04-08,STK0045,36.4446,37.1096,36.0951,36.7571,1295422,47615993.44
2026-04-09,STK0045,36.7707,36.8862,36.059,36.1727,1178223,42619463.45
2026-04-10,STK0045,36.2813,37.32,36.1865,37.2228,974794,36284536.08
2026-04-13,STK0045,36.9097,39.7527,36.422,39.2343,774167,30373870.35
2026-04-14,STK0045,39.3985,39.8592,38.7051,39.1632,1135396,44465699.27
2026-04-15,STK0045,39.2598,40.0575,37.3626,38.1374,916662,34959141.68
2026-04-16,STK0045,38.3564,38.5055,37.9741,38.1222,238793,9103325.44
2026-04-17,STK0045,38.0523,38.9634,37.2323,38.1415,560031,21360412.28
2026-04-20,STK0045,38.0735,38.3357,36.5274,36.7807,787733,28973380.27
2026-04-21,STK0045,36.7165,37.0861,36.0764,36.4433,827547,30158557.97
2026-04-22,STK0045,36.7584,37.5589,35.3372,36.1239,966653,34919278.21
2026-04-23,STK0045,36.1853,36.9614,35.4158,36.1917,1302880,47153463.61
2026-04-24,STK0045,35.8683,37.8522,35.3718,37.3354,917272,34246699.9
2025-07-21,STK0046,8.4771,8.6247,8.2627,8.409,1221826,10274337.09
2025-07-22,STK0046,8.4044,8.5762,8.28,8.4511,1268582,10720966.36
2025-07-23,STK0046,8.506,8.534,8.4621,8.4901,1384792,11757006.64
2025-07-24,STK0046,8.5231,8.653,8.3255,8.4543,1553105,13130482.61
2025-07-25,STK0046,8.3709,8.551,8.2738,8.4529,2240116,18935552.28
2025-07-28,STK0046,8.4615,8.7463,8.3727,8.6554,1032826,8939518.43
2025-07-29,STK0046,8.5972,8.8729,8.4367,8.7103,1230316,10716435.55
2025-07-30,STK0046,8.6868,8.881,8.3938,8.5857,981012,8422680.79
2025-07-31,STK0046,8.5704,8.7183,8.5144,8.6617,660741,5723132.03
2025-08-01,STK0046,8.7062,8.8828,8.4726,8.648,1824830,15781083.14
2025-08-04,STK0046,8.6523,9.125,8.6013,9.0714,2476395,22464464.47
2025-08-05,STK0046,9.0523,9.3998,8.9141,9.2585,1732728,16042537.96
2025-08-06,STK0046,9.3821,9.5839,8.9182,9.1142,1452523,13238570.86
2025-08-07,STK0046,9.0716,9.6344,8.8644,9.4193,2592365,24418325.17
2025-08-08,STK0046,9.442,9.6816,9.3561,9.5944,1552722,14897376.83
2025-08-11,STK0046,9.6393,9.8944,9.4385,9.6924,1780433,17256741.51
2025-08-12,STK0046,9.7087,10.0237,9.4931,9.8059,1419274,13917232.12
2025-08-13,STK0046,9.7597,9.9701,9.7014,9.9109,1490897,14776060.86
2025-08-14,STK0046,9.8612,10.1782,9.7542,10.069,1278350,12871718.03
2025-08-15,STK0046,10.1133,10.3141,9.8252,10.0242,1764621,17688907.59
2025-08-18,STK0046,10.094,10.1176,10.0148,10.0383,908506,9119829.52
2025-08-19,STK0046,10.0418,10.2064,9.8023,9.9657,1548469,15431535.62
2025-08-20,STK0046,9.8938,10.2528,9.7797,10.1358,1000704,10142964.63
2025-08-21,STK0046,10.1432,10.2842,10.0016,10.1426,1614307,16373328.78
2025-08-22,STK0046,10.2421,10.3611,9.9378,10.0546,3131417,31485191.43
2025-08-25,STK0046,10.0008,10.0657,9.9327,9.9976,1722972,17225630.48
2025-08-26,STK0046,9.9852,10.1477,9.8852,10.0471,2067061,20767925.91
2025-08-27,STK0046,10.0573,10.2765,9.5523,9.7652,1896893,18523498.11
2025-08-28,STK0046,9.8357,10.1471,9.6778,9.9868,614421,6136069.08
2025-08-29,STK0046,9.9617,10.2222,9.8324,10.0913,1321584,13336455.23
2025-09-01,STK0046,10.1273,10.3525,9.9426,10.1671,1576427,16027631.24
2025-09-02,STK0046,10.2591,10.323,10.1826,10.2464,629723,6452382.65
2025-09-03,STK0046,10.1624,10.2023,10.0754,10.115,1177929,11914776.11
2025-09-04,STK0046,10.0424,10.1892,9.8145,9.9601,1289695,12845529.47
2025-09-05,STK0046,9.9611,10.1077,9.9386,10.0848,852580,8598138.85
2025-09-08,STK0046,10.1511,10.5085,10.0962,10.4519,925144,9669533.93
2025-09-09,STK0046,10.4798,10.6945,10.286,10.5003,2044338,21466194.97
2025-09-10,STK0046,10.5749,10.8154,10.0536,10.2875,358564,3688741.73
2025-09-11,STK0046,10.1898,10.277,10.0707,10.1576,1361992,13834625.7
2025-09-12,STK0046,10.1855,10.4881,10.0755,10.376,1868926,19392058.25
2025-09-15,STK0046,10.2071,10.7087,10.0268,10.5228,1222917,12868507.81
2025-09-16,STK0046,10.614,10.9815,10.3962,10.7607,2005107,21576439.79
2025-09-17,STK0046,10.845,10.9316,10.6966,10.7827,1044671,11264393.63
2025-09-18,STK0046,10.7686,11.1907,10.5425,10.9606,886978,9721768.93
2025-09-19,STK0046,10.8169,11.6596,10.5533,11.3822,1220659,13893796.67
2025-09-22,STK0046,11.3755,11.4213,11.0901,11.1349,1041971,11602191.08
2025-09-23,STK0046,11.2171,11.8034,11.1368,11.7195,963788,11295069.96
2025-09-24,STK0046,11.7564,12.1709,11.5365,11.9475,1103791,13187493.18
2025-09-25,STK0046,12.0887,12.6396,12.0544,12.6038,896999,11305566.94
2025-09-26,STK0046,12.5897,12.6971,12.2906,12.3963,884398,10963290.58
2025-09-29,STK0046,12.5566,12.8256,12.2508,12.519,810633,10148290.6
2025-09-30,STK0046,12.3762,12.8516,12.1574,12.6283,1359836,17172457.51
2025-10-01,STK0046,12.5792,12.894,12.3687,12.6818,833737,10573288.75
2025-10-02,STK0046,12.5919,12.9673,12.3895,12.7621,789668,10077831.82
2025-10-03,STK0046,12.827,13.0008,12.6275,12.8009,838192,10729594.17
2025-10-06,STK0046,12.7165,13.1729,12.4668,12.9192,1313362,16967604.36
2025-10-07,STK0046,13.006,13.2909,12.5897,12.8716,1556889,20039654.0
2025-10-08,STK0046,12.9332,13.1957,12.6581,12.9204,1588973,20530159.29
2025-10-09,STK0046,12.9429,13.1124,12.7695,12.939,1298266,16798235.11
2025-10-10,STK0046,12.9386,13.1962,12.673,12.9304,1454021,18801003.13
2025-10-13,STK0046,12.8573,13.1064,12.4807,12.7273,1153624,14682491.98
2025-10-14,STK0046,12.7815,12.9411,12.2188,12.3733,1387470,17167515.76
2025-10-15,STK0046,12.3434,12.5295,12.2239,12.4093,1391758,17270719.19
2025-10-16,STK0046,12.4743,12.6169,12.13,12.2703,902181,11070015.27
2025-10-17,STK0046,12.3887,12.554,12.1783,12.343,801238,9889645.37
2025-10-20,STK0046,12.3276,12.394,12.1257,12.1913,1868034,22773802.58
2025-10-21,STK0046,12.2958,12.3822,12.0726,12.158,1243182,15114644.19
2025-10-22,STK0046,12.1793,12.3688,12.1265,12.3153,1753431,21594097.61
2025-10-23,STK0046,12.3671,12.4124,12.2335,12.2785,836169,10266898.4
2025-10-24,STK0046,12.1889,12.372,11.8799,12.0611,1085769,13095542.65
2025-10-27,STK0046,12.0188,12.327,11.8018,12.1084,768691,9307585.65
2025-10-28,STK0046,12.0652,12.3958,11.8707,12.1992,1566538,19110533.9
2025-10-29,STK0046,12.3056,12.536,11.9764,12.2048,1003803,12251240.44
2025-10-30,STK0046,12.1866,12.3249,12.0221,12.1601,1009961,12281196.9
2025-10-31,STK0046,12.2135,12.4624,11.7984,12.0438,2434352,29318967.58
2025-11-03,STK0046,12.0457,12.2794,11.8145,12.0482,1548209,18653076.9
2025-11-04,STK0046,12.0297,12.2505,11.7785,11.9988,1536944,18441409.38
2025-11-05,STK0046,11.9005,12.134,11.4249,11.6535,801907,9345062.33
2025-11-06,STK0046,11.5279,11.6123,11.4312,11.5155,638105,7348106.31
2025-11-07,STK0046,11.4991,11.931,11.3255,11.7535,1740077,20452062.24
2025-11-10,STK0046,11.7409,12.084,11.5082,11.8491,560630,6642974.3
2025-11-11,STK0046,11.794,12.1047,11.7436,12.0532,1010751,12182752.35
2025-11-12,STK0046,12.071,12.3389,11.9783,12.2448,916073,11217150.95
2025-11-13,STK0046,12.3975,12.5623,11.9824,12.1438,891780,10829565.7
2025-11-14,STK0046,12.2605,12.4018,11.827,11.9649,1062157,12708582.16
2025-11-17,STK0046,11.971,12.5129,11.6953,12.2312,842020,10298944.43
2025-11-18,STK0046,12.24,12.5954,12.0042,12.3573,794514,9818082.5
2025-11-19,STK0046,12.4095,12.624,12.373,12.587,1335271,16807072.81
2025-11-20,STK0046,12.6102,12.8021,12.4501,12.6415,1745501,22065834.5
2025-11-21,STK0046,12.695,12.9771,12.447,12.7284,647051,8235920.3
2025-11-24,STK0046,12.7541,12.9758,12.526,12.7477,1269481,16182945.53
2025-11-25,STK0046,12.7595,12.9428,12.5488,12.7317,1458493,18569162.8
2025-11-26,STK0046,12.6866,12.7368,12.4881,12.5378,1415617,17748674.91
2025-11-27,STK0046,12.5686,12.8583,12.2307,12.5193,1111010,13909016.52
2025-11-28,STK0046,12.354,12.4966,12.1723,12.3145,971123,11958922.96
2025-12-01,STK0046,12.3376,12.4035,12.008,12.0725,1545247,18654963.05
2025-12-02,STK0046,11.927,12.1649,11.88,12.1171,1324258,16046171.69
2025-12-03,STK0046,12.1399,12.3833,11.4863,11.7213,613440,7190336.62
2025-12-04,STK0046,11.656,12.0292,11.4684,11.8387,1070537,12673752.33
2025-12-05,STK0046,11.9332,12.0261,11.472,11.5621,1202831,13907198.58
2025-12-08,STK0046,11.5715,11.7365,11.195,11.357,831346,9441594.35
2025-12-09,STK0046,11.3603,11.6303,11.0617,11.331,1122241,12716127.79
2025-12-10,STK0046,11.3619,11.5516,11.2103,11.3995,1433480,16340946.02
2025-12-11,STK0046,11.3438,11.4684,10.8983,11.0193,919384,10130993.27
2025-12-12,STK0046,11.0969,11.1977,10.8729,10.9726,1338073,14682089.73
2025-12-15,STK0046,11.0214,11.0897,10.9006,10.9685,865419,9492378.23
2025-12-16,STK0046,10.9355,11.1863,10.4535,10.6989,782218,8368870.34
2025-12-17,STK0046,10.6342,10.773,10.5709,10.7093,1486740,15921988.5
2025-12-18,STK0046,10.6854,10.7201,10.5233,10.5577,1812882,19139907.24
2025-12-19,STK0046,10.5509,10.6066,10.3484,10.4033,805048,8375188.34
2025-12-22,STK0046,10.3359,10.3999,10.151,10.2143,1707914,17445127.49
2025-12-23,STK0046,10.1863,10.7502,10.0664,10.6251,1226258,13029169.26
2025-12-24,STK0046,10.5875,10.9896,10.3448,10.7433,564854,6068411.41
2025-12-25,STK0046,10.7303,10.785,10.6124,10.6668,751346,8014456.84
2025-12-26,STK0046,10.6544,10.7115,10.4407,10.4969,1531328,16074265.77
2025-12-29,STK0046,10.5277,10.6547,10.2789,10.4043,720673,7498126.02
2025-12-30,STK0046,10.4063,10.6434,10.1497,10.3864,1014631,10538336.96
2025-12-31,STK0046,10.4115,10.6827,10.1686,10.4392,1231793,12858946.33
2026-01-01,STK0046,10.4548,10.9167,10.2053,10.6622,1532029,16334836.99
2026-01-02,STK0046,10.6498,10.7423,10.5974,10.6897,1419144,15170291.98
2026-01-05,STK0046,10.7337,10.9293,10.4752,10.6697,2329357,24853435.3
2026-01-06,STK0046,10.4954,10.8388,10.3182,10.6588,1015639,10825495.31
2026-01-07,STK0046,10.6359,10.7793,10.6072,10.7503,1399833,15048590.48
2026-01-08,STK0046,10.7135,10.9429,10.5264,10.7551,1580358,16996893.54
2026-01-09,STK0046,10.7628,10.9569,10.4393,10.631,1716279,18245749.94
2026-01-12,STK0046,10.5906,11.218,10.4095,11.0294,1888373,20827608.82
2026-01-13,STK0046,11.0658,11.3338,10.9887,11.2555,1133665,12759946.69
2026-01-14,STK0046,11.3046,11.6294,11.1955,11.5183,1619842,18657816.33
2026-01-15,STK0046,11.423,11.5914,11.2382,11.4063,941795,10742388.47
2026-01-16,STK0046,11.4216,11.8876,11.3624,11.8263,1261432,14918097.8
2026-01-19,STK0046,11.7358,11.8777,11.6695,11.811,1522793,17985675.74
2026-01-20,STK0046,11.845,12.1407,11.631,11.9252,1835986,21894484.61
2026-01-21,STK0046,11.8919,12.0721,11.8227,12.0024,1558988,18711578.5
2026-01-22,STK0046,11.9446,12.0508,11.9161,12.0221,1304942,15688167.6
2026-01-23,STK0046,11.8994,11.9738,11.7824,11.8566,1219032,14453534.74
2026-01-26,STK0046,11.85,11.8943,11.6149,11.6585,1522263,17747291.36
2026-01-27,STK0046,11.5778,12.0047,11.4795,11.9036,2678229,31880671.4
2026-01-28,STK0046,11.7982,12.2258,11.5682,11.9921,1715943,20577744.05
2026-01-29,STK0046,12.0055,12.6335,11.7644,12.3848,1424511,17642288.9
2026-01-30,STK0046,12.457,12.9531,12.4117,12.9061,820721,10592324.09
2026-02-02,STK0046,12.9367,13.493,12.7411,13.2921,970561,12900801.61
2026-02-03,STK0046,13.1785,13.3432,13.1254,13.2898,1217254,16177004.61
2026-02-04,STK0046,13.2789,13.3625,12.6308,12.7109,1905848,24225047.38
2026-02-05,STK0046,12.7629,13.0186,12.4191,12.673,996903,12633797.12
2026-02-06,STK0046,12.6627,12.9711,12.2814,12.588,1738501,21884290.4
2026-02-09,STK0046,12.6126,12.7167,12.4503,12.5538,1439618,18072691.11
2026-02-10,STK0046,12.5209,13.0506,12.2722,12.7964,1571319,20107169.67
2026-02-11,STK0046,12.7669,13.1812,12.6409,13.0524,1272585,16610250.37
2026-02-12,STK0046,13.0008,13.4057,12.7402,13.1423,1125749,14794900.84
2026-02-13,STK0046,13.1906,13.9633,12.9912,13.7554,989240,13607358.41
2026-02-16,STK0046,13.8112,14.0124,13.4595,13.6584,1697598,23186525.22
2026-02-17,STK0046,13.613,13.8935,13.2048,13.4825,1342738,18103485.49
2026-02-18,STK0046,13.5437,13.7877,12.8078,13.0427,951239,12406727.18
2026-02-19,STK0046,12.9315,13.2461,12.3295,12.6369,1483547,18747488.88
2026-02-20,STK0046,12.624,12.7545,12.2445,12.3724,4517808,55896150.88
2026-02-23,STK0046,12.2723,13.1018,11.9782,12.7952,1280235,16380852.0
2026-02-24,STK0046,12.7086,13.2615,12.4413,12.9883,2491431,32359336.67
2026-02-25,STK0046,12.8823,13.0682,12.7103,12.896,563796,7270707.26
2026-02-26,STK0046,12.8454,13.0462,12.6717,12.8721,1285415,16546045.45
2026-02-27,STK0046,12.9201,13.2325,12.6262,12.9382,2008581,25987459.84
2026-03-02,STK0046,12.9321,13.1327,12.1874,12.3794,1474392,18252043.39
2026-03-03,STK0046,12.3361,12.8342,12.2156,12.71,1178373,14977112.41
2026-03-04,STK0046,12.6968,13.2323,12.6593,13.1934,1442360,19029572.39
2026-03-05,STK0046,13.0316,13.4208,12.9157,13.3025,2082747,27705800.47
2026-03-06,STK0046,13.3482,13.7926,13.2548,13.6967,3115015,42665525.59
2026-03-09,STK0046,13.5133,13.5804,13.0449,13.11,2152335,28217168.94
2026-03-10,STK0046,13.0545,13.398,12.8264,13.168,1230643,16205097.1
2026-03-11,STK0046,13.1618,13.6705,13.0157,13.5205,1341358,18135765.68
2026-03-12,STK0046,13.5566,13.6132,13.4519,13.5083,1330779,17976496.6
2026-03-13,STK0046,13.5276,13.8231,13.3988,13.6927,1042119,14269438.76
2026-03-16,STK0046,13.6886,14.058,13.6171,13.9849,1325406,18535684.87
2026-03-17,STK0046,14.1077,14.4481,13.8853,14.2239,1251904,17806898.15
2026-03-18,STK0046,14.3969,14.567,13.9449,14.1117,912832,12881612.5
2026-03-19,STK0046,14.1123,14.4522,13.7808,14.1205,1833751,25893537.88
2026-03-20,STK0046,14.1121,14.3379,13.3464,13.5634,1568783,21278051.61
2026-03-23,STK0046,13.5504,13.9795,13.2848,13.7108,1081872,14833360.31
2026-03-24,STK0046,13.6607,14.2266,13.5281,14.0898,1465125,20643363.3
2026-03-25,STK0046,14.1216,14.4287,13.8483,14.1547,982393,13905501.53
2026-03-26,STK0046,14.2631,14.7202,13.9936,14.4472,1111608,16059584.58
2026-03-27,STK0046,14.2329,14.9235,13.8801,14.5625,1682204,24497013.3
2026-03-30,STK0046,14.5476,15.0238,14.2973,14.7697,1539372,22736028.86
2026-03-31,STK0046,14.9022,15.6543,14.5584,15.3012,1080085,16526643.24
2026-04-01,STK0046,15.3374,15.6739,14.667,14.996,1492179,22376751.61
2026-04-02,STK0046,15.0333,15.8873,14.6856,15.5281,1322725,20539463.91
2026-04-03,STK0046,15.3797,16.2077,15.1462,15.9653,953095,15216460.36
2026-04-06,STK0046,16.0327,16.5464,15.9181,16.4289,1310305,21526924.66
2026-04-07,STK0046,16.5287,16.7842,16.091,16.3436,1601301,26171016.28
2026-04-08,STK0046,16.3632,16.7428,15.9077,16.2855,1522863,24800630.71
2026-04-09,STK0046,16.2216,16.6171,15.4899,15.8769,751226,11927167.21
2026-04-10,STK0046,15.9192,16.3236,15.5409,15.9447,1462145,23313444.44
2026-04-13,STK0046,15.8457,16.4208,15.6533,16.2238,1390439,22558166.02
2026-04-14,STK0046,16.1103,16.4405,15.6253,15.9523,725374,11571399.5
2026-04-15,STK0046,16.0293,16.2415,15.6333,15.843,1069324,16941321.9
2026-04-16,STK0046,15.9475,16.2331,15.45,15.7317,1708381,26875819.13
2026-04-17,STK0046,15.6618,15.9673,15.475,15.7792,2272577,35859357.82
2026-04-20,STK0046,15.6692,16.2822,15.5288,16.1376,768408,12400287.69
2026-04-21,STK0046,16.0529,17.0939,15.8576,16.8884,1874813,31662634.54
2026-04-22,STK0046,16.9085,17.0617,16.3815,16.5313,684683,11318681.42
2026-04-23,STK0046,16.4162,16.6088,16.0949,16.286,2107241,34318566.12
2026-04-24,STK0046,16.412,16.7006,15.9719,16.2578,1210847,19685735.54
2025-07-21,STK0047,9.0899,9.3548,9.0099,9.2733,1730037,16043089.48
2025-07-22,STK0047,9.2709,9.484,8.6939,8.8984,840603,7479994.12
2025-07-23,STK0047,8.9522,9.0098,8.8812,8.9387,1662736,14862664.26
2025-07-24,STK0047,8.9096,9.1106,8.8789,9.0793,1138139,10333539.57
2025-07-25,STK0047,9.0894,9.2372,8.9217,9.0692,1426474,12937009.16
2025-07-28,STK0047,9.0934,9.3121,8.7345,8.9497,1339764,11990461.48
2025-07-29,STK0047,8.885,8.9144,8.6622,8.691,1220860,10610536.33
2025-07-30,STK0047,8.7183,9.0082,8.5514,8.8389,2220987,19631141.23
2025-07-31,STK0047,8.8823,8.9222,8.7422,8.7816,1266793,11124528.44
2025-08-01,STK0047,8.8327,8.8779,8.648,8.6924,1837228,15969942.1
2025-08-04,STK0047,8.6348,9.3172,8.4316,9.1031,1863842,16966652.37
2025-08-05,STK0047,9.0465,9.3361,8.8825,9.1699,1292436,11851448.27
2025-08-06,STK0047,9.1669,9.3031,8.9593,9.0944,915235,8323546.56
2025-08-07,STK0047,9.0884,9.141,9.018,9.0704,1029291,9336128.89
2025-08-08,STK0047,9.0715,9.3465,8.9367,9.2096,2153631,19834142.16
2025-08-11,STK0047,9.1899,9.2215,9.0005,9.0315,1588513,14346645.72
2025-08-12,STK0047,9.0416,9.2436,8.9415,9.1424,1392750,12733045.49
2025-08-13,STK0047,9.0033,9.4442,8.8395,9.2753,1105615,10254965.06
2025-08-14,STK0047,9.312,9.4587,9.1717,9.3183,2399472,22358963.98
2025-08-15,STK0047,9.4009,9.6551,9.2362,9.4888,973764,9239831.02
2025-08-18,STK0047,9.4573,9.5165,9.4132,9.4723,1372203,12997893.17
2025-08-19,STK0047,9.4838,9.6682,9.1406,9.3219,1532960,14290077.75
2025-08-20,STK0047,9.4164,9.6423,8.9039,9.1228,818509,7467126.52
2025-08-21,STK0047,9.1247,9.3749,8.916,9.1653,1010977,9265897.9
2025-08-22,STK0047,9.1821,9.2325,9.1452,9.1955,1148795,10563764.28
2025-08-25,STK0047,9.2977,9.3847,9.258,9.3448,1830848,17108968.59
2025-08-26,STK0047,9.4597,9.6648,9.3291,9.5332,1160455,11062807.16
2025-08-27,STK0047,9.4727,10.0635,9.3396,9.924,823051,8167992.11
2025-08-28,STK0047,9.8996,10.1145,9.639,9.853,825955,8138094.61
2025-08-29,STK0047,9.9059,10.0542,9.8021,9.9499,1074917,10695299.75
2025-09-01,STK0047,9.9796,10.1177,9.8299,9.9678,848894,8461617.52
2025-09-02,STK0047,10.0101,10.1845,9.9432,10.1169,1854949,18766266.78
2025-09-03,STK0047,9.959,10.1957,9.6881,9.924,1857287,18431659.69
2025-09-04,STK0047,9.8083,10.0916,9.7614,10.0436,1441055,14473312.07
2025-09-05,STK0047,10.1516,10.383,9.7295,9.9565,1311086,13053819.23
2025-09-08,STK0047,10.0028,10.4025,9.7779,10.1737,1869878,19023662.85
2025-09-09,STK0047,10.1954,10.4294,10.1631,10.3965,1858151,19318345.75
2025-09-10,STK0047,10.3193,10.524,9.8634,10.063,1015916,10223151.7
2025-09-11,STK0047,10.038,10.136,9.682,9.7774,1059265,10356907.24
2025-09-12,STK0047,9.8109,9.9365,9.7406,9.8658,1807988,17837294.33
2025-09-15,STK0047,9.7843,10.0537,9.6742,9.9418,1559868,15507827.95
2025-09-16,STK0047,9.8998,10.161,9.6696,9.9302,1765244,17529162.66
2025-09-17,STK0047,9.9526,10.0638,9.701,9.8107,1034094,10145158.42
2025-09-18,STK0047,9.8454,9.9201,9.608,9.6814,1120454,10847573.78
2025-09-19,STK0047,9.6511,9.8901,9.5153,9.7529,1713890,16715458.24
2025-09-22,STK0047,9.8106,9.9226,9.495,9.6047,1149423,11039877.0
2025-09-23,STK0047,9.6596,9.7517,9.6361,9.728,874695,8509021.63
2025-09-24,STK0047,9.6239,9.7086,9.5634,9.6479,1163684,11227151.56
2025-09-25,STK0047,9.7432,9.7666,9.5993,9.6223,1357118,13058614.23
2025-09-26,STK0047,9.6899,9.9839,9.5541,9.846,2656253,26153340.92
2025-09-29,STK0047,9.8582,10.2097,9.693,10.0415,1068070,10725069.46
2025-09-30,STK0047,10.0333,10.2191,9.7254,9.9089,1396763,13840404.57
2025-10-01,STK0047,9.956,10.0235,9.606,9.6716,3008783,29099757.99
2025-10-02,STK0047,9.7026,9.9957,9.5036,9.7947,1031746,10105665.7
2025-10-03,STK0047,9.7788,9.8908,9.4141,9.5232,1932038,18399204.88
2025-10-06,STK0047,9.6154,9.7734,9.5853,9.7429,1216896,11856093.76
2025-10-07,STK0047,9.6206,9.9839,9.3961,9.7562,1809659,17655357.7
2025-10-08,STK0047,9.7173,9.9282,9.5429,9.7531,3536714,34494098.26
2025-10-09,STK0047,9.7794,9.9255,9.5633,9.7083,2112283,20506690.63
2025-10-10,STK0047,9.7053,10.046,9.6769,10.0167,1664700,16674835.33
2025-10-13,STK0047,10.0589,10.0822,9.5221,9.5443,1148123,10958023.14
2025-10-14,STK0047,9.4648,9.8537,9.3229,9.7082,1494791,14511709.92
2025-10-15,STK0047,9.6934,10.1567,9.4781,9.936,1295341,12870496.15
2025-10-16,STK0047,10.0048,10.1738,9.7544,9.922,957944,9504690.05
2025-10-17,STK0047,9.8334,9.9816,9.8125,9.9604,778891,7758052.24
2025-10-20,STK0047,9.946,10.2091,9.7802,10.0417,1253582,12588042.22
2025-10-21,STK0047,10.0097,10.2613,9.9095,10.1595,1666471,16930543.61
2025-10-22,STK0047,10.1817,10.2306,9.9563,10.0044,2495413,24965091.82
2025-10-23,STK0047,10.028,10.2707,9.8208,10.0628,1317912,13261833.16
2025-10-24,STK0047,10.0686,10.2223,9.8861,10.0392,1862571,18698809.76
2025-10-27,STK0047,10.0218,10.2761,9.8348,10.0879,935257,9434793.35
2025-10-28,STK0047,10.0917,10.5782,10.0332,10.5172,1279460,13456324.37
2025-10-29,STK0047,10.5068,10.5559,10.2778,10.326,707673,7307437.23
2025-10-30,STK0047,10.324,10.5237,10.1812,10.3801,3630811,37688044.99
2025-10-31,STK0047,10.4712,10.6193,10.1099,10.2549,1747072,17916062.14
2025-11-03,STK0047,10.1812,10.3734,10.0245,10.2162,1681686,17180517.05
2025-11-04,STK0047,10.2372,10.4329,9.8088,10.0,1875904,18758976.64
2025-11-05,STK0047,9.9436,10.1153,9.5762,9.7445,3742622,36469822.89
2025-11-06,STK0047,9.8594,10.1757,9.6864,10.0002,1336312,13363351.55
2025-11-07,STK0047,10.0055,10.1121,9.9452,10.0515,1090656,10962768.49
2025-11-10,STK0047,9.9754,10.2215,9.8595,10.1041,3056068,30878917.31
2025-11-11,STK0047,10.0901,10.2495,9.755,9.9116,992221,9834466.03
2025-11-12,STK0047,9.8252,10.0198,9.6883,9.8821,2414875,23864107.86
2025-11-13,STK0047,9.8447,9.9332,9.5748,9.6617,1532651,14808028.23
2025-11-14,STK0047,9.6975,9.9275,9.3633,9.5908,1856193,17802309.64
2025-11-17,STK0047,9.6694,9.7353,9.6189,9.6847,949916,9199635.0
2025-11-18,STK0047,9.7477,9.9857,9.3349,9.5686,3854191,36879119.28
2025-11-19,STK0047,9.5626,9.7537,9.2573,9.4461,1375511,12993267.85
2025-11-20,STK0047,9.4785,9.6274,9.2498,9.3975,1213895,11407571.76
2025-11-21,STK0047,9.4432,9.6168,9.3966,9.5696,1870812,17902942.04
2025-11-24,STK0047,9.6997,9.8449,9.5068,9.6512,1200873,11589899.05
2025-11-25,STK0047,9.6163,9.655,9.3388,9.3765,1712146,16053907.42
2025-11-26,STK0047,9.4618,9.7025,9.2401,9.4804,967281,9170167.33
2025-11-27,STK0047,9.4184,9.6571,9.3377,9.5751,1586529,15191125.74
2025-11-28,STK0047,9.6431,9.751,9.4055,9.512,1209301,11502826.77
2025-12-01,STK0047,9.4766,9.8771,9.3189,9.7153,1127116,10950322.27
2025-12-02,STK0047,9.6756,9.6991,9.6217,9.6452,1094271,10554416.45
2025-12-03,STK0047,9.6287,9.8055,9.4894,9.6657,2053925,19852612.05
2025-12-04,STK0047,9.6208,9.9592,9.4434,9.7788,1342000,13123193.35
2025-12-05,STK0047,9.8039,9.9514,9.7375,9.8845,1441252,14246031.28
2025-12-08,STK0047,9.9575,10.0127,9.7735,9.828,1823978,17926031.93
2025-12-09,STK0047,9.7043,9.9306,9.576,9.801,2311360,22653752.57
2025-12-10,STK0047,9.7908,10.1013,9.6504,9.9585,1099275,10947085.4
2025-12-11,STK0047,9.8937,10.3021,9.7741,10.179,1613586,16424662.7
2025-12-12,STK0047,10.2344,10.4521,10.1444,10.361,1098363,11380119.92
2025-12-15,STK0047,10.4497,10.5691,10.313,10.4322,1446430,15089438.0
2025-12-16,STK0047,10.4213,10.517,9.9808,10.0733,2284954,23017077.17
2025-12-17,STK0047,10.0309,10.1663,9.9532,10.0882,685610,6916598.23
2025-12-18,STK0047,9.9909,10.2853,9.8625,10.1548,1148529,11663051.49
2025-12-19,STK0047,10.2742,10.3904,10.1602,10.2763,1452796,14929384.79
2025-12-22,STK0047,10.358,10.636,10.2335,10.5097,1777479,18680786.27
2025-12-23,STK0047,10.3857,10.6707,10.3649,10.6493,2372443,25264886.68
2025-12-24,STK0047,10.6913,10.883,10.0443,10.2277,847251,8665416.1
2025-12-25,STK0047,10.1597,10.1909,9.9613,9.9921,2492234,24902619.86
2025-12-26,STK0047,9.9616,10.0289,9.8708,9.9379,1855890,18443670.7
2025-12-29,STK0047,9.8637,10.0657,9.6489,9.8506,1410764,13896936.34
2025-12-30,STK0047,9.7331,10.1453,9.4933,9.9014,896174,8873359.31
2025-12-31,STK0047,9.8987,10.4293,9.6531,10.1769,1237356,12592456.49
2026-01-01,STK0047,10.2933,10.5954,10.1325,10.4324,2133637,22259013.6
2026-01-02,STK0047,10.3746,10.4573,10.1709,10.2526,1483528,15210033.54
2026-01-05,STK0047,10.3076,10.5261,9.8296,10.0425,1394325,14002482.74
2026-01-06,STK0047,10.1058,10.2772,9.7277,9.8955,1045811,10348809.47
2026-01-07,STK0047,9.9384,10.1837,9.6508,9.895,1887290,18674725.16
2026-01-08,STK0047,10.0142,10.281,9.8677,10.1327,1385766,14041577.46
2026-01-09,STK0047,10.191,10.5177,10.0472,10.3714,1338485,13882022.25
2026-01-12,STK0047,10.4844,10.5159,10.3005,10.3315,1397362,14436901.16
2026-01-13,STK0047,10.2607,10.4961,10.1943,10.4286,1112864,11605664.23
2026-01-14,STK0047,10.4754,10.8596,10.2938,10.6745,1045846,11163874.72
2026-01-15,STK0047,10.7717,11.0395,10.1005,10.358,837402,8673805.65
2026-01-16,STK0047,10.3101,10.5584,10.1767,10.4235,1158369,12074242.61
2026-01-19,STK0047,10.2077,10.5326,10.1805,10.5045,761960,8004032.01
2026-01-20,STK0047,10.425,10.5416,10.2491,10.3651,1707863,17702211.57
2026-01-21,STK0047,10.3201,10.4613,10.2695,10.4102,1151409,11986412.46
2026-01-22,STK0047,10.4453,10.7339,10.1939,10.4815,1251974,13122602.56
2026-01-23,STK0047,10.446,10.5008,10.2824,10.3367,1444680,14933191.5
2026-01-26,STK0047,10.3369,10.3856,10.1124,10.1602,1108008,11257599.05
2026-01-27,STK0047,10.1234,10.2503,9.9312,10.0572,967920,9734581.42
2026-01-28,STK0047,10.0495,10.6135,9.9041,10.4621,1616303,16909983.87
2026-01-29,STK0047,10.458,10.7127,10.2645,10.5181,2808446,29539603.85
2026-01-30,STK0047,10.4783,10.8719,10.3687,10.7593,1958910,21076580.31
2026-02-02,STK0047,10.8125,11.1961,10.5678,10.9484,2251100,24645831.84
2026-02-03,STK0047,11.0394,11.2135,10.6751,10.8461,922307,10003419.52
2026-02-04,STK0047,10.7716,10.8048,10.6821,10.7152,1392729,14923355.45
2026-02-05,STK0047,10.7292,10.8683,10.6993,10.8381,1343310,14558905.89
2026-02-06,STK0047,10.7455,10.8829,10.4906,10.6264,2404320,25549224.16
2026-02-09,STK0047,10.5152,10.6425,10.1914,10.3163,1972945,20353560.8
2026-02-10,STK0047,10.3807,10.5095,10.0232,10.1491,1359985,13802571.36
2026-02-11,STK0047,10.272,10.5022,10.238,10.4675,645984,6761807.52
2026-02-12,STK0047,10.4469,10.4805,10.4028,10.4365,971525,10139315.39
2026-02-13,STK0047,10.5519,10.5878,10.4428,10.4784,1812480,18991903.48
2026-02-16,STK0047,10.4377,10.6348,10.0348,10.2279,1317941,13479733.03
2026-02-17,STK0047,10.2135,10.5816,10.0518,10.4167,1401208,14595908.47
2026-02-18,STK0047,10.5214,10.5755,10.2056,10.2583,1803010,18495806.82
2026-02-19,STK0047,10.2023,10.3238,10.0293,10.1502,2167796,22003592.99
2026-02-20,STK0047,10.2062,10.448,9.8892,10.1292,1138988,11536999.49
2026-02-23,STK0047,10.108,10.7624,10.0717,10.7239,1863212,19980866.99
2026-02-24,STK0047,10.6776,10.8943,10.6098,10.8255,2670582,28910490.84
2026-02-25,STK0047,10.7925,10.9885,10.6742,10.8694,2528627,27484657.54
2026-02-26,STK0047,10.7289,10.8086,10.2177,10.2942,1294846,13329342.41
2026-02-27,STK0047,10.3723,10.5355,10.3138,10.4763,1738465,18212749.9
2026-03-02,STK0047,10.4906,10.7464,10.0392,10.2902,2008083,20663486.28
2026-03-03,STK0047,10.281,10.4828,9.8958,10.0939,1569717,15844542.55
2026-03-04,STK0047,10.052,10.287,9.8633,10.0975,1427894,14418126.36
2026-03-05,STK0047,10.1164,10.5625,9.8792,10.3206,845745,8728571.69
2026-03-06,STK0047,10.3754,10.4408,10.309,10.3743,1131527,11738849.34
2026-03-09,STK0047,10.3573,10.5899,9.8177,10.0433,1211271,12165177.32
2026-03-10,STK0047,10.1015,10.3501,9.8244,10.0722,1001234,10084594.72
2026-03-11,STK0047,10.0888,10.245,9.7992,9.9533,1594732,15872815.09
2026-03-12,STK0047,9.9477,10.2427,9.7212,10.0147,2044360,20473592.3
2026-03-13,STK0047,10.0696,10.2788,9.7427,9.9493,1341026,13342291.26
2026-03-16,STK0047,9.919,10.0114,9.549,9.6387,727440,7011607.24
2026-03-17,STK0047,9.5666,9.7511,9.4744,9.658,1511260,14595735.39
2026-03-18,STK0047,9.6549,9.8243,9.458,9.6269,1749558,16842767.81
2026-03-19,STK0047,9.6289,9.7704,9.2084,9.3458,1696692,15856961.92
2026-03-20,STK0047,9.3334,9.4347,8.8581,8.9553,1223194,10954113.41
2026-03-23,STK0047,9.0195,9.0473,8.989,9.0168,1032972,9314115.04
2026-03-24,STK0047,9.0439,9.0902,9.0211,9.0672,2179058,19758032.99
2026-03-25,STK0047,9.061,9.0995,9.0088,9.0473,1769253,16007005.16
2026-03-26,STK0047,9.047,9.2724,8.9448,9.1688,1213753,11128708.36
2026-03-27,STK0047,9.1733,9.1974,8.8529,8.8763,894369,7938675.98
2026-03-30,STK0047,8.9043,9.0139,8.8562,8.9654,1656135,14847931.08
2026-03-31,STK0047,8.9682,9.3122,8.7506,9.0916,1117305,10158079.69
2026-04-01,STK0047,9.0832,9.1955,8.9325,9.0443,1725052,15601892.4
2026-04-02,STK0047,8.9722,9.1827,8.6759,8.8843,1589207,14119045.08
2026-04-03,STK0047,8.8466,8.9029,8.7528,8.8089,3081551,27145140.41
2026-04-06,STK0047,8.8236,8.919,8.7332,8.8286,1418686,12524972.45
2026-04-07,STK0047,8.8385,8.9927,8.4469,8.5968,2992676,25727518.2
2026-04-08,STK0047,8.5206,8.8064,8.3095,8.5936,1525514,13109660.1
2026-04-09,STK0047,8.5647,8.7197,8.3716,8.5259,1196606,10202148.3
2026-04-10,STK0047,8.4785,8.7156,8.2856,8.5217,1022002,8709210.62
2026-04-13,STK0047,8.5918,8.8024,8.5649,8.7749,1096130,9618450.74
2026-04-14,STK0047,8.7881,8.8671,8.6107,8.6888,1694329,14721680.55
2026-04-15,STK0047,8.7113,9.1064,8.517,8.9077,1582483,14096347.36
2026-04-16,STK0047,8.9042,9.0784,8.7792,8.9528,774392,6932972.61
2026-04-17,STK0047,8.9192,8.9719,8.6932,8.7448,2163755,18921711.37
2026-04-20,STK0047,8.7215,8.773,8.5073,8.5578,2538080,21720463.44
2026-04-21,STK0047,8.5832,8.78,8.4162,8.6125,790312,6806534.94
2026-04-22,STK0047,8.599,8.6475,8.3852,8.4327,2170154,18300270.08
2026-04-23,STK0047,8.4582,8.5738,8.3445,8.46,2706352,22895756.56
2026-04-24,STK0047,8.4673,8.5195,8.3444,8.3962,810320,6803579.04
2025-07-21,STK0048,47.8624,50.7151,47.1911,50.0136,1211629,60597908.78
2025-07-22,STK0048,50.3763,50.7333,49.7839,50.1392,1717192,86098580.06
2025-07-23,STK0048,49.9089,50.9427,48.7738,49.8055,2059927,102595665.37
2025-07-24,STK0048,49.7205,51.9204,48.7713,50.9478,3421415,174313526.95
2025-07-25,STK0048,51.3496,52.095,48.8536,49.5732,1167164,57860059.23
2025-07-28,STK0048,49.8376,51.0194,47.2115,48.3582,1542595,74597129.63
2025-07-29,STK0048,48.1123,50.0255,46.9906,48.8858,1122291,54864148.79
2025-07-30,STK0048,48.5704,49.5814,46.8893,47.886,2420338,115900243.54
2025-07-31,STK0048,47.8275,48.2034,47.5642,47.9395,3286462,157551344.03
2025-08-01,STK0048,47.774,49.2497,46.6959,48.1629,2429370,117005485.51
2025-08-04,STK0048,47.7407,50.7319,47.3094,50.2777,2620055,131730468.11
2025-08-05,STK0048,50.051,52.0241,49.2947,51.2496,1447468,74182220.41
2025-08-06,STK0048,50.4116,51.6426,48.7438,49.9639,2385912,119209378.35
2025-08-07,STK0048,50.2356,50.6029,48.9702,49.3309,1634805,80646415.26
2025-08-08,STK0048,49.5805,51.4687,49.2535,51.1315,2157933,110338443.94
2025-08-11,STK0048,51.5659,52.6794,49.0881,50.1716,2536408,127255573.23
2025-08-12,STK0048,50.278,50.3937,48.8967,49.0094,1914785,93842473.75
2025-08-13,STK0048,48.8778,49.1714,47.4388,47.7255,2830434,135083856.32
2025-08-14,STK0048,48.0194,49.2955,47.5619,48.8303,1998560,97590205.58
2025-08-15,STK0048,48.6252,49.857,47.7022,48.9283,2318454,113438013.6
2025-08-18,STK0048,48.5404,50.0838,47.9069,49.4385,4032856,199378533.53
2025-08-19,STK0048,49.3949,49.9405,48.5768,49.1194,2436012,119655567.02
2025-08-20,STK0048,49.2407,50.3797,47.5977,48.7248,1600710,77994195.43
2025-08-21,STK0048,48.488,49.4279,46.2215,47.1352,1714943,80834218.09
2025-08-22,STK0048,46.8399,47.6153,45.5025,46.2685,2753440,127397481.36
2025-08-25,STK0048,46.1529,46.6931,45.6996,46.239,2919031,134972971.47
2025-08-26,STK0048,46.3534,47.3618,44.5184,45.5084,1999387,90988893.67
2025-08-27,STK0048,45.4687,46.8621,45.1131,46.4984,1198529,55729709.69
2025-08-28,STK0048,47.2398,48.3621,44.7747,45.8642,1458522,66893981.33
2025-08-29,STK0048,45.8268,46.193,44.3611,44.7184,2188176,97851824.21
2025-09-01,STK0048,44.9203,46.5887,43.9832,45.6366,2592773,118325443.72
2025-09-02,STK0048,45.2417,47.1737,44.1999,46.1119,3001110,138386767.45
2025-09-03,STK0048,46.2745,47.5035,45.9409,47.1635,1005581,47426730.96
2025-09-04,STK0048,47.0329,47.3751,45.159,45.4901,2772388,126116134.91
2025-09-05,STK0048,45.4876,47.1378,45.3144,46.959,3355282,157560699.0
2025-09-08,STK0048,47.4367,48.1022,46.9694,47.633,886360,42219995.85
2025-09-09,STK0048,47.5267,48.1686,46.4386,47.0744,1984454,93416900.21
2025-09-10,STK0048,46.7064,47.4935,46.5206,47.3054,2604633,123213175.54
2025-09-11,STK0048,46.9795,48.3835,46.7274,48.1253,1211368,58297430.84
2025-09-12,STK0048,48.1752,48.7393,46.4456,46.9959,1687075,79285587.08
2025-09-15,STK0048,47.0294,47.3183,46.6875,46.9761,2425616,113945967.67
2025-09-16,STK0048,46.9978,47.9279,45.8477,46.7733,1682159,78680185.3
2025-09-17,STK0048,46.414,47.4756,45.9769,47.0327,1738636,81772730.92
2025-09-18,STK0048,47.608,48.5589,47.4621,48.4105,2133835,103299936.25
2025-09-19,STK0048,48.8377,49.109,48.2786,48.5482,1292568,62751902.65
2025-09-22,STK0048,48.5862,49.0267,47.9739,48.4129,1330196,64398626.68
2025-09-23,STK0048,47.973,49.4839,47.7162,49.2204,2371398,116721082.3
2025-09-24,STK0048,49.6905,50.0363,48.7945,49.1364,2766067,135914548.95
2025-09-25,STK0048,49.4727,49.8067,47.2528,47.574,2268662,107929331.6
2025-09-26,STK0048,47.6034,48.629,47.0497,48.07,3123594,150151128.95
2025-09-29,STK0048,48.417,49.7732,47.7365,49.0834,2236325,109766476.15
2025-09-30,STK0048,48.9381,51.1791,48.1394,50.3573,3677227,185175348.21
2025-10-01,STK0048,50.068,51.2154,47.5637,48.6792,1949758,94912636.77
2025-10-02,STK0048,48.7252,49.9649,47.8566,49.0898,2131375,104628825.38
2025-10-03,STK0048,48.6346,50.5954,48.3152,50.2653,2285930,114902889.68
2025-10-06,STK0048,49.9316,52.965,49.3159,52.3198,1570883,82188255.08
2025-10-07,STK0048,52.4908,53.6502,51.5051,52.6612,1509950,79515854.27
2025-10-08,STK0048,52.7371,55.1778,51.9583,54.3748,1435437,78051594.48
2025-10-09,STK0048,53.9259,54.2438,52.6952,53.0077,1589713,84266959.43
2025-10-10,STK0048,52.8777,53.9412,51.3837,52.4384,3943448,206788065.75
2025-10-13,STK0048,52.0191,52.9175,51.6798,52.5745,3546531,186457144.47
2025-10-14,STK0048,52.4206,52.9406,50.0462,50.5476,1695190,85687806.66
2025-10-15,STK0048,50.3666,51.7466,49.416,50.788,1619695,82261088.04
2025-10-16,STK0048,51.0913,53.6936,49.85,52.4201,902440,47305959.23
2025-10-17,STK0048,52.3708,54.6738,51.1935,53.4718,1353735,72386632.38
2025-10-20,STK0048,53.3938,55.9064,52.096,54.5798,1435535,78351213.93
2025-10-21,STK0048,54.4514,55.0572,53.7739,54.3788,1621553,88178170.25
2025-10-22,STK0048,53.8203,54.4675,53.125,53.7715,1590701,85534445.51
2025-10-23,STK0048,53.7397,56.6935,53.4309,56.3696,2093598,118015339.58
2025-10-24,STK0048,56.5332,58.2991,55.8056,57.5583,2527891,145501160.51
2025-10-27,STK0048,57.6384,58.932,56.4885,57.7793,1513199,87431583.48
2025-10-28,STK0048,58.0199,58.2279,57.0234,57.2285,3256530,186366443.87
2025-10-29,STK0048,57.4836,58.0204,55.6489,56.1734,2189997,123019627.18
2025-10-30,STK0048,56.9192,58.9064,55.5936,57.5658,2648235,152447805.91
2025-10-31,STK0048,57.1773,57.705,56.8228,57.3495,1619348,92868852.37
2025-11-03,STK0048,57.4304,58.3362,56.923,57.8253,2285590,132165038.87
2025-11-04,STK0048,57.9458,59.6335,56.5837,58.2639,2222883,129513829.47
2025-11-05,STK0048,58.1522,59.1776,57.5747,58.5958,3191367,187000569.34
2025-11-06,STK0048,58.3738,61.9109,57.1415,60.631,2363739,143315784.96
2025-11-07,STK0048,60.8127,61.3359,58.5554,59.0635,2508091,148136722.96
2025-11-10,STK0048,59.2065,59.8824,58.7381,59.4124,1551591,92183725.25
2025-11-11,STK0048,59.0382,61.7792,58.6661,61.3922,2891471,177513810.01
2025-11-12,STK0048,60.7336,62.423,60.5246,62.2089,1218864,75824239.03
2025-11-13,STK0048,62.0257,62.7423,61.0826,61.7965,1545948,95534229.49
2025-11-14,STK0048,61.5473,63.1686,60.4143,62.0268,2115329,131207064.54
2025-11-17,STK0048,62.2515,63.1299,61.4035,62.2815,1283055,79910576.09
2025-11-18,STK0048,61.9372,64.4214,61.233,63.6972,1394114,88801170.74
2025-11-19,STK0048,63.6294,65.1151,63.2029,64.6816,1411143,91275027.16
2025-11-20,STK0048,64.0226,65.1571,62.8594,63.9934,2222040,142195803.22
2025-11-21,STK0048,63.4004,65.0683,62.9049,64.5637,1815313,117203249.02
2025-11-24,STK0048,64.2663,65.6629,64.0903,65.4836,2682850,175682696.2
2025-11-25,STK0048,65.3852,67.6026,63.8039,66.0063,3760162,248194281.32
2025-11-26,STK0048,65.6824,67.7211,64.1272,66.1548,2201851,145662937.77
2025-11-27,STK0048,66.2114,67.2737,65.7524,66.8105,1644353,109860073.24
2025-11-28,STK0048,66.132,66.7959,65.6368,66.2995,2292951,152021461.67
2025-12-01,STK0048,66.214,67.2299,63.6085,64.5997,1465099,94644894.64
2025-12-02,STK0048,64.5208,65.2842,62.568,63.3171,1960979,124163521.51
2025-12-03,STK0048,62.7695,64.1767,61.0742,62.4748,4869604,304227717.56
2025-12-04,STK0048,62.5605,63.5852,61.8211,62.8425,1904073,119656681.76
2025-12-05,STK0048,62.0299,62.381,61.7121,62.063,2263451,140476570.95
2025-12-08,STK0048,61.8084,64.033,60.9076,63.1132,1905581,120267376.52
2025-12-09,STK0048,63.4121,63.7041,62.5226,62.8118,1748110,109801967.28
2025-12-10,STK0048,61.9788,62.7403,59.9607,60.7066,2398591,145610195.27
2025-12-11,STK0048,60.9515,64.3218,60.0203,63.3539,1285877,81465377.93
2025-12-12,STK0048,62.9123,64.406,60.447,61.9171,1934501,119778628.63
2025-12-15,STK0048,61.6981,63.6146,61.1584,63.063,1260739,79505974.57
2025-12-16,STK0048,63.5975,64.6746,62.1548,63.2257,3507301,221751428.85
2025-12-17,STK0048,62.9883,63.1145,62.0484,62.173,2886953,179490597.3
2025-12-18,STK0048,62.7779,64.1618,61.1588,62.5373,1591178,99508051.93
2025-12-19,STK0048,62.4229,63.003,60.6889,61.2581,1074370,65813912.21
2025-12-22,STK0048,61.2271,62.3954,60.7655,61.9285,2463278,152547212.51
2025-12-23,STK0048,62.2423,62.5135,60.9738,61.2407,2118862,129760548.59
2025-12-24,STK0048,61.4409,62.6735,59.5189,60.7373,4617602,280460812.71
2025-12-25,STK0048,60.7935,60.9942,59.716,59.9138,3392796,203275159.77
2025-12-26,STK0048,59.7474,62.1734,58.7789,61.1816,2676765,163768731.4
2025-12-29,STK0048,60.6149,61.176,59.8996,60.4593,1777861,107488229.71
2025-12-30,STK0048,59.9168,61.0167,58.468,59.5613,1955097,116448102.39
2025-12-31,STK0048,60.0324,61.486,57.5889,59.018,2369674,139853323.36
2026-01-01,STK0048,59.6228,60.8273,59.1266,60.3253,2474624,149282370.59
2026-01-02,STK0048,60.3722,61.3534,57.3798,58.3278,1665190,97126908.64
2026-01-05,STK0048,57.7104,59.6824,57.1031,59.061,1348182,79624958.45
2026-01-06,STK0048,58.788,60.0183,57.9816,59.2062,4174086,247131700.12
2026-01-07,STK0048,58.9149,60.052,58.6842,59.8178,2100892,125670759.59
2026-01-08,STK0048,59.6187,61.2509,59.2192,60.8432,2369487,144167205.82
2026-01-09,STK0048,60.5211,61.8394,59.2945,60.611,1510117,91529644.57
2026-01-12,STK0048,60.8006,61.4045,59.0723,59.665,3253541,194122604.52
2026-01-13,STK0048,59.7537,59.8745,59.6283,59.7492,2869100,171426314.0
2026-01-14,STK0048,60.3183,60.8841,56.9987,57.5384,2008169,115546832.87
2026-01-15,STK0048,57.4042,58.5848,56.4052,57.5827,2087447,120200818.22
2026-01-16,STK0048,57.6519,59.0555,55.5611,56.9476,2113095,120335696.25
2026-01-19,STK0048,57.2014,58.4395,54.0253,55.2205,1986346,109687017.6
2026-01-20,STK0048,55.56,56.6383,52.8946,53.9414,2310955,124656256.31
2026-01-21,STK0048,53.5432,56.2089,52.2917,54.9251,2083858,114456046.08
2026-01-22,STK0048,55.0586,57.0907,54.1135,56.1272,1716505,96342565.54
2026-01-23,STK0048,56.1766,56.9597,53.3706,54.1251,1226415,66379873.57
2026-01-26,STK0048,54.2236,56.5726,53.4422,55.7689,1822204,101622354.44
2026-01-27,STK0048,55.7889,57.1121,53.6935,54.9979,2345725,129009920.11
2026-01-28,STK0048,55.566,55.6799,53.6657,53.7759,2308123,124121342.24
2026-01-29,STK0048,53.4892,57.3511,52.7478,56.5671,2829036,160030324.71
2026-01-30,STK0048,56.2456,58.1874,55.1382,57.0639,2921670,166721857.33
2026-02-02,STK0048,56.7835,59.072,56.6202,58.9025,2272803,133873880.47
2026-02-03,STK0048,58.8001,60.0309,56.4873,57.695,1929455,111319958.93
2026-02-04,STK0048,57.7967,59.0342,55.0864,56.2917,2055512,115708275.68
2026-02-05,STK0048,56.1379,56.9262,54.3712,55.1456,1496075,82502001.42
2026-02-06,STK0048,55.4796,57.2088,54.3111,56.0288,2453661,137475582.28
2026-02-09,STK0048,56.0276,57.2963,55.7317,56.9954,2897217,165127913.35
2026-02-10,STK0048,56.9624,58.3119,54.7,56.0273,2687828,150591665.11
2026-02-11,STK0048,55.5819,56.0778,55.4083,55.9032,2166070,121090286.37
2026-02-12,STK0048,56.5174,57.3242,56.3559,57.1609,1674268,95702669.82
2026-02-13,STK0048,57.1446,57.9477,55.9875,56.7854,1587874,90168136.51
2026-02-16,STK0048,57.346,59.2364,56.2615,58.137,1710463,99441145.3
2026-02-17,STK0048,57.9203,58.9688,56.4557,57.4965,1431692,82317223.66
2026-02-18,STK0048,57.7837,58.6305,55.2852,56.1075,2052310,115149959.23
2026-02-19,STK0048,55.9184,57.0381,53.2223,54.3097,704432,38257502.77
2026-02-20,STK0048,54.9057,55.783,52.2087,53.0564,1572764,83445169.7
2026-02-23,STK0048,53.4144,55.7078,52.263,54.5323,1902298,103736751.65
2026-02-24,STK0048,54.811,55.11,54.5554,54.8542,4370348,239731960.16
2026-02-25,STK0048,54.6162,57.5812,53.2741,56.2002,1831037,102904573.39
2026-02-26,STK0048,56.8468,58.112,54.1677,55.4007,1849315,102453396.91
2026-02-27,STK0048,56.0823,57.3493,52.0206,53.223,1355189,72127226.96
2026-03-02,STK0048,53.1019,53.6522,51.7602,52.3022,3373961,176465595.96
2026-03-03,STK0048,52.353,55.1981,51.1081,53.9161,1414584,76268830.23
2026-03-04,STK0048,54.2167,54.5016,53.7844,54.0685,3777984,204270109.75
2026-03-05,STK0048,53.4325,53.8497,53.2299,53.6463,1441043,77306606.06
2026-03-06,STK0048,54.0164,54.6198,51.211,51.7895,2535658,131320448.95
2026-03-09,STK0048,52.1086,53.3311,49.7071,50.9013,1745800,88863466.18
2026-03-10,STK0048,50.7296,52.2214,49.4988,50.9844,1443155,73578453.05
2026-03-11,STK0048,50.3182,52.1835,49.6464,51.496,2499838,128731661.65
2026-03-12,STK0048,51.599,52.5946,50.1633,51.1502,2767789,141572825.1
2026-03-13,STK0048,50.8034,51.5339,49.0582,49.7739,1640345,81646357.35
2026-03-16,STK0048,49.3018,49.5291,48.6806,48.9061,1735242,84863879.05
2026-03-17,STK0048,49.015,49.8493,48.1172,48.9504,1540197,75393276.66
2026-03-18,STK0048,49.339,49.6044,47.6413,47.8989,1940465,92946123.05
2026-03-19,STK0048,47.836,48.6537,45.8603,46.6578,1204179,56184386.35
2026-03-20,STK0048,46.9908,47.3446,46.6165,46.9702,697505,32761923.93
2026-03-23,STK0048,47.1577,47.5376,46.1647,46.5396,918448,42744238.14
2026-03-24,STK0048,46.1578,48.4575,45.3489,47.623,1645938,78384508.32
2026-03-25,STK0048,47.4649,48.1667,46.8624,47.5629,1213901,57736667.22
2026-03-26,STK0048,47.8719,48.8818,45.5099,46.4906,1728065,80338841.19
2026-03-27,STK0048,46.3341,47.1739,45.5164,46.3559,1521594,70534821.46
2026-03-30,STK0048,46.5843,47.6027,46.175,47.1882,1407068,66396998.06
2026-03-31,STK0048,47.0722,49.7773,46.1367,48.8073,1427396,69667330.46
2026-04-01,STK0048,49.019,49.1899,47.804,47.9713,2639285,126610039.15
2026-04-02,STK0048,48.095,49.3283,47.186,48.4133,2004552,97046910.48
2026-04-03,STK0048,48.3412,49.9668,47.816,49.4298,3158213,156109963.06
2026-04-06,STK0048,49.6358,51.7716,49.1916,51.3125,1874515,96185998.68
2026-04-07,STK0048,50.6518,51.5378,49.9416,50.8252,910594,46281100.23
2026-04-08,STK0048,50.4952,51.6497,48.9859,50.1321,1213715,60846120.71
2026-04-09,STK0048,49.9929,50.9226,49.5977,50.5232,1817899,91845999.92
2026-04-10,STK0048,50.8799,53.0946,49.6086,51.8003,1914061,99149028.13
2026-04-13,STK0048,51.3528,54.4813,50.5546,53.6474,1398697,75036446.22
2026-04-14,STK0048,53.6362,55.1501,53.2179,54.7233,1289955,70590656.13
2026-04-15,STK0048,54.8277,56.0855,53.8465,55.0994,1361062,74993738.84
2026-04-16,STK0048,55.1813,57.0804,54.1376,56.0208,1572927,88116685.12
2026-04-17,STK0048,55.9877,56.7841,54.027,54.8066,1650835,90476639.31
2026-04-20,STK0048,54.6029,54.8761,53.8678,54.1387,1130549,61206455.83
2026-04-21,STK0048,54.0586,55.4394,52.9371,54.3126,1772872,96289264.22
2026-04-22,STK0048,54.6312,56.4604,53.5038,55.3189,1790642,99056270.15
2026-04-23,STK0048,55.0909,56.6045,54.0111,55.5164,1615914,89709725.57
2026-04-24,STK0048,54.8018,56.7207,53.7396,55.6423,1323263,73629433.83
2025-07-21,STK0049,14.7533,15.2894,14.447,14.9784,3997622,59878005.34
2025-07-22,STK0049,15.0014,15.1269,14.9259,15.0512,3630274,54639821.14
2025-07-23,STK0049,15.0366,15.4151,14.762,15.1387,2184130,33064812.39
2025-07-24,STK0049,15.2264,15.4627,15.0198,15.2558,2811685,42894408.89
2025-07-25,STK0049,15.3349,15.53,14.6964,14.8858,5673820,84459393.35
2025-07-28,STK0049,14.7912,14.9986,14.7064,14.9131,6054287,90288336.48
2025-07-29,STK0049,15.1239,15.4142,14.743,15.0316,2917267,43851077.26
2025-07-30,STK0049,15.0666,15.3977,14.1907,14.5095,5865570,85106260.11
2025-07-31,STK0049,14.3981,14.4949,13.9588,14.0534,2609625,36673973.92
2025-08-01,STK0049,13.9572,13.9946,13.8414,13.8785,3367537,46736431.11
2025-08-04,STK0049,13.6984,14.4541,13.479,14.2263,3716026,52865447.99
2025-08-05,STK0049,14.2917,14.9818,13.9405,14.6225,3564051,52115490.96
2025-08-06,STK0049,14.5764,15.0977,14.3197,14.8364,3052920,45294419.82
2025-08-07,STK0049,14.7618,15.0505,14.6465,14.9339,3995479,59668004.29
2025-08-08,STK0049,14.8763,15.734,14.5479,15.3942,4887674,75242026.67
2025-08-11,STK0049,15.3665,15.5874,14.8784,15.0954,2220668,33521861.97
2025-08-12,STK0049,15.1476,15.3555,14.8446,15.0512,3953688,59507629.96
2025-08-13,STK0049,14.9034,14.9528,14.5147,14.563,5380219,78352217.83
2025-08-14,STK0049,14.4698,14.6279,14.4207,14.5784,3404393,49630666.62
2025-08-15,STK0049,14.6192,14.8432,14.1321,14.3521,3242712,46539596.77
2025-08-18,STK0049,14.301,15.0399,14.0071,14.737,2920138,43034024.25
2025-08-19,STK0049,14.7886,15.3093,14.5028,15.0191,7735757,116184173.45
2025-08-20,STK0049,14.9743,15.5466,14.6204,15.1876,6325920,96075822.77
2025-08-21,STK0049,15.3318,15.5398,15.0934,15.3009,3375793,51652814.1
2025-08-22,STK0049,15.3201,15.5695,14.8421,15.0877,5541664,83610998.93
2025-08-25,STK0049,15.1991,15.4488,14.1414,14.3776,3010792,43287913.77
2025-08-26,STK0049,14.4223,14.5773,14.0926,14.2457,3429876,48861024.88
2025-08-27,STK0049,14.2952,14.5147,14.2657,14.4848,2547440,36899062.94
2025-08-28,STK0049,14.4195,14.9635,14.1125,14.6515,1936980,28379571.06
2025-08-29,STK0049,14.7544,14.8067,14.5506,14.6023,2952797,43117757.55
2025-09-01,STK0049,14.6213,15.4194,14.2694,15.0571,3033546,45676419.39
2025-09-02,STK0049,14.9712,15.2917,14.5669,14.8856,4094276,60945584.59
2025-09-03,STK0049,14.6983,14.7628,14.4633,14.5271,4393294,63821711.77
2025-09-04,STK0049,14.5393,14.7006,14.4694,14.6303,3352307,49045096.84
2025-09-05,STK0049,14.7632,15.043,14.2695,14.5451,2466086,35869553.64
2025-09-08,STK0049,14.4662,15.1713,14.2564,14.9544,2768190,41396744.02
2025-09-09,STK0049,14.8703,15.1219,14.1729,14.4169,6192774,89280654.07
2025-09-10,STK0049,14.3896,14.5143,14.0553,14.1782,4492921,63701428.68
2025-09-11,STK0049,14.2722,14.5908,13.9232,14.2411,5964526,84941422.3
2025-09-12,STK0049,14.085,14.6562,13.8809,14.4468,6661500,96237659.14
2025-09-15,STK0049,14.3906,14.6961,14.1747,14.4789,2817992,40801301.6
2025-09-16,STK0049,14.3917,14.9833,14.0351,14.621,4780993,69902822.65
2025-09-17,STK0049,14.6704,14.9601,14.2961,14.5841,2668032,38910725.41
2025-09-18,STK0049,14.5716,14.8316,13.9745,14.2284,5153407,73324749.95
2025-09-19,STK0049,14.1988,14.5103,13.842,14.1524,4906964,69445522.48
2025-09-22,STK0049,14.1372,14.592,13.7867,14.239,1732028,24662395.82
2025-09-23,STK0049,14.3062,14.7729,14.0103,14.4734,4221629,61101520.36
2025-09-24,STK0049,14.5712,14.8706,14.1884,14.4861,2833369,41044447.87
2025-09-25,STK0049,14.5754,14.6687,14.3323,14.4246,3314406,47808934.16
2025-09-26,STK0049,14.4745,14.7942,13.7822,14.0935,2986511,42090378.4
2025-09-29,STK0049,14.211,14.6414,13.8946,14.3225,5145231,73692598.0
2025-09-30,STK0049,14.2427,14.7954,14.0186,14.5662,2967653,43227413.64
2025-10-01,STK0049,14.6001,14.9084,14.3524,14.6597,2387036,34993237.21
2025-10-02,STK0049,14.8677,15.1108,14.1105,14.345,2712509,38910909.25
2025-10-03,STK0049,14.1878,14.5346,13.9816,14.3264,3300692,47286974.55
2025-10-06,STK0049,14.2805,14.3693,13.9931,14.0807,4128865,58137172.82
2025-10-07,STK0049,13.9934,14.3061,13.7538,14.0652,5546746,78016052.53
2025-10-08,STK0049,14.0896,15.1634,13.9384,15.0025,4395146,65938217.87
2025-10-09,STK0049,15.1325,15.3647,14.9155,15.1474,4605078,69755186.46
2025-10-10,STK0049,15.1964,15.5417,14.7204,15.0627,4825441,72684126.57
2025-10-13,STK0049,15.0431,15.1109,14.7314,14.7981,4917894,72775610.71
2025-10-14,STK0049,14.8467,15.2026,14.3149,14.6666,5331546,78195470.84
2025-10-15,STK0049,14.6411,14.9441,14.4205,14.7223,8873856,130643232.37
2025-10-16,STK0049,14.7394,15.0909,14.0516,14.3948,4970253,71546016.15
2025-10-17,STK0049,14.4484,14.6615,14.3528,14.5652,4064788,59204440.17
2025-10-20,STK0049,14.7192,14.767,14.0674,14.1132,3165147,44670405.02
2025-10-21,STK0049,14.1513,14.3818,13.4377,13.6601,4227558,57748911.82
2025-10-22,STK0049,13.678,14.312,13.4849,14.1128,5711478,80604774.79
2025-10-23,STK0049,14.2862,14.5562,13.8545,14.1215,2524182,35645150.06
2025-10-24,STK0049,13.9567,14.6995,13.7357,14.4704,5948139,86071683.56
2025-10-27,STK0049,14.4624,14.6624,13.9248,14.1201,3256793,45986112.24
2025-10-28,STK0049,14.0574,14.3773,13.1703,13.477,3505072,47237802.5
2025-10-29,STK0049,13.4577,13.5847,13.0073,13.1312,4513973,59273948.82
2025-10-30,STK0049,13.1789,13.9547,13.0702,13.8406,3141539,43480754.56
2025-10-31,STK0049,13.9223,14.2076,13.2355,13.5124,4455630,60206449.29
2025-11-03,STK0049,13.4703,14.1738,13.3344,14.0323,2532777,35540637.52
2025-11-04,STK0049,14.0887,14.2994,13.8649,14.0753,5172693,72807417.26
2025-11-05,STK0049,13.9997,14.3551,13.774,14.1273,4116152,58150034.93
2025-11-06,STK0049,14.0192,14.1421,13.8887,14.0116,3832592,53700856.43
2025-11-07,STK0049,14.0176,14.1603,13.6157,13.7558,4194685,57701048.84
2025-11-10,STK0049,13.7377,13.9915,13.6974,13.9505,3830374,53435765.19
2025-11-11,STK0049,14.0759,14.334,13.9572,14.2142,4520661,64257587.27
2025-11-12,STK0049,14.3969,14.5337,14.0918,14.2269,3626746,51597500.8
2025-11-13,STK0049,14.1751,14.4118,14.1413,14.3775,3553093,51084523.18
2025-11-14,STK0049,14.2221,14.5198,13.84,14.1359,2123485,30017357.56
2025-11-17,STK0049,14.0204,15.091,13.7069,14.7609,6324227,93351189.76
2025-11-18,STK0049,14.6871,14.8626,14.5978,14.7728,2586675,38212484.18
2025-11-19,STK0049,14.7912,15.5731,14.5557,15.329,6831292,104716941.25
2025-11-20,STK0049,15.305,15.4912,14.9428,15.1269,3591298,54325054.41
2025-11-21,STK0049,15.0131,15.2475,14.9389,15.1725,6033876,91549195.38
2025-11-24,STK0049,15.336,15.5945,15.2965,15.5544,5687066,88459124.82
2025-11-25,STK0049,15.6164,15.886,15.317,15.5861,5559333,86648097.04
2025-11-26,STK0049,15.7514,15.8118,15.6229,15.683,3968472,62237579.73
2025-11-27,STK0049,15.5144,15.8634,15.0571,15.4036,2552398,39316155.66
2025-11-28,STK0049,15.5217,15.8346,14.7867,15.0909,3674868,55457214.59
2025-12-01,STK0049,15.0775,15.3588,14.4142,14.6882,3464804,50891898.73
2025-12-02,STK0049,14.6538,14.9671,14.205,14.5154,3739995,54287527.78
2025-12-03,STK0049,14.5175,14.5822,14.2914,14.3553,2524196,36235585.32
2025-12-04,STK0049,14.2952,14.5299,14.0341,14.2684,3503311,49986694.11
2025-12-05,STK0049,14.2562,14.4282,14.16,14.3315,1406578,20158437.81
2025-12-08,STK0049,14.4132,14.6143,13.825,14.0207,3533863,49547094.65
2025-12-09,STK0049,13.8565,13.9985,13.4931,13.6328,4029190,54929140.12
2025-12-10,STK0049,13.7558,13.8221,13.3936,13.4584,2955326,39774105.67
2025-12-11,STK0049,13.4902,14.3423,13.2353,14.0764,3508261,49383627.59
2025-12-12,STK0049,14.0671,14.2305,13.9413,14.1044,3999282,56407348.34
2025-12-15,STK0049,14.1838,14.2522,13.8051,13.872,5445725,75543144.19
2025-12-16,STK0049,13.9023,14.2113,13.573,13.8816,5428599,75357373.48
2025-12-17,STK0049,13.8416,13.9122,13.7438,13.8142,4154219,57387402.65
2025-12-18,STK0049,13.7503,14.1024,13.6579,14.0082,3711204,51987465.83
2025-12-19,STK0049,14.1349,14.1708,14.0051,14.0409,4241233,59550554.27
2025-12-22,STK0049,13.9168,14.3395,13.723,14.1425,6966841,98528447.51
2025-12-23,STK0049,14.1258,14.5019,13.8294,14.2038,4357036,61886607.36
2025-12-24,STK0049,14.0841,14.8372,13.7802,14.5238,3959394,57505329.16
2025-12-25,STK0049,14.5663,14.8447,14.2239,14.501,5176974,75071326.28
2025-12-26,STK0049,14.4926,14.7511,14.3065,14.5641,3609712,52572310.68
2025-12-29,STK0049,14.4553,14.8435,14.1307,14.5175,2611574,37913547.26
2025-12-30,STK0049,14.442,14.7257,14.118,14.4009,4049758,58319963.52
2025-12-31,STK0049,14.4047,14.7281,13.7714,14.0877,3644546,51343310.66
2026-01-01,STK0049,14.1118,14.5545,14.0059,14.446,3150165,45507270.65
2026-01-02,STK0049,14.2791,14.991,14.053,14.7574,4130065,60949096.42
2026-01-05,STK0049,14.6951,14.7912,14.6584,14.7543,1820342,26857947.39
2026-01-06,STK0049,14.7686,15.1396,14.5619,14.9306,2898857,43281813.78
2026-01-07,STK0049,15.0394,15.3728,14.3974,14.7238,2600549,38289962.05
2026-01-08,STK0049,14.7981,15.0791,14.4498,14.7294,2653134,39079029.02
2026-01-09,STK0049,14.6892,14.9808,14.2058,14.4935,3191371,46254069.58
2026-01-12,STK0049,14.5806,14.7161,14.339,14.4735,2394218,34652632.38
2026-01-13,STK0049,14.4461,15.0752,14.2849,14.9089,5876508,87612110.85
2026-01-14,STK0049,14.6322,14.9933,14.2276,14.5876,3735899,54497921.09
2026-01-15,STK0049,14.7143,14.8342,14.3795,14.4976,2393205,34695757.5
2026-01-16,STK0049,14.5375,14.6358,14.4796,14.5777,1719434,25065375.71
2026-01-19,STK0049,14.5941,15.0184,14.4344,14.8558,2556130,37973247.68
2026-01-20,STK0049,14.8565,15.1484,13.9876,14.2679,2805221,40024601.85
2026-01-21,STK0049,14.2938,14.4946,14.0219,14.2216,2498076,35526660.21
2026-01-22,STK0049,14.2222,14.265,13.9705,14.0126,7509690,105230643.05
2026-01-23,STK0049,13.9884,14.2302,13.4001,13.6358,1773535,24183588.03
2026-01-26,STK0049,13.5825,13.8394,13.1821,13.4363,3219772,43261817.86
2026-01-27,STK0049,13.4425,13.6558,12.803,13.0094,3027243,39382475.07
2026-01-28,STK0049,12.9407,13.091,12.8639,13.0137,2940549,38267437.84
2026-01-29,STK0049,12.9248,13.3192,12.8422,13.2346,1648988,21823666.97
2026-01-30,STK0049,13.256,13.4487,13.1053,13.2975,3185108,42354057.5
2026-02-02,STK0049,13.3759,13.5129,13.0944,13.2299,3498338,46282507.17
2026-02-03,STK0049,13.1668,13.224,13.0768,13.1338,4182069,54926491.45
2026-02-04,STK0049,13.0849,13.3697,12.6617,12.9434,3922701,50773173.34
2026-02-05,STK0049,12.8124,13.1105,12.3052,12.5984,4980537,62746551.51
2026-02-06,STK0049,12.4993,12.7462,12.4329,12.6789,1581500,20051732.41
2026-02-09,STK0049,12.5821,12.9974,12.3942,12.8061,2991119,38304673.67
2026-02-10,STK0049,12.8812,13.0343,12.4283,12.5778,7845004,98673056.91
2026-02-11,STK0049,12.4475,13.1001,12.3055,12.9523,4672424,60518732.27
2026-02-12,STK0049,12.9881,13.3763,12.7887,13.1741,1891202,24914815.07
2026-02-13,STK0049,13.1531,13.4335,12.9892,13.2682,3266329,43338182.0
2026-02-16,STK0049,13.3164,13.585,13.1515,13.4188,2188300,29364365.34
2026-02-17,STK0049,13.513,13.5847,12.9973,13.0666,2698832,35264454.59
2026-02-18,STK0049,13.0642,13.3039,12.5795,12.8146,6478923,83024946.13
2026-02-19,STK0049,12.9021,13.1091,12.7042,12.911,4480573,57848832.1
2026-02-20,STK0049,13.0317,13.0745,12.683,12.7248,1867392,23762207.78
2026-02-23,STK0049,12.828,12.9644,12.691,12.8274,2367169,30364615.25
2026-02-24,STK0049,12.7758,13.0748,12.6862,12.9838,3045195,39538198.21
2026-02-25,STK0049,12.8313,13.3071,12.6905,13.1627,2812015,37013642.51
2026-02-26,STK0049,13.1528,13.2151,13.0566,13.1187,3404731,44665569.66
2026-02-27,STK0049,13.1327,13.3434,12.8044,13.0132,2348875,30566404.78
2026-03-02,STK0049,12.8616,13.0741,12.6638,12.8761,2657533,34218684.87
2026-03-03,STK0049,12.8808,13.2065,12.6795,13.0032,2264689,29448190.71
2026-03-04,STK0049,12.804,13.8798,12.6706,13.7367,2586872,35534968.42
2026-03-05,STK0049,13.8647,14.1226,13.4672,13.7225,3791019,52022411.61
2026-03-06,STK0049,13.7619,14.4432,13.4677,14.1409,3277072,46340702.38
2026-03-09,STK0049,14.0717,14.2345,13.7717,13.933,2272715,31665815.21
2026-03-10,STK0049,13.9436,14.1104,13.7036,13.8695,4364280,60530341.36
2026-03-11,STK0049,13.8903,14.2051,13.4088,13.7198,4292503,58892149.01
2026-03-12,STK0049,13.7596,13.9786,13.2669,13.4815,2972129,40068739.22
2026-03-13,STK0049,13.4871,13.6722,13.2256,13.4096,2728561,36588866.48
2026-03-16,STK0049,13.4858,13.8147,13.2302,13.5577,5463977,74078865.82
2026-03-17,STK0049,13.4549,13.9841,13.3321,13.8575,5272943,73069894.44
2026-03-18,STK0049,13.8468,13.8849,13.6471,13.6848,1765466,24159978.14
2026-03-19,STK0049,13.8322,14.0832,13.2317,13.4763,4575309,61658032.32
2026-03-20,STK0049,13.4478,13.6746,13.1175,13.3425,5538598,73898551.89
2026-03-23,STK0049,13.3618,13.5799,13.2034,13.4208,3758672,50444296.57
2026-03-24,STK0049,13.3409,13.7809,13.3001,13.7389,2609778,35855466.25
2026-03-25,STK0049,13.9178,14.2466,13.3388,13.6615,2721795,37183894.76
2026-03-26,STK0049,13.6849,13.9423,13.3472,13.603,5592903,76080247.54
2026-03-27,STK0049,13.5007,14.1261,13.3539,13.9743,4091837,57180387.59
2026-03-30,STK0049,14.066,14.1592,13.9606,14.0537,3763626,52893020.34
2026-03-31,STK0049,13.9635,14.1698,13.7313,13.9371,7157784,99759065.51
2026-04-01,STK0049,13.9944,14.0293,13.8392,13.8737,2228667,30919961.11
2026-04-02,STK0049,13.9597,14.1956,13.785,14.0202,3005223,42133732.34
2026-04-03,STK0049,14.1917,14.5427,13.3485,13.687,3307346,45267552.08
2026-04-06,STK0049,13.7054,14.0104,13.4449,13.7492,2870875,39472145.62
2026-04-07,STK0049,13.7532,14.2195,13.4141,13.8774,1612474,22376937.08
2026-04-08,STK0049,13.7096,14.4093,13.5574,14.251,4299515,61272465.99
2026-04-09,STK0049,14.212,14.2689,13.9104,13.9663,2272566,31739347.22
2026-04-10,STK0049,13.9066,14.6988,13.5701,14.3515,2308746,33133984.59
2026-04-13,STK0049,14.336,14.9209,14.022,14.6012,2694891,39348531.24
2026-04-14,STK0049,14.5557,15.1142,14.3382,14.8918,2820633,42004221.68
2026-04-15,STK0049,14.9622,15.0712,14.5787,14.6857,2901617,42612154.69
2026-04-16,STK0049,14.6364,15.4478,14.3585,15.1599,4265228,64660555.28
2026-04-17,STK0049,15.2032,15.4523,15.1661,15.4146,4596775,70857550.72
2026-04-20,STK0049,15.4039,16.0741,15.0492,15.7122,2771731,43550012.64
2026-04-21,STK0049,15.6536,16.5007,15.3713,16.2084,2476229,40135625.22
2026-04-22,STK0049,16.1391,16.3152,16.0416,16.2172,2941233,47698632.8
2026-04-23,STK0049,16.2399,16.4873,16.146,16.3925,2273456,37267583.28
2026-04-24,STK0049,16.5279,16.5829,16.198,16.2522,3036890,49356047.91
2025-07-21,STK0050,73.2716,76.7395,72.7033,76.1489,1361511,103677553.82
2025-07-22,STK0050,75.6696,77.4167,73.7254,75.4678,1515143,114344434.52
2025-07-23,STK0050,75.5581,76.9479,72.2402,73.5939,2268545,166951000.09
2025-07-24,STK0050,73.7012,74.6334,72.0637,72.9869,2068034,150939301.86
2025-07-25,STK0050,72.5383,74.2867,69.5633,71.2814,1143661,81521760.49
2025-07-28,STK0050,71.2367,72.6023,70.1073,71.4691,5293188,378299636.42
2025-07-29,STK0050,71.2924,73.8026,70.1872,72.6759,1716373,124739029.07
2025-07-30,STK0050,72.3436,73.5255,71.5978,72.7753,1314303,95648763.82
2025-07-31,STK0050,72.5404,74.7733,71.0026,73.2212,2581628,189029807.64
2025-08-01,STK0050,72.4751,76.6127,71.3546,75.4462,2145342,161857924.58
2025-08-04,STK0050,75.9289,77.1663,73.5991,74.8185,1651045,123528667.37
2025-08-05,STK0050,75.5231,77.3004,73.3975,75.1664,2544904,191291248.02
2025-08-06,STK0050,74.7498,75.3633,74.0465,74.6593,1706380,127397093.55
2025-08-07,STK0050,75.1582,76.6757,72.212,73.7,1939891,142970039.77
2025-08-08,STK0050,73.6859,75.2073,69.8707,71.3438,3535070,252205350.13
2025-08-11,STK0050,71.3394,72.9463,71.0928,72.6949,2307028,167709246.79
2025-08-12,STK0050,72.1322,73.4748,70.6012,71.9403,2698253,194113182.46
2025-08-13,STK0050,71.7,73.2128,69.741,71.2442,1772621,126288951.05
2025-08-14,STK0050,71.4723,73.31,70.4477,72.2738,2153876,155668901.54
2025-08-15,STK0050,71.8521,72.1796,70.4641,70.7867,1534676,108634628.27
2025-08-18,STK0050,70.4724,70.7413,69.4488,69.7148,1513868,105538967.11
2025-08-19,STK0050,69.5026,69.6792,69.2724,69.4489,1771674,123040871.63
2025-08-20,STK0050,68.0436,70.2374,67.3345,69.513,1579527,109797650.18
2025-08-21,STK0050,69.65,70.7845,66.8253,67.9317,2947888,200255168.92
2025-08-22,STK0050,68.1919,69.5905,67.1613,68.5544,2508081,171940055.06
2025-08-25,STK0050,68.7046,69.6475,66.9628,67.8946,911406,61879571.44
2025-08-26,STK0050,68.2798,69.153,67.488,68.3602,3726970,254776457.29
2025-08-27,STK0050,68.1783,69.8689,66.9743,68.6565,2605935,178914276.5
2025-08-28,STK0050,69.4066,71.6821,67.8579,70.1175,3110468,218098127.4
2025-08-29,STK0050,69.763,72.3155,68.2973,70.8275,1930361,136722602.51
2025-09-01,STK0050,70.7321,72.0759,69.4274,70.7705,1222603,86524167.07
2025-09-02,STK0050,70.6333,72.7758,70.0172,72.1464,1305524,94188857.59
2025-09-03,STK0050,72.2271,73.9338,69.6805,71.3669,3761075,268416202.25
2025-09-04,STK0050,71.2644,72.8185,68.5012,70.0284,1188798,83249643.67
2025-09-05,STK0050,69.9852,71.6507,67.519,69.165,1224074,84663104.99
2025-09-08,STK0050,68.884,70.0026,65.7691,66.8547,1754212,117277306.4
2025-09-09,STK0050,66.679,67.323,65.502,66.1408,1272017,84132217.21
2025-09-10,STK0050,65.2601,67.1411,64.4509,66.3187,2435475,161517641.82
2025-09-11,STK0050,66.6388,67.2738,63.8178,64.4318,2447514,157697640.08
2025-09-12,STK0050,64.0379,67.4587,63.3929,66.7861,2318816,154864631.47
2025-09-15,STK0050,66.5898,67.3747,63.7541,64.5146,1646956,106252703.69
2025-09-16,STK0050,64.1057,65.6125,62.3928,63.8947,2305611,147316304.43
2025-09-17,STK0050,64.1135,64.9753,61.1664,61.9998,3850237,238713785.55
2025-09-18,STK0050,61.798,63.901,61.0996,63.187,1252326,79130703.82
2025-09-19,STK0050,62.2675,65.1121,61.2272,64.0423,3073262,196818639.18
2025-09-22,STK0050,64.1502,64.701,63.3381,63.8866,2688778,171776991.95
2025-09-23,STK0050,63.6008,63.7409,62.5438,62.6818,1957773,122716782.35
2025-09-24,STK0050,62.673,63.8505,60.3355,61.4907,2157522,132667616.97
2025-09-25,STK0050,61.7985,62.6963,61.2024,62.0972,2332086,144816108.77
2025-09-26,STK0050,61.7304,62.191,60.9726,61.431,1449984,89074019.03
2025-09-29,STK0050,61.4123,62.2908,60.1113,60.9837,1174442,71621855.72
2025-09-30,STK0050,60.702,61.5579,60.3557,61.2087,2859311,175014570.82
2025-10-01,STK0050,61.5721,62.0889,59.7407,60.2463,1381577,83234935.9
2025-10-02,STK0050,60.2749,61.1056,57.5102,58.314,1473354,85917116.9
2025-10-03,STK0050,58.3059,59.7292,55.4286,56.8156,1810963,102890892.72
2025-10-06,STK0050,56.3941,56.8233,54.8988,55.3198,2354088,130227755.36
2025-10-07,STK0050,55.5694,56.2775,53.8602,54.5554,1754188,95700363.38
2025-10-08,STK0050,54.8432,56.0053,54.0675,55.2242,1660969,91725605.08
2025-10-09,STK0050,54.9709,56.0303,53.9596,55.0181,3026558,166515533.77
2025-10-10,STK0050,55.0689,57.4036,54.2976,56.6107,1921411,108772347.37
2025-10-13,STK0050,56.8107,57.8827,53.6215,54.6527,1622479,88672874.72
2025-10-14,STK0050,55.3849,56.5965,53.6881,54.8889,2471631,135665002.68
2025-10-15,STK0050,55.0178,55.4857,53.7642,54.2253,2153483,116773259.7
2025-10-16,STK0050,54.2252,57.652,53.0745,56.454,2116192,119467501.49
2025-10-17,STK0050,56.4013,57.1142,55.9477,56.6586,2469354,139910017.65
2025-10-20,STK0050,56.6259,57.7932,55.2658,56.4291,2037742,114987972.49
2025-10-21,STK0050,56.6895,57.633,55.6926,56.6351,2857872,161855993.62
2025-10-22,STK0050,56.3362,57.5766,55.4869,56.7215,1321134,74936699.29
2025-10-23,STK0050,57.0398,57.7625,55.982,56.7004,3416292,193705069.52
2025-10-24,STK0050,56.1785,58.1271,55.3614,57.2937,1588765,91026271.75
2025-10-27,STK0050,57.5232,58.8795,57.0978,58.4472,1209990,70720568.19
2025-10-28,STK0050,58.7795,59.8403,57.9886,59.0458,1642871,97004636.65
2025-10-29,STK0050,59.3321,60.2812,57.6589,58.5962,1902695,111490756.98
2025-10-30,STK0050,58.6914,61.4065,58.0589,60.7518,1646677,100038604.64
2025-10-31,STK0050,60.8959,62.0577,60.2393,61.3957,1524308,93585991.73
2025-11-03,STK0050,61.2485,61.8604,59.9152,60.5198,3076645,186197993.99
2025-11-04,STK0050,60.1127,61.7294,58.8617,60.4708,1611710,97461469.99
2025-11-05,STK0050,60.5615,61.2181,59.6997,60.3541,992646,59910253.99
2025-11-06,STK0050,60.3791,61.3058,59.1449,60.0667,1869707,112307186.99
2025-11-07,STK0050,60.4006,61.872,58.8748,60.3448,4386973,264731096.24
2025-11-10,STK0050,60.2937,60.456,58.4075,58.5651,1459725,85489006.55
2025-11-11,STK0050,58.621,60.5048,58.2073,60.0807,1553344,93326025.17
2025-11-12,STK0050,60.1844,62.0743,58.7833,60.6621,1844426,111886719.62
2025-11-13,STK0050,60.8708,61.9959,57.513,58.5961,3771947,221021468.84
2025-11-14,STK0050,58.9306,59.5587,58.2075,58.8346,1998008,117551965.33
2025-11-17,STK0050,58.4989,59.7905,58.2611,59.5484,1572908,93664172.72
2025-11-18,STK0050,59.7997,61.8568,58.9732,61.0136,2504274,152794663.62
2025-11-19,STK0050,60.9475,64.2634,59.7268,63.0015,2393971,150823791.08
2025-11-20,STK0050,63.2449,66.2161,62.5033,65.4486,2576231,168610742.79
2025-11-21,STK0050,66.0318,67.4456,63.9718,65.3715,1486007,97142470.46
2025-11-24,STK0050,64.5497,66.933,63.9893,66.357,1739620,115435930.1
2025-11-25,STK0050,66.8423,67.7372,64.9254,65.8065,3118542,205220276.06
2025-11-26,STK0050,65.7598,67.1295,65.4918,66.8571,2443190,163344615.0
2025-11-27,STK0050,66.5148,67.4519,63.4277,64.334,2806703,180566468.65
2025-11-28,STK0050,64.1654,65.5644,60.8971,62.2545,2060198,128256551.49
2025-12-01,STK0050,61.8704,62.2107,60.9192,61.2562,3022603,185153113.44
2025-12-02,STK0050,61.443,62.4273,59.7563,60.7292,2308413,140188114.81
2025-12-03,STK0050,60.3533,61.1353,59.7964,60.5763,1740302,105421114.17
2025-12-04,STK0050,61.0156,62.8305,60.3976,62.2005,2724893,169489685.91
2025-12-05,STK0050,62.4593,62.5965,61.0436,61.1781,1507600,92232029.8
2025-12-08,STK0050,61.2615,62.135,58.832,59.683,3523777,210309655.09
2025-12-09,STK0050,58.9583,61.2975,57.5043,59.8221,2905786,173830350.65
2025-12-10,STK0050,59.3493,59.6685,58.776,59.0938,1815218,107268071.87
2025-12-11,STK0050,59.0654,60.4693,58.629,60.0259,1874463,112516240.77
2025-12-12,STK0050,60.0166,61.8276,59.5842,61.3854,2131298,130830493.13
2025-12-15,STK0050,61.7325,63.9083,60.8109,62.9682,1938727,122078166.95
2025-12-16,STK0050,61.8774,64.2915,61.4834,63.8847,3272786,209081064.04
2025-12-17,STK0050,63.5944,65.1135,61.6467,63.1554,1685341,106438336.56
2025-12-18,STK0050,63.4734,64.6169,62.2314,63.3731,1178511,74685907.81
2025-12-19,STK0050,63.245,64.2811,62.1784,63.2139,1795863,113523565.9
2025-12-22,STK0050,63.0369,63.1688,62.4461,62.5769,2558923,160129532.53
2025-12-23,STK0050,61.9745,62.7692,61.1772,61.9719,2806199,173905384.0
2025-12-24,STK0050,62.3667,63.6525,60.9295,62.2121,2027411,126129543.1
2025-12-25,STK0050,62.0314,62.8788,59.3757,60.1981,1581300,95191263.17
2025-12-26,STK0050,60.5944,62.6475,59.4443,61.4806,1955078,120199301.99
2025-12-29,STK0050,62.0236,63.1207,59.8112,60.8881,1517076,92371932.74
2025-12-30,STK0050,61.3712,63.0749,59.9365,61.634,852896,52567414.81
2025-12-31,STK0050,61.622,62.5775,60.9791,61.9314,1434538,88842902.72
2026-01-01,STK0050,61.7517,65.4063,60.456,64.062,2318069,148500220.66
2026-01-02,STK0050,63.8501,64.3603,61.1257,61.6181,1779065,109622537.65
2026-01-05,STK0050,62.3501,63.6071,61.4259,62.678,1748704,109605322.39
2026-01-06,STK0050,62.5984,65.2667,61.5835,64.2254,2867041,184136954.37
2026-01-07,STK0050,64.6326,65.4924,63.8452,64.7042,1387954,89806408.97
2026-01-08,STK0050,64.8917,66.2373,64.6092,65.9501,1440240,94984019.4
2026-01-09,STK0050,65.7875,67.8886,64.9989,67.0845,2170868,145631643.5
2026-01-12,STK0050,66.9827,67.4202,65.7872,66.2197,1531948,101445146.42
2026-01-13,STK0050,66.6916,67.8591,65.8107,66.9745,1562265,104631907.13
2026-01-14,STK0050,66.9871,67.7693,66.8213,67.602,3425660,231581434.77
2026-01-15,STK0050,67.4182,68.3026,64.3985,65.2546,1344895,87760533.7
2026-01-16,STK0050,64.9394,66.1806,64.246,65.4814,1484351,97197345.62
2026-01-19,STK0050,65.6072,65.7588,65.3307,65.482,2250245,147350621.46
2026-01-20,STK0050,65.2794,66.7769,64.2138,65.7043,1913871,125749629.47
2026-01-21,STK0050,65.9389,66.5455,63.9475,64.5412,1211269,78176797.1
2026-01-22,STK0050,65.534,66.5429,62.6726,63.6525,3684797,234546651.16
2026-01-23,STK0050,63.8507,65.2794,60.1698,61.5469,1481848,91203216.7
2026-01-26,STK0050,62.2168,63.5782,58.3682,59.6739,1742806,104000080.58
2026-01-27,STK0050,59.4185,61.5782,58.6115,60.753,2196489,133443380.17
2026-01-28,STK0050,61.0029,61.7861,59.718,60.4947,4118988,249177074.42
2026-01-29,STK0050,60.9522,61.8218,59.7431,60.6078,1680923,101876983.74
2026-01-30,STK0050,61.1116,63.7302,60.4408,63.0382,1415278,89216595.83
2026-02-02,STK0050,63.5239,64.0821,62.324,62.8765,2355831,148126439.51
2026-02-03,STK0050,62.8828,63.9893,62.529,63.6313,4059011,258280315.41
2026-02-04,STK0050,63.972,65.4464,60.2282,61.649,2056544,126783859.86
2026-02-05,STK0050,61.2737,61.6398,61.0643,61.4298,1788202,109848899.97
2026-02-06,STK0050,62.025,62.6414,59.5805,60.1785,2234667,134478886.36
2026-02-09,STK0050,59.8357,61.024,59.4869,60.6704,947636,57493439.22
2026-02-10,STK0050,61.1286,61.336,60.0602,60.2646,1610861,97077870.26
2026-02-11,STK0050,60.6431,61.4304,60.2809,61.0656,1048286,64014234.95
2026-02-12,STK0050,61.4468,62.4843,60.6795,61.7136,1706044,105286158.3
2026-02-13,STK0050,62.4832,63.4115,58.8193,59.7063,1621293,96801327.86
2026-02-16,STK0050,60.0845,61.4406,58.0778,59.4189,763215,45349419.08
2026-02-17,STK0050,58.9479,59.9929,56.4513,57.4701,2051095,117876658.17
2026-02-18,STK0050,57.6739,58.853,56.0938,57.2646,2361606,135236428.94
2026-02-19,STK0050,56.6191,58.5638,55.7853,57.7139,1779311,102691005.57
2026-02-20,STK0050,57.6824,58.8252,57.3,58.4378,1135856,66376887.84
2026-02-23,STK0050,58.2898,60.3033,57.0339,59.0314,3018444,178182891.86
2026-02-24,STK0050,59.2577,60.023,56.6833,57.4249,3673623,210957524.85
2026-02-25,STK0050,57.1421,59.2086,56.0141,58.0625,2187755,127026511.5
2026-02-26,STK0050,57.7869,58.4827,57.6629,58.3575,1680609,98076088.75
2026-02-27,STK0050,58.5332,59.2502,57.0716,57.7793,1693714,97861689.24
2026-03-02,STK0050,58.188,58.758,57.0011,57.5649,2253698,129733973.88
2026-03-03,STK0050,57.5658,58.0745,54.9455,55.4353,1982836,109919147.03
2026-03-04,STK0050,56.2134,57.3066,55.2285,56.3198,2228086,125485293.85
2026-03-05,STK0050,56.2039,57.3822,54.7937,55.967,2205042,123409601.63
2026-03-06,STK0050,56.1957,57.4248,53.9016,55.1069,1459075,80405076.42
2026-03-09,STK0050,55.2198,56.4942,54.0924,55.3638,1420020,78617773.28
2026-03-10,STK0050,55.2501,56.3977,54.1082,55.2556,1710254,94501141.09
2026-03-11,STK0050,55.6921,56.8732,54.4936,55.6743,2247049,125102937.34
2026-03-12,STK0050,55.3777,57.1706,54.3836,56.1623,1088326,61122916.64
2026-03-13,STK0050,55.4672,57.6357,54.3868,56.5346,1737255,98214930.99
2026-03-16,STK0050,56.4918,56.8921,54.617,55.0068,1875280,103153153.82
2026-03-17,STK0050,54.9221,56.2411,53.5198,54.8368,1588602,87113801.49
2026-03-18,STK0050,55.1876,57.6388,54.4386,56.867,3014917,171449256.66
2026-03-19,STK0050,56.4422,58.3766,55.9882,57.9107,2768765,160341257.21
2026-03-20,STK0050,58.093,59.0884,57.3695,58.3615,2085411,121707690.52
2026-03-23,STK0050,58.5027,60.0017,57.2779,58.7713,3436905,201991335.4
2026-03-24,STK0050,58.8852,59.9409,57.3333,58.3799,2492302,145500430.88
2026-03-25,STK0050,58.7468,59.0705,58.0036,58.3249,1933813,112789492.51
2026-03-26,STK0050,58.3167,59.0217,57.194,57.8939,1505685,87169994.04
2026-03-27,STK0050,57.912,59.0898,56.7904,57.9671,1558051,90315668.18
2026-03-30,STK0050,58.1239,59.1679,55.9838,57.0077,2010990,114641912.47
2026-03-31,STK0050,56.9728,58.5024,56.6105,58.1327,1536366,89313035.92
2026-04-01,STK0050,57.6626,58.7631,54.2394,55.2948,1030247,56967255.63
2026-04-02,STK0050,55.1587,57.601,54.1923,56.6091,1495676,84668851.12
2026-04-03,STK0050,56.5212,58.1625,56.0905,57.7226,2566812,148162985.05
2026-04-06,STK0050,57.5281,61.3988,57.0061,60.8466,721083,43875471.99
2026-04-07,STK0050,60.7312,61.4385,59.9957,60.7027,2927348,177697909.95
2026-04-08,STK0050,60.7681,61.8313,58.6773,59.7222,2239693,133759414.5
2026-04-09,STK0050,59.6241,61.0481,57.9656,59.3838,1695149,100664431.27
2026-04-10,STK0050,59.6889,62.1928,58.2039,60.683,1997867,121236655.59
2026-04-13,STK0050,61.0005,62.4127,59.9115,61.318,2532807,155306697.8
2026-04-14,STK0050,60.4491,61.1434,59.3244,60.0138,1780807,106872931.67
2026-04-15,STK0050,59.4999,60.7448,59.2872,60.5284,2441076,147754472.85
2026-04-16,STK0050,59.6614,62.1137,58.7283,61.1573,2418999,147939331.76
2026-04-17,STK0050,61.0569,61.8555,58.9073,59.6881,1869561,111590456.11
2026-04-20,STK0050,59.5678,60.6059,56.6845,57.6898,1177373,67922443.33
2026-04-21,STK0050,57.7421,62.0849,56.3457,60.619,1725685,104609233.43
2026-04-22,STK0050,60.9262,61.7946,60.5706,61.436,871762,53557602.88
2026-04-23,STK0050,61.4203,62.7684,60.7739,62.1147,2054056,127586999.35
2026-04-24,STK0050,61.8904,62.9252,60.9465,61.98,1526173,94592137.7
